#
# There is insufficient memory for the Java Runtime Environment to continue.
# Native memory allocation (mmap) failed to map 9076736 bytes for G1 virtual space
# Possible reasons:
#   The system is out of physical RAM or swap space
#   The process is running with CompressedOops enabled, and the Java Heap may be blocking the growth of the native heap
# Possible solutions:
#   Reduce memory load on the system
#   Increase physical memory or swap space
#   Check if swap backing store is full
#   Decrease Java heap size (-Xmx/-Xms)
#   Decrease number of Java threads
#   Decrease Java thread stack sizes (-Xss)
#   Set larger code cache with -XX:ReservedCodeCacheSize=
#   JVM is running with Unscaled Compressed Oops mode in which the Java heap is
#     placed in the first 4GB address space. The Java Heap base address is the
#     maximum limit for the native heap growth. Please use -XX:HeapBaseMinAddress
#     to set the Java Heap base and to place the Java Heap above 4GB virtual address.
# This output file may be truncated or incomplete.
#
#  Out of Memory Error (os_windows.cpp:3548), pid=13836, tid=9116
#
# JRE version: Java(TM) SE Runtime Environment (17.0.12+8) (build 17.0.12+8-LTS-286)
# Java VM: Java HotSpot(TM) 64-Bit Server VM (17.0.12+8-LTS-286, mixed mode, sharing, tiered, compressed oops, compressed class ptrs, g1 gc, windows-amd64)
# No core dump will be written. Minidumps are not enabled by default on client versions of Windows
#

---------------  S U M M A R Y ------------

Command Line: --add-opens=java.base/java.lang=ALL-UNNAMED --add-opens=java.base/java.lang.invoke=ALL-UNNAMED --add-opens=java.base/java.util=ALL-UNNAMED --add-opens=java.prefs/java.util.prefs=ALL-UNNAMED --add-exports=jdk.compiler/com.sun.tools.javac.api=ALL-UNNAMED --add-exports=jdk.compiler/com.sun.tools.javac.util=ALL-UNNAMED --add-opens=java.base/java.util=ALL-UNNAMED --add-opens=java.prefs/java.util.prefs=ALL-UNNAMED --add-opens=java.base/java.nio.charset=ALL-UNNAMED --add-opens=java.base/java.net=ALL-UNNAMED --add-opens=java.base/java.util.concurrent.atomic=ALL-UNNAMED --add-opens=java.xml/javax.xml.namespace=ALL-UNNAMED -Xmx2048m -Dfile.encoding=UTF-8 -Duser.country=IN -Duser.language=en -Duser.variant -javaagent:C:\Users\arnab bandyopadhyay\.gradle\wrapper\dists\gradle-8.11.1-bin\bpt9gzteqjrbo1mjrsomdt32c\gradle-8.11.1\lib\agents\gradle-instrumentation-agent-8.11.1.jar org.gradle.launcher.daemon.bootstrap.GradleDaemon 8.11.1

Host: 11th Gen Intel(R) Core(TM) i3-1125G4 @ 2.00GHz, 8 cores, 7G,  Windows 11 , 64 bit Build 22621 (10.0.22621.5415)
Time: Tue Jul 22 21:40:22 2025 India Standard Time elapsed time: 11597.995768 seconds (0d 3h 13m 17s)

---------------  T H R E A D  ---------------

Current thread (0x000002bdffba9090):  VMThread "VM Thread" [stack: 0x000000c539500000,0x000000c539600000] [id=9116]

Stack: [0x000000c539500000,0x000000c539600000]
Native frames: (J=compiled Java code, j=interpreted, Vv=VM code, C=native code)
V  [jvm.dll+0x67a04a]
V  [jvm.dll+0x7da4ed]
V  [jvm.dll+0x7dbe33]
V  [jvm.dll+0x7dc4a3]
V  [jvm.dll+0x24508f]
V  [jvm.dll+0x677089]
V  [jvm.dll+0x66bd32]
V  [jvm.dll+0x301fa6]
V  [jvm.dll+0x309546]
V  [jvm.dll+0x359d43]
V  [jvm.dll+0x359f5f]
V  [jvm.dll+0x2d9078]
V  [jvm.dll+0x2d74ad]
V  [jvm.dll+0x2d6afc]
V  [jvm.dll+0x31a981]
V  [jvm.dll+0x7e0d9b]
V  [jvm.dll+0x7e1ad4]
V  [jvm.dll+0x7e1fed]
V  [jvm.dll+0x7e23c4]
V  [jvm.dll+0x7e2490]
V  [jvm.dll+0x78abea]
V  [jvm.dll+0x678f35]
C  [ucrtbase.dll+0x29333]
C  [KERNEL32.DLL+0x1259d]
C  [ntdll.dll+0x5af78]

VM_Operation (0x000000c53e1fcac8): G1TryInitiateConcMark, mode: safepoint, requested by thread 0x000002bdcca12480


---------------  P R O C E S S  ---------------

Threads class SMR info:
_java_thread_list=0x000002bdd14c4f30, length=103, elements={
0x000002bde59a79a0, 0x000002bdffbae180, 0x000002bdffbaed40, 0x000002bdffbbb600,
0x000002bdffbbc1c0, 0x000002bdffbbec90, 0x000002bdffbc1a70, 0x000002bdffbc2e20,
0x000002bdffbc38d0, 0x000002bdffbc52e0, 0x000002bdffb98830, 0x000002bdc9177630,
0x000002bdca4dc1c0, 0x000002bdcac1a860, 0x000002bdcadc0e30, 0x000002bdcab46840,
0x000002bdcab46d50, 0x000002bdcab47260, 0x000002bdcab48190, 0x000002bdcc1b7270,
0x000002bdcc1b90d0, 0x000002bdcc1b5410, 0x000002bdcc1b49f0, 0x000002bdcc1b5e30,
0x000002bdcc1b9af0, 0x000002bdcc1b7c90, 0x000002bdcc1b44e0, 0x000002bdcb95c250,
0x000002bdcf959ab0, 0x000002bdcf95c330, 0x000002bdcca0c960, 0x000002bdcb9a2560,
0x000002bdcca0bf40, 0x000002bdd80f1ae0, 0x000002bdcca11a60, 0x000002bdcb9a1630,
0x000002bdcb9a2a70, 0x000002bdcd8ec700, 0x000002bdcd8ef9a0, 0x000002bdcd8ed120,
0x000002bdcd8ed630, 0x000002bdcd8eef80, 0x000002bdcd8ee050, 0x000002bdd80ef260,
0x000002bdd80f0190, 0x000002bdcd8ee560, 0x000002bdcd8eea70, 0x000002bdd9033730,
0x000002bdd9033c40, 0x000002bdd9034150, 0x000002bdd9034660, 0x000002bdd9033220,
0x000002bdd6fe9010, 0x000002bdd6fea960, 0x000002bdd6fec2b0, 0x000002bdd6feb890,
0x000002bdd6fe9520, 0x000002bdd7f65a50, 0x000002bdd7f65f60, 0x000002bdd7f66980,
0x000002bdd6fe9a30, 0x000002bdd6febda0, 0x000002bdcff393a0, 0x000002bdcff398b0,
0x000002bdcff3c640, 0x000002bdcff39dc0, 0x000002bdcff3a7e0, 0x000002bdd90322f0,
0x000002bdcca12480, 0x000002bdcb9a1120, 0x000002bdcb9a0c10, 0x000002bdcca12ea0,
0x000002bdcca12990, 0x000002bdcca0ba30, 0x000002bdcca0dda0, 0x000002bdcca10b30,
0x000002bdd9031de0, 0x000002bdd7f673a0, 0x000002bdd7f66e90, 0x000002bdd86b21f0,
0x000002bdd86b0db0, 0x000002bdd86b12c0, 0x000002bdd9032800, 0x000002bdd9032d10,
0x000002bdd91ab070, 0x000002bdd91aa140, 0x000002bdd91a9c30, 0x000002bdd91aa650,
0x000002bdd91aab60, 0x000002bdd68d89b0, 0x000002bdcff3bc20, 0x000002bdcff3c130,
0x000002bdcff3a2d0, 0x000002bdcff3b710, 0x000002bdcca0ce70, 0x000002bdd80f2a10,
0x000002bdd80ef770, 0x000002bdd80f10c0, 0x000002bdd80f2500, 0x000002bdd08d0300,
0x000002bdd08cfdf0, 0x000002bdd08d0810, 0x000002bdd9f729b0
}

Java Threads: ( => current thread )
  0x000002bde59a79a0 JavaThread "main" [_thread_blocked, id=15268, stack(0x000000c538f00000,0x000000c539000000)]
  0x000002bdffbae180 JavaThread "Reference Handler" daemon [_thread_blocked, id=3784, stack(0x000000c539600000,0x000000c539700000)]
  0x000002bdffbaed40 JavaThread "Finalizer" daemon [_thread_blocked, id=2216, stack(0x000000c539700000,0x000000c539800000)]
  0x000002bdffbbb600 JavaThread "Signal Dispatcher" daemon [_thread_blocked, id=2340, stack(0x000000c539800000,0x000000c539900000)]
  0x000002bdffbbc1c0 JavaThread "Attach Listener" daemon [_thread_blocked, id=9084, stack(0x000000c539900000,0x000000c539a00000)]
  0x000002bdffbbec90 JavaThread "Service Thread" daemon [_thread_blocked, id=8492, stack(0x000000c539a00000,0x000000c539b00000)]
  0x000002bdffbc1a70 JavaThread "Monitor Deflation Thread" daemon [_thread_blocked, id=3128, stack(0x000000c539b00000,0x000000c539c00000)]
  0x000002bdffbc2e20 JavaThread "C2 CompilerThread0" daemon [_thread_blocked, id=3124, stack(0x000000c539c00000,0x000000c539d00000)]
  0x000002bdffbc38d0 JavaThread "C1 CompilerThread0" daemon [_thread_blocked, id=15476, stack(0x000000c539d00000,0x000000c539e00000)]
  0x000002bdffbc52e0 JavaThread "Sweeper thread" daemon [_thread_blocked, id=788, stack(0x000000c539e00000,0x000000c539f00000)]
  0x000002bdffb98830 JavaThread "Common-Cleaner" daemon [_thread_blocked, id=9536, stack(0x000000c539f00000,0x000000c53a000000)]
  0x000002bdc9177630 JavaThread "Notification Thread" daemon [_thread_blocked, id=308, stack(0x000000c53a000000,0x000000c53a100000)]
  0x000002bdca4dc1c0 JavaThread "Daemon health stats" [_thread_blocked, id=9680, stack(0x000000c53a600000,0x000000c53a700000)]
  0x000002bdcac1a860 JavaThread "Incoming local TCP Connector on port 60200" [_thread_in_native, id=3672, stack(0x000000c53a700000,0x000000c53a800000)]
  0x000002bdcadc0e30 JavaThread "Daemon periodic checks" [_thread_blocked, id=13800, stack(0x000000c53a800000,0x000000c53a900000)]
  0x000002bdcab46840 JavaThread "Cache worker for journal cache (C:\Users\arnab bandyopadhyay\.gradle\caches\journal-1)" [_thread_blocked, id=10624, stack(0x000000c53b000000,0x000000c53b100000)]
  0x000002bdcab46d50 JavaThread "File lock request listener" [_thread_in_native, id=6904, stack(0x000000c53b100000,0x000000c53b200000)]
  0x000002bdcab47260 JavaThread "Cache worker for file hash cache (C:\Users\arnab bandyopadhyay\.gradle\caches\8.11.1\fileHashes)" [_thread_blocked, id=1176, stack(0x000000c53b200000,0x000000c53b300000)]
  0x000002bdcab48190 JavaThread "Cache worker for file content cache (C:\Users\arnab bandyopadhyay\.gradle\caches\8.11.1\fileContent)" [_thread_blocked, id=15764, stack(0x000000c53b800000,0x000000c53b900000)]
  0x000002bdcc1b7270 JavaThread "File watcher server" daemon [_thread_blocked, id=14720, stack(0x000000c53bc00000,0x000000c53bd00000)]
  0x000002bdcc1b90d0 JavaThread "File watcher consumer" daemon [_thread_blocked, id=14976, stack(0x000000c53bd00000,0x000000c53be00000)]
  0x000002bdcc1b5410 JavaThread "jar transforms" [_thread_blocked, id=2744, stack(0x000000c53be00000,0x000000c53bf00000)]
  0x000002bdcc1b49f0 JavaThread "jar transforms Thread 2" [_thread_blocked, id=9956, stack(0x000000c53bf00000,0x000000c53c000000)]
  0x000002bdcc1b5e30 JavaThread "jar transforms Thread 3" [_thread_blocked, id=8232, stack(0x000000c53c300000,0x000000c53c400000)]
  0x000002bdcc1b9af0 JavaThread "jar transforms Thread 4" [_thread_blocked, id=7100, stack(0x000000c53c400000,0x000000c53c500000)]
  0x000002bdcc1b7c90 JavaThread "jar transforms Thread 5" [_thread_blocked, id=14760, stack(0x000000c53c500000,0x000000c53c600000)]
  0x000002bdcc1b44e0 JavaThread "jar transforms Thread 6" [_thread_blocked, id=16364, stack(0x000000c53c600000,0x000000c53c700000)]
  0x000002bdcb95c250 JavaThread "Memory manager" [_thread_blocked, id=8580, stack(0x000000c53b700000,0x000000c53b800000)]
  0x000002bdcf959ab0 JavaThread "jar transforms Thread 7" [_thread_blocked, id=3680, stack(0x000000c53c700000,0x000000c53c800000)]
  0x000002bdcf95c330 JavaThread "jar transforms Thread 8" [_thread_blocked, id=13296, stack(0x000000c53c800000,0x000000c53c900000)]
  0x000002bdcca0c960 JavaThread "Cache worker for Java compile cache (C:\Users\arnab bandyopadhyay\.gradle\caches\8.11.1\javaCompile)" [_thread_blocked, id=13252, stack(0x000000c53eb00000,0x000000c53ec00000)]
  0x000002bdcb9a2560 JavaThread "Daemon Thread 18" [_thread_blocked, id=3616, stack(0x000000c538c00000,0x000000c538d00000)]
  0x000002bdcca0bf40 JavaThread "Daemon worker Thread 18" [_thread_blocked, id=16864, stack(0x000000c53a900000,0x000000c53aa00000)]
  0x000002bdd80f1ae0 JavaThread "included builds" [_thread_blocked, id=4204, stack(0x000000c53d500000,0x000000c53d600000)]
  0x000002bdcca11a60 JavaThread "VFS cleanup Thread 19" [_thread_blocked, id=18024, stack(0x000000c53aa00000,0x000000c53ab00000)]
  0x000002bdcb9a1630 JavaThread "Handler for socket connection from /127.0.0.1:60200 to /127.0.0.1:50473" [_thread_in_native, id=20260, stack(0x000000c538d00000,0x000000c538e00000)]
  0x000002bdcb9a2a70 JavaThread "Cancel handler" [_thread_blocked, id=21112, stack(0x000000c538e00000,0x000000c538f00000)]
  0x000002bdcd8ec700 JavaThread "Asynchronous log dispatcher for DefaultDaemonConnection: socket connection from /127.0.0.1:60200 to /127.0.0.1:50473" [_thread_blocked, id=17188, stack(0x000000c53ab00000,0x000000c53ac00000)]
  0x000002bdcd8ef9a0 JavaThread "Stdin handler" [_thread_blocked, id=3476, stack(0x000000c53ac00000,0x000000c53ad00000)]
  0x000002bdcd8ed120 JavaThread "Daemon client event forwarder" [_thread_blocked, id=19036, stack(0x000000c53ad00000,0x000000c53ae00000)]
  0x000002bdcd8ed630 JavaThread "Cache worker for file hash cache (I:\School-Management-App\.gradle\8.11.1\fileHashes)" [_thread_blocked, id=10984, stack(0x000000c53ae00000,0x000000c53af00000)]
  0x000002bdcd8eef80 JavaThread "Cache worker for Build Output Cleanup Cache (I:\School-Management-App\.gradle\buildOutputCleanup)" [_thread_blocked, id=14264, stack(0x000000c53af00000,0x000000c53b000000)]
  0x000002bdcd8ee050 JavaThread "Cache worker for checksums cache (I:\School-Management-App\.gradle\8.11.1\checksums)" [_thread_blocked, id=21316, stack(0x000000c53b600000,0x000000c53b700000)]
  0x000002bdd80ef260 JavaThread "Cache worker for cache directory md-rule (C:\Users\arnab bandyopadhyay\.gradle\caches\8.11.1\md-rule)" [_thread_blocked, id=21376, stack(0x000000c53b900000,0x000000c53ba00000)]
  0x000002bdd80f0190 JavaThread "Cache worker for cache directory md-supplier (C:\Users\arnab bandyopadhyay\.gradle\caches\8.11.1\md-supplier)" [_thread_blocked, id=20360, stack(0x000000c53ba00000,0x000000c53bb00000)]
  0x000002bdcd8ee560 JavaThread "Unconstrained build operations" [_thread_blocked, id=15200, stack(0x000000c53c000000,0x000000c53c100000)]
  0x000002bdcd8eea70 JavaThread "Unconstrained build operations Thread 2" [_thread_blocked, id=9356, stack(0x000000c53c100000,0x000000c53c200000)]
  0x000002bdd9033730 JavaThread "Unconstrained build operations Thread 3" [_thread_blocked, id=1384, stack(0x000000c53ca00000,0x000000c53cb00000)]
  0x000002bdd9033c40 JavaThread "Unconstrained build operations Thread 4" [_thread_blocked, id=21484, stack(0x000000c53cb00000,0x000000c53cc00000)]
  0x000002bdd9034150 JavaThread "Unconstrained build operations Thread 5" [_thread_blocked, id=14648, stack(0x000000c53cc00000,0x000000c53cd00000)]
  0x000002bdd9034660 JavaThread "Unconstrained build operations Thread 6" [_thread_blocked, id=18520, stack(0x000000c53cd00000,0x000000c53ce00000)]
  0x000002bdd9033220 JavaThread "Unconstrained build operations Thread 7" [_thread_blocked, id=332, stack(0x000000c53ce00000,0x000000c53cf00000)]
  0x000002bdd6fe9010 JavaThread "Unconstrained build operations Thread 8" [_thread_blocked, id=15136, stack(0x000000c53cf00000,0x000000c53d000000)]
  0x000002bdd6fea960 JavaThread "Unconstrained build operations Thread 9" [_thread_blocked, id=18048, stack(0x000000c53d000000,0x000000c53d100000)]
  0x000002bdd6fec2b0 JavaThread "Unconstrained build operations Thread 10" [_thread_blocked, id=16680, stack(0x000000c53d100000,0x000000c53d200000)]
  0x000002bdd6feb890 JavaThread "Unconstrained build operations Thread 11" [_thread_blocked, id=16460, stack(0x000000c53d200000,0x000000c53d300000)]
  0x000002bdd6fe9520 JavaThread "Unconstrained build operations Thread 12" [_thread_blocked, id=2980, stack(0x000000c53d300000,0x000000c53d400000)]
  0x000002bdd7f65a50 JavaThread "Unconstrained build operations Thread 13" [_thread_blocked, id=17600, stack(0x000000c53d400000,0x000000c53d500000)]
  0x000002bdd7f65f60 JavaThread "Unconstrained build operations Thread 14" [_thread_blocked, id=1552, stack(0x000000c53d600000,0x000000c53d700000)]
  0x000002bdd7f66980 JavaThread "included builds" [_thread_blocked, id=16400, stack(0x000000c53d800000,0x000000c53d900000)]
  0x000002bdd6fe9a30 JavaThread "Execution worker" [_thread_in_native, id=1516, stack(0x000000c53d900000,0x000000c53da00000)]
  0x000002bdd6febda0 JavaThread "Execution worker Thread 2" [_thread_blocked, id=16888, stack(0x000000c53da00000,0x000000c53db00000)]
  0x000002bdcff393a0 JavaThread "Execution worker Thread 3" [_thread_blocked, id=12912, stack(0x000000c53db00000,0x000000c53dc00000)]
  0x000002bdcff398b0 JavaThread "Execution worker Thread 4" [_thread_blocked, id=20696, stack(0x000000c53dc00000,0x000000c53dd00000)]
  0x000002bdcff3c640 JavaThread "Execution worker Thread 5" [_thread_blocked, id=18652, stack(0x000000c53dd00000,0x000000c53de00000)]
  0x000002bdcff39dc0 JavaThread "Execution worker Thread 6" [_thread_blocked, id=17688, stack(0x000000c53de00000,0x000000c53df00000)]
  0x000002bdcff3a7e0 JavaThread "Execution worker Thread 7" [_thread_blocked, id=10944, stack(0x000000c53df00000,0x000000c53e000000)]
  0x000002bdd90322f0 JavaThread "Cache worker for execution history cache (I:\School-Management-App\.gradle\8.11.1\executionHistory)" [_thread_blocked, id=18624, stack(0x000000c53e000000,0x000000c53e100000)]
  0x000002bdcca12480 JavaThread "WorkerExecutor Queue" [_thread_blocked, id=15496, stack(0x000000c53e100000,0x000000c53e200000)]
  0x000002bdcb9a1120 JavaThread "Unconstrained build operations Thread 15" [_thread_blocked, id=3756, stack(0x000000c53e200000,0x000000c53e300000)]
  0x000002bdcb9a0c10 JavaThread "Unconstrained build operations Thread 16" [_thread_blocked, id=17964, stack(0x000000c53e300000,0x000000c53e400000)]
  0x000002bdcca12ea0 JavaThread "Unconstrained build operations Thread 17" [_thread_blocked, id=16088, stack(0x000000c53e400000,0x000000c53e500000)]
  0x000002bdcca12990 JavaThread "Unconstrained build operations Thread 18" [_thread_blocked, id=21496, stack(0x000000c53e500000,0x000000c53e600000)]
  0x000002bdcca0ba30 JavaThread "Unconstrained build operations Thread 19" [_thread_blocked, id=2052, stack(0x000000c53e600000,0x000000c53e700000)]
  0x000002bdcca0dda0 JavaThread "Unconstrained build operations Thread 20" [_thread_blocked, id=17168, stack(0x000000c53e800000,0x000000c53e900000)]
  0x000002bdcca10b30 JavaThread "Unconstrained build operations Thread 21" [_thread_blocked, id=17428, stack(0x000000c53e900000,0x000000c53ea00000)]
  0x000002bdd9031de0 JavaThread "WorkerExecutor Queue Thread 2" [_thread_blocked, id=7596, stack(0x000000c53ea00000,0x000000c53eb00000)]
  0x000002bdd7f673a0 JavaThread "WorkerExecutor Queue Thread 3" [_thread_blocked, id=19972, stack(0x000000c53ec00000,0x000000c53ed00000)]
  0x000002bdd7f66e90 JavaThread "WorkerExecutor Queue Thread 4" [_thread_blocked, id=21416, stack(0x000000c53ed00000,0x000000c53ee00000)]
  0x000002bdd86b21f0 JavaThread "WorkerExecutor Queue Thread 5" [_thread_blocked, id=18008, stack(0x000000c53ee00000,0x000000c53ef00000)]
  0x000002bdd86b0db0 JavaThread "WorkerExecutor Queue Thread 7" [_thread_blocked, id=17696, stack(0x000000c53f000000,0x000000c53f100000)]
  0x000002bdd86b12c0 JavaThread "WorkerExecutor Queue Thread 8" [_thread_blocked, id=17728, stack(0x000000c53f100000,0x000000c53f200000)]
  0x000002bdd9032800 JavaThread "WorkerExecutor Queue Thread 9" [_thread_blocked, id=14768, stack(0x000000c53f300000,0x000000c53f400000)]
  0x000002bdd9032d10 JavaThread "Unconstrained build operations Thread 22" [_thread_blocked, id=13008, stack(0x000000c53f400000,0x000000c53f500000)]
  0x000002bdd91ab070 JavaThread "Unconstrained build operations Thread 23" [_thread_blocked, id=18196, stack(0x000000c53f500000,0x000000c53f600000)]
  0x000002bdd91aa140 JavaThread "Unconstrained build operations Thread 24" [_thread_blocked, id=7920, stack(0x000000c53f600000,0x000000c53f700000)]
  0x000002bdd91a9c30 JavaThread "Unconstrained build operations Thread 25" [_thread_blocked, id=13932, stack(0x000000c53f700000,0x000000c53f800000)]
  0x000002bdd91aa650 JavaThread "Unconstrained build operations Thread 26" [_thread_blocked, id=18484, stack(0x000000c53f800000,0x000000c53f900000)]
  0x000002bdd91aab60 JavaThread "Unconstrained build operations Thread 27" [_thread_blocked, id=20404, stack(0x000000c53f900000,0x000000c53fa00000)]
  0x000002bdd68d89b0 JavaThread "Unconstrained build operations Thread 28" [_thread_blocked, id=20292, stack(0x000000c53fa00000,0x000000c53fb00000)]
  0x000002bdcff3bc20 JavaThread "Unconstrained build operations Thread 29" [_thread_blocked, id=13972, stack(0x000000c53ef00000,0x000000c53f000000)]
  0x000002bdcff3c130 JavaThread "pool-90-thread-1" [_thread_blocked, id=19252, stack(0x000000c540200000,0x000000c540300000)]
  0x000002bdcff3a2d0 JavaThread "stderr" [_thread_in_native, id=20576, stack(0x000000c540300000,0x000000c540400000)]
  0x000002bdcff3b710 JavaThread "stdout" [_thread_in_native, id=18112, stack(0x000000c540400000,0x000000c540500000)]
  0x000002bdcca0ce70 JavaThread "Problems report writer" [_thread_blocked, id=20764, stack(0x000000c53f200000,0x000000c53f300000)]
  0x000002bdd80f2a10 JavaThread "Build operations" [_thread_blocked, id=7592, stack(0x000000c53fb00000,0x000000c53fc00000)]
  0x000002bdd80ef770 JavaThread "Build operations Thread 2" [_thread_blocked, id=14040, stack(0x000000c53fc00000,0x000000c53fd00000)]
  0x000002bdd80f10c0 JavaThread "Build operations Thread 3" [_thread_blocked, id=16760, stack(0x000000c53fd00000,0x000000c53fe00000)]
  0x000002bdd80f2500 JavaThread "Build operations Thread 4" [_thread_blocked, id=18236, stack(0x000000c53fe00000,0x000000c53ff00000)]
  0x000002bdd08d0300 JavaThread "Build operations Thread 5" [_thread_blocked, id=5416, stack(0x000000c53ff00000,0x000000c540000000)]
  0x000002bdd08cfdf0 JavaThread "Build operations Thread 6" [_thread_blocked, id=18348, stack(0x000000c540000000,0x000000c540100000)]
  0x000002bdd08d0810 JavaThread "Build operations Thread 7" [_thread_blocked, id=21404, stack(0x000000c540100000,0x000000c540200000)]
  0x000002bdd9f729b0 JavaThread "WorkerExecutor Queue Thread 10" [_thread_blocked, id=2988, stack(0x000000c540500000,0x000000c540600000)]

Other Threads:
=>0x000002bdffba9090 VMThread "VM Thread" [stack: 0x000000c539500000,0x000000c539600000] [id=9116]
  0x000002bde59a8820 WatcherThread [stack: 0x000000c53a100000,0x000000c53a200000] [id=11340]
  0x000002bde5a05040 GCTaskThread "GC Thread#0" [stack: 0x000000c539000000,0x000000c539100000] [id=15996]
  0x000002bdc9444100 GCTaskThread "GC Thread#1" [stack: 0x000000c53a200000,0x000000c53a300000] [id=5600]
  0x000002bdc951a390 GCTaskThread "GC Thread#2" [stack: 0x000000c53a300000,0x000000c53a400000] [id=13108]
  0x000002bdc99ba6e0 GCTaskThread "GC Thread#3" [stack: 0x000000c53a400000,0x000000c53a500000] [id=3068]
  0x000002bdc9a71690 GCTaskThread "GC Thread#4" [stack: 0x000000c53a500000,0x000000c53a600000] [id=6628]
  0x000002bdcae9f030 GCTaskThread "GC Thread#5" [stack: 0x000000c53b300000,0x000000c53b400000] [id=13240]
  0x000002bdcae9f2f0 GCTaskThread "GC Thread#6" [stack: 0x000000c53b400000,0x000000c53b500000] [id=16380]
  0x000002bdcb2825b0 GCTaskThread "GC Thread#7" [stack: 0x000000c53b500000,0x000000c53b600000] [id=8432]
  0x000002bde5a15f90 ConcurrentGCThread "G1 Main Marker" [stack: 0x000000c539100000,0x000000c539200000] [id=9848]
  0x000002bde5a169a0 ConcurrentGCThread "G1 Conc#0" [stack: 0x000000c539200000,0x000000c539300000] [id=13540]
  0x000002bdcbab3400 ConcurrentGCThread "G1 Conc#1" [stack: 0x000000c53bb00000,0x000000c53bc00000] [id=1488]
  0x000002bde5a6e2e0 ConcurrentGCThread "G1 Refine#0" [stack: 0x000000c539300000,0x000000c539400000] [id=2276]
  0x000002bdd0b373f0 ConcurrentGCThread "G1 Refine#1" [stack: 0x000000c53d700000,0x000000c53d800000] [id=17996]
  0x000002bdcf0a1fd0 ConcurrentGCThread "G1 Refine#2" [stack: 0x000000c543800000,0x000000c543900000] [id=4736]
  0x000002bdcb203e60 ConcurrentGCThread "G1 Refine#3" [stack: 0x000000c543900000,0x000000c543a00000] [id=8084]
  0x000002bdcf0a22c0 ConcurrentGCThread "G1 Refine#4" [stack: 0x000000c543a00000,0x000000c543b00000] [id=4780]
  0x000002bdcf31b970 ConcurrentGCThread "G1 Refine#5" [stack: 0x000000c53c200000,0x000000c53c300000] [id=12352]
  0x000002bdcd5ffd10 ConcurrentGCThread "G1 Refine#6" [stack: 0x000000c53c900000,0x000000c53ca00000] [id=16440]
  0x000002bdcb183ce0 ConcurrentGCThread "G1 Refine#7" [stack: 0x000000c53e700000,0x000000c53e800000] [id=13084]
  0x000002bdffa640d0 ConcurrentGCThread "G1 Service" [stack: 0x000000c539400000,0x000000c539500000] [id=5036]

Threads with active compile tasks:

VM state: at safepoint (normal execution)

VM Mutex/Monitor currently owned by a thread:  ([mutex/lock_event])
[0x000002bde59a3fe0] Threads_lock - owner thread: 0x000002bdffba9090
[0x000002bde59a4070] Heap_lock - owner thread: 0x000002bdcca12480

Heap address: 0x0000000080000000, size: 2048 MB, Compressed Oops mode: 32-bit

CDS archive(s) mapped at: [0x000002bd84000000-0x000002bd84bd0000-0x000002bd84bd0000), size 12386304, SharedBaseAddress: 0x000002bd84000000, ArchiveRelocationMode: 1.
Compressed class space mapped at: 0x000002bd85000000-0x000002bdc5000000, reserved size: 1073741824
Narrow klass base: 0x000002bd84000000, Narrow klass shift: 0, Narrow klass range: 0x100000000

GC Precious Log:
 CPUs: 8 total, 8 available
 Memory: 7834M
 Large Page Support: Disabled
 NUMA Support: Disabled
 Compressed Oops: Enabled (32-bit)
 Heap Region Size: 1M
 Heap Min Capacity: 8M
 Heap Initial Capacity: 124M
 Heap Max Capacity: 2G
 Pre-touch: Disabled
 Parallel Workers: 8
 Concurrent Workers: 2
 Concurrent Refinement Workers: 8
 Periodic GC: Disabled

Heap:
 garbage-first heap   total 645120K, used 164352K [0x0000000080000000, 0x0000000100000000)
  region size 1024K, 8 young (8192K), 8 survivors (8192K)
 Metaspace       used 162248K, committed 164288K, reserved 1245184K
  class space    used 20884K, committed 21888K, reserved 1048576K

Heap Regions: E=young(eden), S=young(survivor), O=old, HS=humongous(starts), HC=humongous(continues), CS=collection set, F=free, OA=open archive, CA=closed archive, TAMS=top-at-mark-start (previous, next)
|   0|0x0000000080000000, 0x0000000080100000, 0x0000000080100000|100%|HS|  |TAMS 0x0000000080100000, 0x0000000080100000| Complete 
|   1|0x0000000080100000, 0x0000000080200000, 0x0000000080200000|100%|HC|  |TAMS 0x0000000080200000, 0x0000000080200000| Complete 
|   2|0x0000000080200000, 0x0000000080300000, 0x0000000080300000|100%|HC|  |TAMS 0x0000000080300000, 0x0000000080300000| Complete 
|   3|0x0000000080300000, 0x0000000080400000, 0x0000000080400000|100%| O|  |TAMS 0x0000000080400000, 0x0000000080400000| Untracked 
|   4|0x0000000080400000, 0x0000000080500000, 0x0000000080500000|100%| O|  |TAMS 0x0000000080500000, 0x0000000080500000| Untracked 
|   5|0x0000000080500000, 0x0000000080600000, 0x0000000080600000|100%|HS|  |TAMS 0x0000000080600000, 0x0000000080600000| Complete 
|   6|0x0000000080600000, 0x0000000080700000, 0x0000000080700000|100%| O|  |TAMS 0x0000000080700000, 0x0000000080700000| Untracked 
|   7|0x0000000080700000, 0x0000000080800000, 0x0000000080800000|100%| O|  |TAMS 0x0000000080800000, 0x0000000080800000| Untracked 
|   8|0x0000000080800000, 0x0000000080900000, 0x0000000080900000|100%| O|  |TAMS 0x0000000080900000, 0x0000000080900000| Untracked 
|   9|0x0000000080900000, 0x0000000080a00000, 0x0000000080a00000|100%| O|  |TAMS 0x0000000080a00000, 0x0000000080a00000| Untracked 
|  10|0x0000000080a00000, 0x0000000080b00000, 0x0000000080b00000|100%| O|  |TAMS 0x0000000080b00000, 0x0000000080b00000| Untracked 
|  11|0x0000000080b00000, 0x0000000080c00000, 0x0000000080c00000|100%| O|  |TAMS 0x0000000080c00000, 0x0000000080c00000| Untracked 
|  12|0x0000000080c00000, 0x0000000080d00000, 0x0000000080d00000|100%| O|  |TAMS 0x0000000080d00000, 0x0000000080d00000| Untracked 
|  13|0x0000000080d00000, 0x0000000080e00000, 0x0000000080e00000|100%| O|  |TAMS 0x0000000080e00000, 0x0000000080e00000| Untracked 
|  14|0x0000000080e00000, 0x0000000080f00000, 0x0000000080f00000|100%| O|  |TAMS 0x0000000080f00000, 0x0000000080f00000| Untracked 
|  15|0x0000000080f00000, 0x0000000081000000, 0x0000000081000000|100%| O|  |TAMS 0x0000000081000000, 0x0000000081000000| Untracked 
|  16|0x0000000081000000, 0x0000000081100000, 0x0000000081100000|100%| O|  |TAMS 0x0000000081100000, 0x0000000081100000| Untracked 
|  17|0x0000000081100000, 0x0000000081200000, 0x0000000081200000|100%| O|  |TAMS 0x0000000081200000, 0x0000000081200000| Untracked 
|  18|0x0000000081200000, 0x0000000081300000, 0x0000000081300000|100%| O|  |TAMS 0x0000000081300000, 0x0000000081300000| Untracked 
|  19|0x0000000081300000, 0x0000000081400000, 0x0000000081400000|100%| O|  |TAMS 0x0000000081400000, 0x0000000081400000| Untracked 
|  20|0x0000000081400000, 0x0000000081500000, 0x0000000081500000|100%| O|  |TAMS 0x0000000081500000, 0x0000000081500000| Untracked 
|  21|0x0000000081500000, 0x0000000081600000, 0x0000000081600000|100%| O|  |TAMS 0x0000000081600000, 0x0000000081600000| Untracked 
|  22|0x0000000081600000, 0x0000000081700000, 0x0000000081700000|100%| O|  |TAMS 0x0000000081700000, 0x0000000081700000| Untracked 
|  23|0x0000000081700000, 0x0000000081700000, 0x0000000081800000|  0%| F|  |TAMS 0x0000000081700000, 0x0000000081700000| Untracked 
|  24|0x0000000081800000, 0x0000000081900000, 0x0000000081900000|100%| O|  |TAMS 0x0000000081900000, 0x0000000081900000| Untracked 
|  25|0x0000000081900000, 0x0000000081a00000, 0x0000000081a00000|100%| O|  |TAMS 0x0000000081a00000, 0x0000000081a00000| Untracked 
|  26|0x0000000081a00000, 0x0000000081b00000, 0x0000000081b00000|100%| O|  |TAMS 0x0000000081b00000, 0x0000000081b00000| Untracked 
|  27|0x0000000081b00000, 0x0000000081c00000, 0x0000000081c00000|100%| O|  |TAMS 0x0000000081c00000, 0x0000000081c00000| Untracked 
|  28|0x0000000081c00000, 0x0000000081d00000, 0x0000000081d00000|100%| O|  |TAMS 0x0000000081d00000, 0x0000000081d00000| Untracked 
|  29|0x0000000081d00000, 0x0000000081e00000, 0x0000000081e00000|100%| O|  |TAMS 0x0000000081e00000, 0x0000000081e00000| Untracked 
|  30|0x0000000081e00000, 0x0000000081f00000, 0x0000000081f00000|100%| O|  |TAMS 0x0000000081f00000, 0x0000000081f00000| Untracked 
|  31|0x0000000081f00000, 0x0000000082000000, 0x0000000082000000|100%| O|  |TAMS 0x0000000082000000, 0x0000000082000000| Untracked 
|  32|0x0000000082000000, 0x0000000082100000, 0x0000000082100000|100%| O|  |TAMS 0x0000000082100000, 0x0000000082100000| Untracked 
|  33|0x0000000082100000, 0x0000000082200000, 0x0000000082200000|100%| O|  |TAMS 0x0000000082200000, 0x0000000082200000| Untracked 
|  34|0x0000000082200000, 0x0000000082300000, 0x0000000082300000|100%| O|  |TAMS 0x0000000082300000, 0x0000000082300000| Untracked 
|  35|0x0000000082300000, 0x0000000082400000, 0x0000000082400000|100%| O|  |TAMS 0x0000000082400000, 0x0000000082400000| Untracked 
|  36|0x0000000082400000, 0x0000000082500000, 0x0000000082500000|100%| O|  |TAMS 0x0000000082500000, 0x0000000082500000| Untracked 
|  37|0x0000000082500000, 0x0000000082600000, 0x0000000082600000|100%| O|  |TAMS 0x0000000082600000, 0x0000000082600000| Untracked 
|  38|0x0000000082600000, 0x0000000082700000, 0x0000000082700000|100%| O|  |TAMS 0x0000000082700000, 0x0000000082700000| Untracked 
|  39|0x0000000082700000, 0x0000000082800000, 0x0000000082800000|100%| O|  |TAMS 0x0000000082800000, 0x0000000082800000| Untracked 
|  40|0x0000000082800000, 0x0000000082900000, 0x0000000082900000|100%| O|  |TAMS 0x0000000082900000, 0x0000000082900000| Untracked 
|  41|0x0000000082900000, 0x0000000082a00000, 0x0000000082a00000|100%| O|  |TAMS 0x0000000082a00000, 0x0000000082a00000| Untracked 
|  42|0x0000000082a00000, 0x0000000082b00000, 0x0000000082b00000|100%| O|  |TAMS 0x0000000082b00000, 0x0000000082b00000| Untracked 
|  43|0x0000000082b00000, 0x0000000082c00000, 0x0000000082c00000|100%| O|  |TAMS 0x0000000082c00000, 0x0000000082c00000| Untracked 
|  44|0x0000000082c00000, 0x0000000082d00000, 0x0000000082d00000|100%| O|  |TAMS 0x0000000082d00000, 0x0000000082d00000| Untracked 
|  45|0x0000000082d00000, 0x0000000082e00000, 0x0000000082e00000|100%|HS|  |TAMS 0x0000000082e00000, 0x0000000082e00000| Complete 
|  46|0x0000000082e00000, 0x0000000082f00000, 0x0000000082f00000|100%| O|  |TAMS 0x0000000082f00000, 0x0000000082f00000| Untracked 
|  47|0x0000000082f00000, 0x0000000083000000, 0x0000000083000000|100%|HS|  |TAMS 0x0000000083000000, 0x0000000083000000| Complete 
|  48|0x0000000083000000, 0x0000000083100000, 0x0000000083100000|100%|HS|  |TAMS 0x0000000083100000, 0x0000000083100000| Complete 
|  49|0x0000000083100000, 0x0000000083200000, 0x0000000083200000|100%|HS|  |TAMS 0x0000000083200000, 0x0000000083200000| Complete 
|  50|0x0000000083200000, 0x0000000083300000, 0x0000000083300000|100%| O|  |TAMS 0x0000000083300000, 0x0000000083300000| Untracked 
|  51|0x0000000083300000, 0x0000000083400000, 0x0000000083400000|100%| O|  |TAMS 0x0000000083400000, 0x0000000083400000| Untracked 
|  52|0x0000000083400000, 0x0000000083500000, 0x0000000083500000|100%| O|  |TAMS 0x0000000083400000, 0x0000000083500000| Untracked 
|  53|0x0000000083500000, 0x0000000083600000, 0x0000000083600000|100%| O|  |TAMS 0x0000000083600000, 0x0000000083600000| Untracked 
|  54|0x0000000083600000, 0x0000000083700000, 0x0000000083700000|100%|HS|  |TAMS 0x0000000083700000, 0x0000000083700000| Complete 
|  55|0x0000000083700000, 0x0000000083800000, 0x0000000083800000|100%| O|  |TAMS 0x0000000083800000, 0x0000000083800000| Untracked 
|  56|0x0000000083800000, 0x0000000083900000, 0x0000000083900000|100%| O|  |TAMS 0x0000000083900000, 0x0000000083900000| Untracked 
|  57|0x0000000083900000, 0x0000000083a00000, 0x0000000083a00000|100%|HS|  |TAMS 0x0000000083a00000, 0x0000000083a00000| Complete 
|  58|0x0000000083a00000, 0x0000000083b00000, 0x0000000083b00000|100%|HS|  |TAMS 0x0000000083a00000, 0x0000000083b00000| Complete 
|  59|0x0000000083b00000, 0x0000000083c00000, 0x0000000083c00000|100%| O|  |TAMS 0x0000000083c00000, 0x0000000083c00000| Untracked 
|  60|0x0000000083c00000, 0x0000000083d00000, 0x0000000083d00000|100%| O|  |TAMS 0x0000000083c00000, 0x0000000083d00000| Untracked 
|  61|0x0000000083d00000, 0x0000000083e00000, 0x0000000083e00000|100%| O|  |TAMS 0x0000000083d00000, 0x0000000083e00000| Untracked 
|  62|0x0000000083e00000, 0x0000000083f00000, 0x0000000083f00000|100%| O|  |TAMS 0x0000000083f00000, 0x0000000083f00000| Untracked 
|  63|0x0000000083f00000, 0x0000000084000000, 0x0000000084000000|100%|HS|  |TAMS 0x0000000084000000, 0x0000000084000000| Complete 
|  64|0x0000000084000000, 0x0000000084100000, 0x0000000084100000|100%| O|  |TAMS 0x0000000084100000, 0x0000000084100000| Untracked 
|  65|0x0000000084100000, 0x0000000084200000, 0x0000000084200000|100%| O|  |TAMS 0x0000000084200000, 0x0000000084200000| Untracked 
|  66|0x0000000084200000, 0x0000000084300000, 0x0000000084300000|100%| O|  |TAMS 0x0000000084300000, 0x0000000084300000| Untracked 
|  67|0x0000000084300000, 0x0000000084400000, 0x0000000084400000|100%| O|  |TAMS 0x0000000084300000, 0x0000000084400000| Untracked 
|  68|0x0000000084400000, 0x0000000084500000, 0x0000000084500000|100%| O|  |TAMS 0x0000000084500000, 0x0000000084500000| Untracked 
|  69|0x0000000084500000, 0x0000000084600000, 0x0000000084600000|100%| O|  |TAMS 0x0000000084600000, 0x0000000084600000| Untracked 
|  70|0x0000000084600000, 0x0000000084700000, 0x0000000084700000|100%| O|  |TAMS 0x0000000084700000, 0x0000000084700000| Untracked 
|  71|0x0000000084700000, 0x0000000084800000, 0x0000000084800000|100%| O|  |TAMS 0x0000000084800000, 0x0000000084800000| Untracked 
|  72|0x0000000084800000, 0x0000000084900000, 0x0000000084900000|100%| O|  |TAMS 0x0000000084800000, 0x0000000084900000| Untracked 
|  73|0x0000000084900000, 0x0000000084a00000, 0x0000000084a00000|100%|HS|  |TAMS 0x0000000084a00000, 0x0000000084a00000| Complete 
|  74|0x0000000084a00000, 0x0000000084a00000, 0x0000000084b00000|  0%| F|  |TAMS 0x0000000084a00000, 0x0000000084a00000| Untracked 
|  75|0x0000000084b00000, 0x0000000084c00000, 0x0000000084c00000|100%| O|  |TAMS 0x0000000084c00000, 0x0000000084c00000| Untracked 
|  76|0x0000000084c00000, 0x0000000084d00000, 0x0000000084d00000|100%| O|  |TAMS 0x0000000084d00000, 0x0000000084d00000| Untracked 
|  77|0x0000000084d00000, 0x0000000084e00000, 0x0000000084e00000|100%| O|  |TAMS 0x0000000084d00000, 0x0000000084e00000| Untracked 
|  78|0x0000000084e00000, 0x0000000084f00000, 0x0000000084f00000|100%| O|  |TAMS 0x0000000084e00000, 0x0000000084f00000| Untracked 
|  79|0x0000000084f00000, 0x0000000085000000, 0x0000000085000000|100%| O|  |TAMS 0x0000000085000000, 0x0000000085000000| Untracked 
|  80|0x0000000085000000, 0x0000000085100000, 0x0000000085100000|100%| O|  |TAMS 0x0000000085000000, 0x0000000085100000| Untracked 
|  81|0x0000000085100000, 0x0000000085200000, 0x0000000085200000|100%| O|  |TAMS 0x0000000085100000, 0x0000000085200000| Untracked 
|  82|0x0000000085200000, 0x0000000085300000, 0x0000000085300000|100%| O|  |TAMS 0x0000000085300000, 0x0000000085300000| Untracked 
|  83|0x0000000085300000, 0x0000000085400000, 0x0000000085400000|100%| O|  |TAMS 0x0000000085400000, 0x0000000085400000| Untracked 
|  84|0x0000000085400000, 0x0000000085500000, 0x0000000085500000|100%| O|  |TAMS 0x0000000085500000, 0x0000000085500000| Untracked 
|  85|0x0000000085500000, 0x0000000085600000, 0x0000000085600000|100%| O|  |TAMS 0x0000000085500000, 0x0000000085600000| Untracked 
|  86|0x0000000085600000, 0x0000000085700000, 0x0000000085700000|100%| O|  |TAMS 0x0000000085700000, 0x0000000085700000| Untracked 
|  87|0x0000000085700000, 0x0000000085700000, 0x0000000085800000|  0%| F|  |TAMS 0x0000000085700000, 0x0000000085700000| Untracked 
|  88|0x0000000085800000, 0x0000000085900000, 0x0000000085900000|100%| O|  |TAMS 0x0000000085900000, 0x0000000085900000| Untracked 
|  89|0x0000000085900000, 0x0000000085a00000, 0x0000000085a00000|100%| O|  |TAMS 0x0000000085a00000, 0x0000000085a00000| Untracked 
|  90|0x0000000085a00000, 0x0000000085b00000, 0x0000000085b00000|100%| O|  |TAMS 0x0000000085b00000, 0x0000000085b00000| Untracked 
|  91|0x0000000085b00000, 0x0000000085c00000, 0x0000000085c00000|100%| O|  |TAMS 0x0000000085c00000, 0x0000000085c00000| Untracked 
|  92|0x0000000085c00000, 0x0000000085d00000, 0x0000000085d00000|100%| O|  |TAMS 0x0000000085d00000, 0x0000000085d00000| Untracked 
|  93|0x0000000085d00000, 0x0000000085d00000, 0x0000000085e00000|  0%| F|  |TAMS 0x0000000085d00000, 0x0000000085d00000| Untracked 
|  94|0x0000000085e00000, 0x0000000085f00000, 0x0000000085f00000|100%| O|  |TAMS 0x0000000085e00000, 0x0000000085f00000| Untracked 
|  95|0x0000000085f00000, 0x0000000086000000, 0x0000000086000000|100%| O|  |TAMS 0x0000000085f00000, 0x0000000086000000| Untracked 
|  96|0x0000000086000000, 0x0000000086100000, 0x0000000086100000|100%| O|  |TAMS 0x0000000086100000, 0x0000000086100000| Untracked 
|  97|0x0000000086100000, 0x0000000086200000, 0x0000000086200000|100%| O|  |TAMS 0x0000000086200000, 0x0000000086200000| Untracked 
|  98|0x0000000086200000, 0x0000000086300000, 0x0000000086300000|100%| O|  |TAMS 0x0000000086300000, 0x0000000086300000| Untracked 
|  99|0x0000000086300000, 0x0000000086400000, 0x0000000086400000|100%| O|  |TAMS 0x0000000086400000, 0x0000000086400000| Untracked 
| 100|0x0000000086400000, 0x0000000086500000, 0x0000000086500000|100%| O|  |TAMS 0x0000000086500000, 0x0000000086500000| Untracked 
| 101|0x0000000086500000, 0x0000000086600000, 0x0000000086600000|100%| O|  |TAMS 0x0000000086600000, 0x0000000086600000| Untracked 
| 102|0x0000000086600000, 0x0000000086700000, 0x0000000086700000|100%| O|  |TAMS 0x0000000086700000, 0x0000000086700000| Untracked 
| 103|0x0000000086700000, 0x0000000086800000, 0x0000000086800000|100%| O|  |TAMS 0x0000000086700000, 0x0000000086800000| Untracked 
| 104|0x0000000086800000, 0x0000000086900000, 0x0000000086900000|100%| O|  |TAMS 0x0000000086900000, 0x0000000086900000| Untracked 
| 105|0x0000000086900000, 0x0000000086a00000, 0x0000000086a00000|100%| O|  |TAMS 0x0000000086a00000, 0x0000000086a00000| Untracked 
| 106|0x0000000086a00000, 0x0000000086b00000, 0x0000000086b00000|100%| O|  |TAMS 0x0000000086a00000, 0x0000000086b00000| Untracked 
| 107|0x0000000086b00000, 0x0000000086c00000, 0x0000000086c00000|100%| O|  |TAMS 0x0000000086b00000, 0x0000000086c00000| Untracked 
| 108|0x0000000086c00000, 0x0000000086d00000, 0x0000000086d00000|100%| O|  |TAMS 0x0000000086d00000, 0x0000000086d00000| Untracked 
| 109|0x0000000086d00000, 0x0000000086e00000, 0x0000000086e00000|100%| O|  |TAMS 0x0000000086e00000, 0x0000000086e00000| Untracked 
| 110|0x0000000086e00000, 0x0000000086f00000, 0x0000000086f00000|100%| O|  |TAMS 0x0000000086f00000, 0x0000000086f00000| Untracked 
| 111|0x0000000086f00000, 0x0000000087000000, 0x0000000087000000|100%| O|  |TAMS 0x0000000087000000, 0x0000000087000000| Untracked 
| 112|0x0000000087000000, 0x0000000087100000, 0x0000000087100000|100%| O|  |TAMS 0x0000000087100000, 0x0000000087100000| Untracked 
| 113|0x0000000087100000, 0x0000000087200000, 0x0000000087200000|100%| O|  |TAMS 0x0000000087100000, 0x0000000087200000| Untracked 
| 114|0x0000000087200000, 0x0000000087300000, 0x0000000087300000|100%| O|  |TAMS 0x0000000087300000, 0x0000000087300000| Untracked 
| 115|0x0000000087300000, 0x0000000087400000, 0x0000000087400000|100%| O|  |TAMS 0x0000000087300000, 0x0000000087400000| Untracked 
| 116|0x0000000087400000, 0x00000000874fec00, 0x0000000087500000| 99%| O|  |TAMS 0x0000000087400000, 0x00000000874fec00| Untracked 
| 117|0x0000000087500000, 0x0000000087500000, 0x0000000087600000|  0%| F|  |TAMS 0x0000000087500000, 0x0000000087500000| Untracked 
| 118|0x0000000087600000, 0x0000000087600000, 0x0000000087700000|  0%| F|  |TAMS 0x0000000087600000, 0x0000000087600000| Untracked 
| 119|0x0000000087700000, 0x0000000087700000, 0x0000000087800000|  0%| F|  |TAMS 0x0000000087700000, 0x0000000087700000| Untracked 
| 120|0x0000000087800000, 0x0000000087800000, 0x0000000087900000|  0%| F|  |TAMS 0x0000000087800000, 0x0000000087800000| Untracked 
| 121|0x0000000087900000, 0x0000000087900000, 0x0000000087a00000|  0%| F|  |TAMS 0x0000000087900000, 0x0000000087900000| Untracked 
| 122|0x0000000087a00000, 0x0000000087a00000, 0x0000000087b00000|  0%| F|  |TAMS 0x0000000087a00000, 0x0000000087a00000| Untracked 
| 123|0x0000000087b00000, 0x0000000087b00000, 0x0000000087c00000|  0%| F|  |TAMS 0x0000000087b00000, 0x0000000087b00000| Untracked 
| 124|0x0000000087c00000, 0x0000000087c00000, 0x0000000087d00000|  0%| F|  |TAMS 0x0000000087c00000, 0x0000000087c00000| Untracked 
| 125|0x0000000087d00000, 0x0000000087e00000, 0x0000000087e00000|100%| O|  |TAMS 0x0000000087e00000, 0x0000000087e00000| Untracked 
| 126|0x0000000087e00000, 0x0000000087e00000, 0x0000000087f00000|  0%| F|  |TAMS 0x0000000087e00000, 0x0000000087e00000| Untracked 
| 127|0x0000000087f00000, 0x0000000088000000, 0x0000000088000000|100%| O|  |TAMS 0x0000000088000000, 0x0000000088000000| Untracked 
| 128|0x0000000088000000, 0x0000000088000000, 0x0000000088100000|  0%| F|  |TAMS 0x0000000088000000, 0x0000000088000000| Untracked 
| 129|0x0000000088100000, 0x0000000088100000, 0x0000000088200000|  0%| F|  |TAMS 0x0000000088100000, 0x0000000088100000| Untracked 
| 130|0x0000000088200000, 0x0000000088300000, 0x0000000088300000|100%| O|  |TAMS 0x0000000088300000, 0x0000000088300000| Untracked 
| 131|0x0000000088300000, 0x0000000088400000, 0x0000000088400000|100%| O|  |TAMS 0x0000000088400000, 0x0000000088400000| Untracked 
| 132|0x0000000088400000, 0x0000000088400000, 0x0000000088500000|  0%| F|  |TAMS 0x0000000088400000, 0x0000000088400000| Untracked 
| 133|0x0000000088500000, 0x0000000088500000, 0x0000000088600000|  0%| F|  |TAMS 0x0000000088500000, 0x0000000088500000| Untracked 
| 134|0x0000000088600000, 0x0000000088600000, 0x0000000088700000|  0%| F|  |TAMS 0x0000000088600000, 0x0000000088600000| Untracked 
| 135|0x0000000088700000, 0x0000000088700000, 0x0000000088800000|  0%| F|  |TAMS 0x0000000088700000, 0x0000000088700000| Untracked 
| 136|0x0000000088800000, 0x0000000088800000, 0x0000000088900000|  0%| F|  |TAMS 0x0000000088800000, 0x0000000088800000| Untracked 
| 137|0x0000000088900000, 0x0000000088900000, 0x0000000088a00000|  0%| F|  |TAMS 0x0000000088900000, 0x0000000088900000| Untracked 
| 138|0x0000000088a00000, 0x0000000088a00000, 0x0000000088b00000|  0%| F|  |TAMS 0x0000000088a00000, 0x0000000088a00000| Untracked 
| 139|0x0000000088b00000, 0x0000000088b00000, 0x0000000088c00000|  0%| F|  |TAMS 0x0000000088b00000, 0x0000000088b00000| Untracked 
| 140|0x0000000088c00000, 0x0000000088d00000, 0x0000000088d00000|100%|HS|  |TAMS 0x0000000088d00000, 0x0000000088d00000| Complete 
| 141|0x0000000088d00000, 0x0000000088e00000, 0x0000000088e00000|100%|HC|  |TAMS 0x0000000088e00000, 0x0000000088e00000| Complete 
| 142|0x0000000088e00000, 0x0000000088e00000, 0x0000000088f00000|  0%| F|  |TAMS 0x0000000088e00000, 0x0000000088e00000| Untracked 
| 143|0x0000000088f00000, 0x0000000089000000, 0x0000000089000000|100%| O|  |TAMS 0x0000000089000000, 0x0000000089000000| Untracked 
| 144|0x0000000089000000, 0x0000000089000000, 0x0000000089100000|  0%| F|  |TAMS 0x0000000089000000, 0x0000000089000000| Untracked 
| 145|0x0000000089100000, 0x0000000089200000, 0x0000000089200000|100%| O|  |TAMS 0x0000000089200000, 0x0000000089200000| Untracked 
| 146|0x0000000089200000, 0x0000000089300000, 0x0000000089300000|100%| O|  |TAMS 0x0000000089300000, 0x0000000089300000| Untracked 
| 147|0x0000000089300000, 0x0000000089300000, 0x0000000089400000|  0%| F|  |TAMS 0x0000000089300000, 0x0000000089300000| Untracked 
| 148|0x0000000089400000, 0x0000000089500000, 0x0000000089500000|100%| O|  |TAMS 0x0000000089500000, 0x0000000089500000| Untracked 
| 149|0x0000000089500000, 0x0000000089500000, 0x0000000089600000|  0%| F|  |TAMS 0x0000000089500000, 0x0000000089500000| Untracked 
| 150|0x0000000089600000, 0x0000000089700000, 0x0000000089700000|100%| O|  |TAMS 0x0000000089700000, 0x0000000089700000| Untracked 
| 151|0x0000000089700000, 0x0000000089700000, 0x0000000089800000|  0%| F|  |TAMS 0x0000000089700000, 0x0000000089700000| Untracked 
| 152|0x0000000089800000, 0x0000000089800000, 0x0000000089900000|  0%| F|  |TAMS 0x0000000089800000, 0x0000000089800000| Untracked 
| 153|0x0000000089900000, 0x0000000089900000, 0x0000000089a00000|  0%| F|  |TAMS 0x0000000089900000, 0x0000000089900000| Untracked 
| 154|0x0000000089a00000, 0x0000000089a00000, 0x0000000089b00000|  0%| F|  |TAMS 0x0000000089a00000, 0x0000000089a00000| Untracked 
| 155|0x0000000089b00000, 0x0000000089c00000, 0x0000000089c00000|100%| O|  |TAMS 0x0000000089c00000, 0x0000000089c00000| Untracked 
| 156|0x0000000089c00000, 0x0000000089d00000, 0x0000000089d00000|100%| O|  |TAMS 0x0000000089d00000, 0x0000000089d00000| Untracked 
| 157|0x0000000089d00000, 0x0000000089d00000, 0x0000000089e00000|  0%| F|  |TAMS 0x0000000089d00000, 0x0000000089d00000| Untracked 
| 158|0x0000000089e00000, 0x0000000089e00000, 0x0000000089f00000|  0%| F|  |TAMS 0x0000000089e00000, 0x0000000089e00000| Untracked 
| 159|0x0000000089f00000, 0x000000008a000000, 0x000000008a000000|100%| O|  |TAMS 0x000000008a000000, 0x000000008a000000| Untracked 
| 160|0x000000008a000000, 0x000000008a100000, 0x000000008a100000|100%| O|  |TAMS 0x000000008a100000, 0x000000008a100000| Untracked 
| 161|0x000000008a100000, 0x000000008a100000, 0x000000008a200000|  0%| F|  |TAMS 0x000000008a100000, 0x000000008a100000| Untracked 
| 162|0x000000008a200000, 0x000000008a300000, 0x000000008a300000|100%| O|  |TAMS 0x000000008a300000, 0x000000008a300000| Untracked 
| 163|0x000000008a300000, 0x000000008a300000, 0x000000008a400000|  0%| F|  |TAMS 0x000000008a300000, 0x000000008a300000| Untracked 
| 164|0x000000008a400000, 0x000000008a400000, 0x000000008a500000|  0%| F|  |TAMS 0x000000008a400000, 0x000000008a400000| Untracked 
| 165|0x000000008a500000, 0x000000008a500000, 0x000000008a600000|  0%| F|  |TAMS 0x000000008a500000, 0x000000008a500000| Untracked 
| 166|0x000000008a600000, 0x000000008a700000, 0x000000008a700000|100%| O|  |TAMS 0x000000008a700000, 0x000000008a700000| Untracked 
| 167|0x000000008a700000, 0x000000008a700000, 0x000000008a800000|  0%| F|  |TAMS 0x000000008a700000, 0x000000008a700000| Untracked 
| 168|0x000000008a800000, 0x000000008a800000, 0x000000008a900000|  0%| F|  |TAMS 0x000000008a800000, 0x000000008a800000| Untracked 
| 169|0x000000008a900000, 0x000000008a900000, 0x000000008aa00000|  0%| F|  |TAMS 0x000000008a900000, 0x000000008a900000| Untracked 
| 170|0x000000008aa00000, 0x000000008aa00000, 0x000000008ab00000|  0%| F|  |TAMS 0x000000008aa00000, 0x000000008aa00000| Untracked 
| 171|0x000000008ab00000, 0x000000008ab00000, 0x000000008ac00000|  0%| F|  |TAMS 0x000000008ab00000, 0x000000008ab00000| Untracked 
| 172|0x000000008ac00000, 0x000000008ad00000, 0x000000008ad00000|100%| O|  |TAMS 0x000000008ad00000, 0x000000008ad00000| Untracked 
| 173|0x000000008ad00000, 0x000000008ad00000, 0x000000008ae00000|  0%| F|  |TAMS 0x000000008ad00000, 0x000000008ad00000| Untracked 
| 174|0x000000008ae00000, 0x000000008ae00000, 0x000000008af00000|  0%| F|  |TAMS 0x000000008ae00000, 0x000000008ae00000| Untracked 
| 175|0x000000008af00000, 0x000000008af00000, 0x000000008b000000|  0%| F|  |TAMS 0x000000008af00000, 0x000000008af00000| Untracked 
| 176|0x000000008b000000, 0x000000008b000000, 0x000000008b100000|  0%| F|  |TAMS 0x000000008b000000, 0x000000008b000000| Untracked 
| 177|0x000000008b100000, 0x000000008b100000, 0x000000008b200000|  0%| F|  |TAMS 0x000000008b100000, 0x000000008b100000| Untracked 
| 178|0x000000008b200000, 0x000000008b200000, 0x000000008b300000|  0%| F|  |TAMS 0x000000008b200000, 0x000000008b200000| Untracked 
| 179|0x000000008b300000, 0x000000008b300000, 0x000000008b400000|  0%| F|  |TAMS 0x000000008b300000, 0x000000008b300000| Untracked 
| 180|0x000000008b400000, 0x000000008b400000, 0x000000008b500000|  0%| F|  |TAMS 0x000000008b400000, 0x000000008b400000| Untracked 
| 181|0x000000008b500000, 0x000000008b600000, 0x000000008b600000|100%| O|  |TAMS 0x000000008b600000, 0x000000008b600000| Untracked 
| 182|0x000000008b600000, 0x000000008b600000, 0x000000008b700000|  0%| F|  |TAMS 0x000000008b600000, 0x000000008b600000| Untracked 
| 183|0x000000008b700000, 0x000000008b700000, 0x000000008b800000|  0%| F|  |TAMS 0x000000008b700000, 0x000000008b700000| Untracked 
| 184|0x000000008b800000, 0x000000008b800000, 0x000000008b900000|  0%| F|  |TAMS 0x000000008b800000, 0x000000008b800000| Untracked 
| 185|0x000000008b900000, 0x000000008ba00000, 0x000000008ba00000|100%| O|  |TAMS 0x000000008ba00000, 0x000000008ba00000| Untracked 
| 186|0x000000008ba00000, 0x000000008bb00000, 0x000000008bb00000|100%| O|  |TAMS 0x000000008bb00000, 0x000000008bb00000| Untracked 
| 187|0x000000008bb00000, 0x000000008bc00000, 0x000000008bc00000|100%| O|  |TAMS 0x000000008bc00000, 0x000000008bc00000| Untracked 
| 188|0x000000008bc00000, 0x000000008bd00000, 0x000000008bd00000|100%| O|  |TAMS 0x000000008bd00000, 0x000000008bd00000| Untracked 
| 189|0x000000008bd00000, 0x000000008be00000, 0x000000008be00000|100%| O|  |TAMS 0x000000008be00000, 0x000000008be00000| Untracked 
| 190|0x000000008be00000, 0x000000008bf00000, 0x000000008bf00000|100%| O|  |TAMS 0x000000008bf00000, 0x000000008bf00000| Untracked 
| 191|0x000000008bf00000, 0x000000008c000000, 0x000000008c000000|100%| O|  |TAMS 0x000000008c000000, 0x000000008c000000| Untracked 
| 192|0x000000008c000000, 0x000000008c100000, 0x000000008c100000|100%| O|  |TAMS 0x000000008c100000, 0x000000008c100000| Untracked 
| 193|0x000000008c100000, 0x000000008c100000, 0x000000008c200000|  0%| F|  |TAMS 0x000000008c100000, 0x000000008c100000| Untracked 
| 194|0x000000008c200000, 0x000000008c200000, 0x000000008c300000|  0%| F|  |TAMS 0x000000008c200000, 0x000000008c200000| Untracked 
| 195|0x000000008c300000, 0x000000008c400000, 0x000000008c400000|100%| O|  |TAMS 0x000000008c400000, 0x000000008c400000| Untracked 
| 196|0x000000008c400000, 0x000000008c400000, 0x000000008c500000|  0%| F|  |TAMS 0x000000008c400000, 0x000000008c400000| Untracked 
| 197|0x000000008c500000, 0x000000008c600000, 0x000000008c600000|100%| O|  |TAMS 0x000000008c600000, 0x000000008c600000| Untracked 
| 198|0x000000008c600000, 0x000000008c600000, 0x000000008c700000|  0%| F|  |TAMS 0x000000008c600000, 0x000000008c600000| Untracked 
| 199|0x000000008c700000, 0x000000008c800000, 0x000000008c800000|100%| O|  |TAMS 0x000000008c800000, 0x000000008c800000| Untracked 
| 200|0x000000008c800000, 0x000000008c800000, 0x000000008c900000|  0%| F|  |TAMS 0x000000008c800000, 0x000000008c800000| Untracked 
| 201|0x000000008c900000, 0x000000008ca00000, 0x000000008ca00000|100%| O|  |TAMS 0x000000008ca00000, 0x000000008ca00000| Untracked 
| 202|0x000000008ca00000, 0x000000008ca00000, 0x000000008cb00000|  0%| F|  |TAMS 0x000000008ca00000, 0x000000008ca00000| Untracked 
| 203|0x000000008cb00000, 0x000000008cb00000, 0x000000008cc00000|  0%| F|  |TAMS 0x000000008cb00000, 0x000000008cb00000| Untracked 
| 204|0x000000008cc00000, 0x000000008cd00000, 0x000000008cd00000|100%| O|  |TAMS 0x000000008cd00000, 0x000000008cd00000| Untracked 
| 205|0x000000008cd00000, 0x000000008ce00000, 0x000000008ce00000|100%| O|  |TAMS 0x000000008ce00000, 0x000000008ce00000| Untracked 
| 206|0x000000008ce00000, 0x000000008cf00000, 0x000000008cf00000|100%| O|  |TAMS 0x000000008cf00000, 0x000000008cf00000| Untracked 
| 207|0x000000008cf00000, 0x000000008cf00000, 0x000000008d000000|  0%| F|  |TAMS 0x000000008cf00000, 0x000000008cf00000| Untracked 
| 208|0x000000008d000000, 0x000000008d000000, 0x000000008d100000|  0%| F|  |TAMS 0x000000008d000000, 0x000000008d000000| Untracked 
| 209|0x000000008d100000, 0x000000008d200000, 0x000000008d200000|100%| O|  |TAMS 0x000000008d200000, 0x000000008d200000| Untracked 
| 210|0x000000008d200000, 0x000000008d300000, 0x000000008d300000|100%| O|  |TAMS 0x000000008d300000, 0x000000008d300000| Untracked 
| 211|0x000000008d300000, 0x000000008d400000, 0x000000008d400000|100%| O|  |TAMS 0x000000008d400000, 0x000000008d400000| Untracked 
| 212|0x000000008d400000, 0x000000008d500000, 0x000000008d500000|100%| O|  |TAMS 0x000000008d445800, 0x000000008d500000| Untracked 
| 213|0x000000008d500000, 0x000000008d500000, 0x000000008d600000|  0%| F|  |TAMS 0x000000008d500000, 0x000000008d500000| Untracked 
| 214|0x000000008d600000, 0x000000008d600000, 0x000000008d700000|  0%| F|  |TAMS 0x000000008d600000, 0x000000008d600000| Untracked 
| 215|0x000000008d700000, 0x000000008d700000, 0x000000008d800000|  0%| F|  |TAMS 0x000000008d700000, 0x000000008d700000| Untracked 
| 216|0x000000008d800000, 0x000000008d800000, 0x000000008d900000|  0%| F|  |TAMS 0x000000008d800000, 0x000000008d800000| Untracked 
| 217|0x000000008d900000, 0x000000008d900000, 0x000000008da00000|  0%| F|  |TAMS 0x000000008d900000, 0x000000008d900000| Untracked 
| 218|0x000000008da00000, 0x000000008da00000, 0x000000008db00000|  0%| F|  |TAMS 0x000000008da00000, 0x000000008da00000| Untracked 
| 219|0x000000008db00000, 0x000000008db00000, 0x000000008dc00000|  0%| F|  |TAMS 0x000000008db00000, 0x000000008db00000| Untracked 
| 220|0x000000008dc00000, 0x000000008dc00000, 0x000000008dd00000|  0%| F|  |TAMS 0x000000008dc00000, 0x000000008dc00000| Untracked 
| 221|0x000000008dd00000, 0x000000008dd00000, 0x000000008de00000|  0%| F|  |TAMS 0x000000008dd00000, 0x000000008dd00000| Untracked 
| 222|0x000000008de00000, 0x000000008de00000, 0x000000008df00000|  0%| F|  |TAMS 0x000000008de00000, 0x000000008de00000| Untracked 
| 223|0x000000008df00000, 0x000000008df00000, 0x000000008e000000|  0%| F|  |TAMS 0x000000008df00000, 0x000000008df00000| Untracked 
| 224|0x000000008e000000, 0x000000008e000000, 0x000000008e100000|  0%| F|  |TAMS 0x000000008e000000, 0x000000008e000000| Untracked 
| 225|0x000000008e100000, 0x000000008e100000, 0x000000008e200000|  0%| F|  |TAMS 0x000000008e100000, 0x000000008e100000| Untracked 
| 226|0x000000008e200000, 0x000000008e200000, 0x000000008e300000|  0%| F|  |TAMS 0x000000008e200000, 0x000000008e200000| Untracked 
| 227|0x000000008e300000, 0x000000008e300000, 0x000000008e400000|  0%| F|  |TAMS 0x000000008e300000, 0x000000008e300000| Untracked 
| 228|0x000000008e400000, 0x000000008e400000, 0x000000008e500000|  0%| F|  |TAMS 0x000000008e400000, 0x000000008e400000| Untracked 
| 229|0x000000008e500000, 0x000000008e500000, 0x000000008e600000|  0%| F|  |TAMS 0x000000008e500000, 0x000000008e500000| Untracked 
| 230|0x000000008e600000, 0x000000008e600000, 0x000000008e700000|  0%| F|  |TAMS 0x000000008e600000, 0x000000008e600000| Untracked 
| 231|0x000000008e700000, 0x000000008e700000, 0x000000008e800000|  0%| F|  |TAMS 0x000000008e700000, 0x000000008e700000| Untracked 
| 232|0x000000008e800000, 0x000000008e800000, 0x000000008e900000|  0%| F|  |TAMS 0x000000008e800000, 0x000000008e800000| Untracked 
| 233|0x000000008e900000, 0x000000008e900000, 0x000000008ea00000|  0%| F|  |TAMS 0x000000008e900000, 0x000000008e900000| Untracked 
| 234|0x000000008ea00000, 0x000000008ea00000, 0x000000008eb00000|  0%| F|  |TAMS 0x000000008ea00000, 0x000000008ea00000| Untracked 
| 235|0x000000008eb00000, 0x000000008eb00000, 0x000000008ec00000|  0%| F|  |TAMS 0x000000008eb00000, 0x000000008eb00000| Untracked 
| 236|0x000000008ec00000, 0x000000008ec00000, 0x000000008ed00000|  0%| F|  |TAMS 0x000000008ec00000, 0x000000008ec00000| Untracked 
| 237|0x000000008ed00000, 0x000000008ed00000, 0x000000008ee00000|  0%| F|  |TAMS 0x000000008ed00000, 0x000000008ed00000| Untracked 
| 238|0x000000008ee00000, 0x000000008ee00000, 0x000000008ef00000|  0%| F|  |TAMS 0x000000008ee00000, 0x000000008ee00000| Untracked 
| 239|0x000000008ef00000, 0x000000008ef00000, 0x000000008f000000|  0%| F|  |TAMS 0x000000008ef00000, 0x000000008ef00000| Untracked 
| 240|0x000000008f000000, 0x000000008f000000, 0x000000008f100000|  0%| F|  |TAMS 0x000000008f000000, 0x000000008f000000| Untracked 
| 241|0x000000008f100000, 0x000000008f100000, 0x000000008f200000|  0%| F|  |TAMS 0x000000008f100000, 0x000000008f100000| Untracked 
| 242|0x000000008f200000, 0x000000008f200000, 0x000000008f300000|  0%| F|  |TAMS 0x000000008f200000, 0x000000008f200000| Untracked 
| 243|0x000000008f300000, 0x000000008f300000, 0x000000008f400000|  0%| F|  |TAMS 0x000000008f300000, 0x000000008f300000| Untracked 
| 244|0x000000008f400000, 0x000000008f400000, 0x000000008f500000|  0%| F|  |TAMS 0x000000008f400000, 0x000000008f400000| Untracked 
| 245|0x000000008f500000, 0x000000008f500000, 0x000000008f600000|  0%| F|  |TAMS 0x000000008f500000, 0x000000008f500000| Untracked 
| 246|0x000000008f600000, 0x000000008f600000, 0x000000008f700000|  0%| F|  |TAMS 0x000000008f600000, 0x000000008f600000| Untracked 
| 247|0x000000008f700000, 0x000000008f700000, 0x000000008f800000|  0%| F|  |TAMS 0x000000008f700000, 0x000000008f700000| Untracked 
| 248|0x000000008f800000, 0x000000008f800000, 0x000000008f900000|  0%| F|  |TAMS 0x000000008f800000, 0x000000008f800000| Untracked 
| 249|0x000000008f900000, 0x000000008f900000, 0x000000008fa00000|  0%| F|  |TAMS 0x000000008f900000, 0x000000008f900000| Untracked 
| 250|0x000000008fa00000, 0x000000008fa00000, 0x000000008fb00000|  0%| F|  |TAMS 0x000000008fa00000, 0x000000008fa00000| Untracked 
| 251|0x000000008fb00000, 0x000000008fb00000, 0x000000008fc00000|  0%| F|  |TAMS 0x000000008fb00000, 0x000000008fb00000| Untracked 
| 252|0x000000008fc00000, 0x000000008fc00000, 0x000000008fd00000|  0%| F|  |TAMS 0x000000008fc00000, 0x000000008fc00000| Untracked 
| 253|0x000000008fd00000, 0x000000008fd00000, 0x000000008fe00000|  0%| F|  |TAMS 0x000000008fd00000, 0x000000008fd00000| Untracked 
| 254|0x000000008fe00000, 0x000000008fe00000, 0x000000008ff00000|  0%| F|  |TAMS 0x000000008fe00000, 0x000000008fe00000| Untracked 
| 255|0x000000008ff00000, 0x000000008ff00000, 0x0000000090000000|  0%| F|  |TAMS 0x000000008ff00000, 0x000000008ff00000| Untracked 
| 256|0x0000000090000000, 0x0000000090000000, 0x0000000090100000|  0%| F|  |TAMS 0x0000000090000000, 0x0000000090000000| Untracked 
| 257|0x0000000090100000, 0x0000000090100000, 0x0000000090200000|  0%| F|  |TAMS 0x0000000090100000, 0x0000000090100000| Untracked 
| 258|0x0000000090200000, 0x0000000090200000, 0x0000000090300000|  0%| F|  |TAMS 0x0000000090200000, 0x0000000090200000| Untracked 
| 259|0x0000000090300000, 0x0000000090300000, 0x0000000090400000|  0%| F|  |TAMS 0x0000000090300000, 0x0000000090300000| Untracked 
| 260|0x0000000090400000, 0x0000000090400000, 0x0000000090500000|  0%| F|  |TAMS 0x0000000090400000, 0x0000000090400000| Untracked 
| 261|0x0000000090500000, 0x0000000090500000, 0x0000000090600000|  0%| F|  |TAMS 0x0000000090500000, 0x0000000090500000| Untracked 
| 262|0x0000000090600000, 0x0000000090600000, 0x0000000090700000|  0%| F|  |TAMS 0x0000000090600000, 0x0000000090600000| Untracked 
| 263|0x0000000090700000, 0x0000000090700000, 0x0000000090800000|  0%| F|  |TAMS 0x0000000090700000, 0x0000000090700000| Untracked 
| 264|0x0000000090800000, 0x0000000090800000, 0x0000000090900000|  0%| F|  |TAMS 0x0000000090800000, 0x0000000090800000| Untracked 
| 265|0x0000000090900000, 0x0000000090900000, 0x0000000090a00000|  0%| F|  |TAMS 0x0000000090900000, 0x0000000090900000| Untracked 
| 266|0x0000000090a00000, 0x0000000090a00000, 0x0000000090b00000|  0%| F|  |TAMS 0x0000000090a00000, 0x0000000090a00000| Untracked 
| 267|0x0000000090b00000, 0x0000000090b00000, 0x0000000090c00000|  0%| F|  |TAMS 0x0000000090b00000, 0x0000000090b00000| Untracked 
| 268|0x0000000090c00000, 0x0000000090c00000, 0x0000000090d00000|  0%| F|  |TAMS 0x0000000090c00000, 0x0000000090c00000| Untracked 
| 269|0x0000000090d00000, 0x0000000090d00000, 0x0000000090e00000|  0%| F|  |TAMS 0x0000000090d00000, 0x0000000090d00000| Untracked 
| 270|0x0000000090e00000, 0x0000000090e00000, 0x0000000090f00000|  0%| F|  |TAMS 0x0000000090e00000, 0x0000000090e00000| Untracked 
| 271|0x0000000090f00000, 0x0000000090f00000, 0x0000000091000000|  0%| F|  |TAMS 0x0000000090f00000, 0x0000000090f00000| Untracked 
| 272|0x0000000091000000, 0x0000000091000000, 0x0000000091100000|  0%| F|  |TAMS 0x0000000091000000, 0x0000000091000000| Untracked 
| 273|0x0000000091100000, 0x0000000091100000, 0x0000000091200000|  0%| F|  |TAMS 0x0000000091100000, 0x0000000091100000| Untracked 
| 274|0x0000000091200000, 0x0000000091200000, 0x0000000091300000|  0%| F|  |TAMS 0x0000000091200000, 0x0000000091200000| Untracked 
| 275|0x0000000091300000, 0x0000000091300000, 0x0000000091400000|  0%| F|  |TAMS 0x0000000091300000, 0x0000000091300000| Untracked 
| 276|0x0000000091400000, 0x0000000091400000, 0x0000000091500000|  0%| F|  |TAMS 0x0000000091400000, 0x0000000091400000| Untracked 
| 277|0x0000000091500000, 0x0000000091500000, 0x0000000091600000|  0%| F|  |TAMS 0x0000000091500000, 0x0000000091500000| Untracked 
| 278|0x0000000091600000, 0x0000000091600000, 0x0000000091700000|  0%| F|  |TAMS 0x0000000091600000, 0x0000000091600000| Untracked 
| 279|0x0000000091700000, 0x0000000091700000, 0x0000000091800000|  0%| F|  |TAMS 0x0000000091700000, 0x0000000091700000| Untracked 
| 280|0x0000000091800000, 0x0000000091800000, 0x0000000091900000|  0%| F|  |TAMS 0x0000000091800000, 0x0000000091800000| Untracked 
| 281|0x0000000091900000, 0x0000000091900000, 0x0000000091a00000|  0%| F|  |TAMS 0x0000000091900000, 0x0000000091900000| Untracked 
| 282|0x0000000091a00000, 0x0000000091a00000, 0x0000000091b00000|  0%| F|  |TAMS 0x0000000091a00000, 0x0000000091a00000| Untracked 
| 283|0x0000000091b00000, 0x0000000091b00000, 0x0000000091c00000|  0%| F|  |TAMS 0x0000000091b00000, 0x0000000091b00000| Untracked 
| 284|0x0000000091c00000, 0x0000000091c00000, 0x0000000091d00000|  0%| F|  |TAMS 0x0000000091c00000, 0x0000000091c00000| Untracked 
| 285|0x0000000091d00000, 0x0000000091d00000, 0x0000000091e00000|  0%| F|  |TAMS 0x0000000091d00000, 0x0000000091d00000| Untracked 
| 286|0x0000000091e00000, 0x0000000091e00000, 0x0000000091f00000|  0%| F|  |TAMS 0x0000000091e00000, 0x0000000091e00000| Untracked 
| 287|0x0000000091f00000, 0x0000000091f00000, 0x0000000092000000|  0%| F|  |TAMS 0x0000000091f00000, 0x0000000091f00000| Untracked 
| 288|0x0000000092000000, 0x0000000092000000, 0x0000000092100000|  0%| F|  |TAMS 0x0000000092000000, 0x0000000092000000| Untracked 
| 289|0x0000000092100000, 0x0000000092200000, 0x0000000092200000|100%| O|  |TAMS 0x0000000092200000, 0x0000000092200000| Untracked 
| 290|0x0000000092200000, 0x0000000092200000, 0x0000000092300000|  0%| F|  |TAMS 0x0000000092200000, 0x0000000092200000| Untracked 
| 291|0x0000000092300000, 0x0000000092300000, 0x0000000092400000|  0%| F|  |TAMS 0x0000000092300000, 0x0000000092300000| Untracked 
| 292|0x0000000092400000, 0x0000000092400000, 0x0000000092500000|  0%| F|  |TAMS 0x0000000092400000, 0x0000000092400000| Untracked 
| 293|0x0000000092500000, 0x0000000092500000, 0x0000000092600000|  0%| F|  |TAMS 0x0000000092500000, 0x0000000092500000| Untracked 
| 294|0x0000000092600000, 0x0000000092600000, 0x0000000092700000|  0%| F|  |TAMS 0x0000000092600000, 0x0000000092600000| Untracked 
| 295|0x0000000092700000, 0x0000000092700000, 0x0000000092800000|  0%| F|  |TAMS 0x0000000092700000, 0x0000000092700000| Untracked 
| 296|0x0000000092800000, 0x0000000092800000, 0x0000000092900000|  0%| F|  |TAMS 0x0000000092800000, 0x0000000092800000| Untracked 
| 297|0x0000000092900000, 0x0000000092900000, 0x0000000092a00000|  0%| F|  |TAMS 0x0000000092900000, 0x0000000092900000| Untracked 
| 298|0x0000000092a00000, 0x0000000092b00000, 0x0000000092b00000|100%| O|  |TAMS 0x0000000092b00000, 0x0000000092b00000| Untracked 
| 299|0x0000000092b00000, 0x0000000092b00000, 0x0000000092c00000|  0%| F|  |TAMS 0x0000000092b00000, 0x0000000092b00000| Untracked 
| 300|0x0000000092c00000, 0x0000000092c00000, 0x0000000092d00000|  0%| F|  |TAMS 0x0000000092c00000, 0x0000000092c00000| Untracked 
| 301|0x0000000092d00000, 0x0000000092d00000, 0x0000000092e00000|  0%| F|  |TAMS 0x0000000092d00000, 0x0000000092d00000| Untracked 
| 302|0x0000000092e00000, 0x0000000092e00000, 0x0000000092f00000|  0%| F|  |TAMS 0x0000000092e00000, 0x0000000092e00000| Untracked 
| 303|0x0000000092f00000, 0x0000000092f00000, 0x0000000093000000|  0%| F|  |TAMS 0x0000000092f00000, 0x0000000092f00000| Untracked 
| 304|0x0000000093000000, 0x0000000093000000, 0x0000000093100000|  0%| F|  |TAMS 0x0000000093000000, 0x0000000093000000| Untracked 
| 305|0x0000000093100000, 0x0000000093100000, 0x0000000093200000|  0%| F|  |TAMS 0x0000000093100000, 0x0000000093100000| Untracked 
| 306|0x0000000093200000, 0x0000000093200000, 0x0000000093300000|  0%| F|  |TAMS 0x0000000093200000, 0x0000000093200000| Untracked 
| 307|0x0000000093300000, 0x0000000093300000, 0x0000000093400000|  0%| F|  |TAMS 0x0000000093300000, 0x0000000093300000| Untracked 
| 308|0x0000000093400000, 0x0000000093400000, 0x0000000093500000|  0%| F|  |TAMS 0x0000000093400000, 0x0000000093400000| Untracked 
| 309|0x0000000093500000, 0x0000000093500000, 0x0000000093600000|  0%| F|  |TAMS 0x0000000093500000, 0x0000000093500000| Untracked 
| 310|0x0000000093600000, 0x0000000093600000, 0x0000000093700000|  0%| F|  |TAMS 0x0000000093600000, 0x0000000093600000| Untracked 
| 311|0x0000000093700000, 0x0000000093700000, 0x0000000093800000|  0%| F|  |TAMS 0x0000000093700000, 0x0000000093700000| Untracked 
| 312|0x0000000093800000, 0x0000000093800000, 0x0000000093900000|  0%| F|  |TAMS 0x0000000093800000, 0x0000000093800000| Untracked 
| 313|0x0000000093900000, 0x0000000093900000, 0x0000000093a00000|  0%| F|  |TAMS 0x0000000093900000, 0x0000000093900000| Untracked 
| 314|0x0000000093a00000, 0x0000000093a00000, 0x0000000093b00000|  0%| F|  |TAMS 0x0000000093a00000, 0x0000000093a00000| Untracked 
| 315|0x0000000093b00000, 0x0000000093b00000, 0x0000000093c00000|  0%| F|  |TAMS 0x0000000093b00000, 0x0000000093b00000| Untracked 
| 316|0x0000000093c00000, 0x0000000093c00000, 0x0000000093d00000|  0%| F|  |TAMS 0x0000000093c00000, 0x0000000093c00000| Untracked 
| 317|0x0000000093d00000, 0x0000000093d00000, 0x0000000093e00000|  0%| F|  |TAMS 0x0000000093d00000, 0x0000000093d00000| Untracked 
| 318|0x0000000093e00000, 0x0000000093e00000, 0x0000000093f00000|  0%| F|  |TAMS 0x0000000093e00000, 0x0000000093e00000| Untracked 
| 319|0x0000000093f00000, 0x0000000093f00000, 0x0000000094000000|  0%| F|  |TAMS 0x0000000093f00000, 0x0000000093f00000| Untracked 
| 320|0x0000000094000000, 0x0000000094000000, 0x0000000094100000|  0%| F|  |TAMS 0x0000000094000000, 0x0000000094000000| Untracked 
| 321|0x0000000094100000, 0x0000000094100000, 0x0000000094200000|  0%| F|  |TAMS 0x0000000094100000, 0x0000000094100000| Untracked 
| 322|0x0000000094200000, 0x0000000094200000, 0x0000000094300000|  0%| F|  |TAMS 0x0000000094200000, 0x0000000094200000| Untracked 
| 323|0x0000000094300000, 0x0000000094300000, 0x0000000094400000|  0%| F|  |TAMS 0x0000000094300000, 0x0000000094300000| Untracked 
| 324|0x0000000094400000, 0x0000000094400000, 0x0000000094500000|  0%| F|  |TAMS 0x0000000094400000, 0x0000000094400000| Untracked 
| 325|0x0000000094500000, 0x0000000094500000, 0x0000000094600000|  0%| F|  |TAMS 0x0000000094500000, 0x0000000094500000| Untracked 
| 326|0x0000000094600000, 0x0000000094600000, 0x0000000094700000|  0%| F|  |TAMS 0x0000000094600000, 0x0000000094600000| Untracked 
| 327|0x0000000094700000, 0x0000000094700000, 0x0000000094800000|  0%| F|  |TAMS 0x0000000094700000, 0x0000000094700000| Untracked 
| 328|0x0000000094800000, 0x0000000094800000, 0x0000000094900000|  0%| F|  |TAMS 0x0000000094800000, 0x0000000094800000| Untracked 
| 329|0x0000000094900000, 0x0000000094900000, 0x0000000094a00000|  0%| F|  |TAMS 0x0000000094900000, 0x0000000094900000| Untracked 
| 330|0x0000000094a00000, 0x0000000094a00000, 0x0000000094b00000|  0%| F|  |TAMS 0x0000000094a00000, 0x0000000094a00000| Untracked 
| 331|0x0000000094b00000, 0x0000000094b00000, 0x0000000094c00000|  0%| F|  |TAMS 0x0000000094b00000, 0x0000000094b00000| Untracked 
| 332|0x0000000094c00000, 0x0000000094c00000, 0x0000000094d00000|  0%| F|  |TAMS 0x0000000094c00000, 0x0000000094c00000| Untracked 
| 333|0x0000000094d00000, 0x0000000094d00000, 0x0000000094e00000|  0%| F|  |TAMS 0x0000000094d00000, 0x0000000094d00000| Untracked 
| 334|0x0000000094e00000, 0x0000000094e00000, 0x0000000094f00000|  0%| F|  |TAMS 0x0000000094e00000, 0x0000000094e00000| Untracked 
| 335|0x0000000094f00000, 0x0000000094f00000, 0x0000000095000000|  0%| F|  |TAMS 0x0000000094f00000, 0x0000000094f00000| Untracked 
| 336|0x0000000095000000, 0x0000000095000000, 0x0000000095100000|  0%| F|  |TAMS 0x0000000095000000, 0x0000000095000000| Untracked 
| 337|0x0000000095100000, 0x0000000095100000, 0x0000000095200000|  0%| F|  |TAMS 0x0000000095100000, 0x0000000095100000| Untracked 
| 338|0x0000000095200000, 0x0000000095200000, 0x0000000095300000|  0%| F|  |TAMS 0x0000000095200000, 0x0000000095200000| Untracked 
| 339|0x0000000095300000, 0x0000000095300000, 0x0000000095400000|  0%| F|  |TAMS 0x0000000095300000, 0x0000000095300000| Untracked 
| 340|0x0000000095400000, 0x0000000095400000, 0x0000000095500000|  0%| F|  |TAMS 0x0000000095400000, 0x0000000095400000| Untracked 
| 341|0x0000000095500000, 0x0000000095500000, 0x0000000095600000|  0%| F|  |TAMS 0x0000000095500000, 0x0000000095500000| Untracked 
| 342|0x0000000095600000, 0x0000000095600000, 0x0000000095700000|  0%| F|  |TAMS 0x0000000095600000, 0x0000000095600000| Untracked 
| 343|0x0000000095700000, 0x0000000095700000, 0x0000000095800000|  0%| F|  |TAMS 0x0000000095700000, 0x0000000095700000| Untracked 
| 344|0x0000000095800000, 0x0000000095800000, 0x0000000095900000|  0%| F|  |TAMS 0x0000000095800000, 0x0000000095800000| Untracked 
| 345|0x0000000095900000, 0x0000000095900000, 0x0000000095a00000|  0%| F|  |TAMS 0x0000000095900000, 0x0000000095900000| Untracked 
| 346|0x0000000095a00000, 0x0000000095a00000, 0x0000000095b00000|  0%| F|  |TAMS 0x0000000095a00000, 0x0000000095a00000| Untracked 
| 347|0x0000000095b00000, 0x0000000095b00000, 0x0000000095c00000|  0%| F|  |TAMS 0x0000000095b00000, 0x0000000095b00000| Untracked 
| 348|0x0000000095c00000, 0x0000000095c00000, 0x0000000095d00000|  0%| F|  |TAMS 0x0000000095c00000, 0x0000000095c00000| Untracked 
| 349|0x0000000095d00000, 0x0000000095d00000, 0x0000000095e00000|  0%| F|  |TAMS 0x0000000095d00000, 0x0000000095d00000| Untracked 
| 350|0x0000000095e00000, 0x0000000095e00000, 0x0000000095f00000|  0%| F|  |TAMS 0x0000000095e00000, 0x0000000095e00000| Untracked 
| 351|0x0000000095f00000, 0x0000000095f00000, 0x0000000096000000|  0%| F|  |TAMS 0x0000000095f00000, 0x0000000095f00000| Untracked 
| 352|0x0000000096000000, 0x0000000096000000, 0x0000000096100000|  0%| F|  |TAMS 0x0000000096000000, 0x0000000096000000| Untracked 
| 353|0x0000000096100000, 0x0000000096100000, 0x0000000096200000|  0%| F|  |TAMS 0x0000000096100000, 0x0000000096100000| Untracked 
| 354|0x0000000096200000, 0x0000000096200000, 0x0000000096300000|  0%| F|  |TAMS 0x0000000096200000, 0x0000000096200000| Untracked 
| 355|0x0000000096300000, 0x0000000096300000, 0x0000000096400000|  0%| F|  |TAMS 0x0000000096300000, 0x0000000096300000| Untracked 
| 356|0x0000000096400000, 0x0000000096400000, 0x0000000096500000|  0%| F|  |TAMS 0x0000000096400000, 0x0000000096400000| Untracked 
| 357|0x0000000096500000, 0x0000000096500000, 0x0000000096600000|  0%| F|  |TAMS 0x0000000096500000, 0x0000000096500000| Untracked 
| 358|0x0000000096600000, 0x0000000096600000, 0x0000000096700000|  0%| F|  |TAMS 0x0000000096600000, 0x0000000096600000| Untracked 
| 359|0x0000000096700000, 0x0000000096700000, 0x0000000096800000|  0%| F|  |TAMS 0x0000000096700000, 0x0000000096700000| Untracked 
| 360|0x0000000096800000, 0x0000000096800000, 0x0000000096900000|  0%| F|  |TAMS 0x0000000096800000, 0x0000000096800000| Untracked 
| 361|0x0000000096900000, 0x0000000096900000, 0x0000000096a00000|  0%| F|  |TAMS 0x0000000096900000, 0x0000000096900000| Untracked 
| 362|0x0000000096a00000, 0x0000000096a00000, 0x0000000096b00000|  0%| F|  |TAMS 0x0000000096a00000, 0x0000000096a00000| Untracked 
| 363|0x0000000096b00000, 0x0000000096b00000, 0x0000000096c00000|  0%| F|  |TAMS 0x0000000096b00000, 0x0000000096b00000| Untracked 
| 364|0x0000000096c00000, 0x0000000096c00000, 0x0000000096d00000|  0%| F|  |TAMS 0x0000000096c00000, 0x0000000096c00000| Untracked 
| 365|0x0000000096d00000, 0x0000000096d00000, 0x0000000096e00000|  0%| F|  |TAMS 0x0000000096d00000, 0x0000000096d00000| Untracked 
| 366|0x0000000096e00000, 0x0000000096e00000, 0x0000000096f00000|  0%| F|  |TAMS 0x0000000096e00000, 0x0000000096e00000| Untracked 
| 367|0x0000000096f00000, 0x0000000096f00000, 0x0000000097000000|  0%| F|  |TAMS 0x0000000096f00000, 0x0000000096f00000| Untracked 
| 368|0x0000000097000000, 0x0000000097000000, 0x0000000097100000|  0%| F|  |TAMS 0x0000000097000000, 0x0000000097000000| Untracked 
| 369|0x0000000097100000, 0x0000000097100000, 0x0000000097200000|  0%| F|  |TAMS 0x0000000097100000, 0x0000000097100000| Untracked 
| 370|0x0000000097200000, 0x0000000097200000, 0x0000000097300000|  0%| F|  |TAMS 0x0000000097200000, 0x0000000097200000| Untracked 
| 371|0x0000000097300000, 0x0000000097300000, 0x0000000097400000|  0%| F|  |TAMS 0x0000000097300000, 0x0000000097300000| Untracked 
| 372|0x0000000097400000, 0x0000000097400000, 0x0000000097500000|  0%| F|  |TAMS 0x0000000097400000, 0x0000000097400000| Untracked 
| 373|0x0000000097500000, 0x0000000097500000, 0x0000000097600000|  0%| F|  |TAMS 0x0000000097500000, 0x0000000097500000| Untracked 
| 374|0x0000000097600000, 0x0000000097600000, 0x0000000097700000|  0%| F|  |TAMS 0x0000000097600000, 0x0000000097600000| Untracked 
| 375|0x0000000097700000, 0x0000000097700000, 0x0000000097800000|  0%| F|  |TAMS 0x0000000097700000, 0x0000000097700000| Untracked 
| 376|0x0000000097800000, 0x0000000097800000, 0x0000000097900000|  0%| F|  |TAMS 0x0000000097800000, 0x0000000097800000| Untracked 
| 377|0x0000000097900000, 0x0000000097900000, 0x0000000097a00000|  0%| F|  |TAMS 0x0000000097900000, 0x0000000097900000| Untracked 
| 378|0x0000000097a00000, 0x0000000097a00000, 0x0000000097b00000|  0%| F|  |TAMS 0x0000000097a00000, 0x0000000097a00000| Untracked 
| 379|0x0000000097b00000, 0x0000000097b00000, 0x0000000097c00000|  0%| F|  |TAMS 0x0000000097b00000, 0x0000000097b00000| Untracked 
| 380|0x0000000097c00000, 0x0000000097c00000, 0x0000000097d00000|  0%| F|  |TAMS 0x0000000097c00000, 0x0000000097c00000| Untracked 
| 381|0x0000000097d00000, 0x0000000097d00000, 0x0000000097e00000|  0%| F|  |TAMS 0x0000000097d00000, 0x0000000097d00000| Untracked 
| 382|0x0000000097e00000, 0x0000000097e00000, 0x0000000097f00000|  0%| F|  |TAMS 0x0000000097e00000, 0x0000000097e00000| Untracked 
| 383|0x0000000097f00000, 0x0000000097f00000, 0x0000000098000000|  0%| F|  |TAMS 0x0000000097f00000, 0x0000000097f00000| Untracked 
| 384|0x0000000098000000, 0x0000000098000000, 0x0000000098100000|  0%| F|  |TAMS 0x0000000098000000, 0x0000000098000000| Untracked 
| 385|0x0000000098100000, 0x0000000098100000, 0x0000000098200000|  0%| F|  |TAMS 0x0000000098100000, 0x0000000098100000| Untracked 
| 386|0x0000000098200000, 0x0000000098200000, 0x0000000098300000|  0%| F|  |TAMS 0x0000000098200000, 0x0000000098200000| Untracked 
| 387|0x0000000098300000, 0x0000000098300000, 0x0000000098400000|  0%| F|  |TAMS 0x0000000098300000, 0x0000000098300000| Untracked 
| 388|0x0000000098400000, 0x0000000098400000, 0x0000000098500000|  0%| F|  |TAMS 0x0000000098400000, 0x0000000098400000| Untracked 
| 389|0x0000000098500000, 0x0000000098500000, 0x0000000098600000|  0%| F|  |TAMS 0x0000000098500000, 0x0000000098500000| Untracked 
| 390|0x0000000098600000, 0x0000000098600000, 0x0000000098700000|  0%| F|  |TAMS 0x0000000098600000, 0x0000000098600000| Untracked 
| 391|0x0000000098700000, 0x0000000098700000, 0x0000000098800000|  0%| F|  |TAMS 0x0000000098700000, 0x0000000098700000| Untracked 
| 392|0x0000000098800000, 0x0000000098800000, 0x0000000098900000|  0%| F|  |TAMS 0x0000000098800000, 0x0000000098800000| Untracked 
| 393|0x0000000098900000, 0x0000000098900000, 0x0000000098a00000|  0%| F|  |TAMS 0x0000000098900000, 0x0000000098900000| Untracked 
| 394|0x0000000098a00000, 0x0000000098a00000, 0x0000000098b00000|  0%| F|  |TAMS 0x0000000098a00000, 0x0000000098a00000| Untracked 
| 395|0x0000000098b00000, 0x0000000098b00000, 0x0000000098c00000|  0%| F|  |TAMS 0x0000000098b00000, 0x0000000098b00000| Untracked 
| 396|0x0000000098c00000, 0x0000000098c00000, 0x0000000098d00000|  0%| F|  |TAMS 0x0000000098c00000, 0x0000000098c00000| Untracked 
| 397|0x0000000098d00000, 0x0000000098d00000, 0x0000000098e00000|  0%| F|  |TAMS 0x0000000098d00000, 0x0000000098d00000| Untracked 
| 398|0x0000000098e00000, 0x0000000098e00000, 0x0000000098f00000|  0%| F|  |TAMS 0x0000000098e00000, 0x0000000098e00000| Untracked 
| 399|0x0000000098f00000, 0x0000000098f00000, 0x0000000099000000|  0%| F|  |TAMS 0x0000000098f00000, 0x0000000098f00000| Untracked 
| 400|0x0000000099000000, 0x0000000099000000, 0x0000000099100000|  0%| F|  |TAMS 0x0000000099000000, 0x0000000099000000| Untracked 
| 401|0x0000000099100000, 0x0000000099100000, 0x0000000099200000|  0%| F|  |TAMS 0x0000000099100000, 0x0000000099100000| Untracked 
| 402|0x0000000099200000, 0x0000000099200000, 0x0000000099300000|  0%| F|  |TAMS 0x0000000099200000, 0x0000000099200000| Untracked 
| 403|0x0000000099300000, 0x0000000099300000, 0x0000000099400000|  0%| F|  |TAMS 0x0000000099300000, 0x0000000099300000| Untracked 
| 404|0x0000000099400000, 0x0000000099400000, 0x0000000099500000|  0%| F|  |TAMS 0x0000000099400000, 0x0000000099400000| Untracked 
| 405|0x0000000099500000, 0x0000000099500000, 0x0000000099600000|  0%| F|  |TAMS 0x0000000099500000, 0x0000000099500000| Untracked 
| 406|0x0000000099600000, 0x0000000099600000, 0x0000000099700000|  0%| F|  |TAMS 0x0000000099600000, 0x0000000099600000| Untracked 
| 407|0x0000000099700000, 0x0000000099700000, 0x0000000099800000|  0%| F|  |TAMS 0x0000000099700000, 0x0000000099700000| Untracked 
| 408|0x0000000099800000, 0x0000000099800000, 0x0000000099900000|  0%| F|  |TAMS 0x0000000099800000, 0x0000000099800000| Untracked 
| 409|0x0000000099900000, 0x0000000099900000, 0x0000000099a00000|  0%| F|  |TAMS 0x0000000099900000, 0x0000000099900000| Untracked 
| 410|0x0000000099a00000, 0x0000000099a00000, 0x0000000099b00000|  0%| F|  |TAMS 0x0000000099a00000, 0x0000000099a00000| Untracked 
| 411|0x0000000099b00000, 0x0000000099b00000, 0x0000000099c00000|  0%| F|  |TAMS 0x0000000099b00000, 0x0000000099b00000| Untracked 
| 412|0x0000000099c00000, 0x0000000099c00000, 0x0000000099d00000|  0%| F|  |TAMS 0x0000000099c00000, 0x0000000099c00000| Untracked 
| 413|0x0000000099d00000, 0x0000000099d00000, 0x0000000099e00000|  0%| F|  |TAMS 0x0000000099d00000, 0x0000000099d00000| Untracked 
| 414|0x0000000099e00000, 0x0000000099e00000, 0x0000000099f00000|  0%| F|  |TAMS 0x0000000099e00000, 0x0000000099e00000| Untracked 
| 415|0x0000000099f00000, 0x0000000099f00000, 0x000000009a000000|  0%| F|  |TAMS 0x0000000099f00000, 0x0000000099f00000| Untracked 
| 416|0x000000009a000000, 0x000000009a000000, 0x000000009a100000|  0%| F|  |TAMS 0x000000009a000000, 0x000000009a000000| Untracked 
| 417|0x000000009a100000, 0x000000009a100000, 0x000000009a200000|  0%| F|  |TAMS 0x000000009a100000, 0x000000009a100000| Untracked 
| 418|0x000000009a200000, 0x000000009a200000, 0x000000009a300000|  0%| F|  |TAMS 0x000000009a200000, 0x000000009a200000| Untracked 
| 419|0x000000009a300000, 0x000000009a300000, 0x000000009a400000|  0%| F|  |TAMS 0x000000009a300000, 0x000000009a300000| Untracked 
| 420|0x000000009a400000, 0x000000009a400000, 0x000000009a500000|  0%| F|  |TAMS 0x000000009a400000, 0x000000009a400000| Untracked 
| 421|0x000000009a500000, 0x000000009a500000, 0x000000009a600000|  0%| F|  |TAMS 0x000000009a500000, 0x000000009a500000| Untracked 
| 422|0x000000009a600000, 0x000000009a600000, 0x000000009a700000|  0%| F|  |TAMS 0x000000009a600000, 0x000000009a600000| Untracked 
| 423|0x000000009a700000, 0x000000009a700000, 0x000000009a800000|  0%| F|  |TAMS 0x000000009a700000, 0x000000009a700000| Untracked 
| 424|0x000000009a800000, 0x000000009a800000, 0x000000009a900000|  0%| F|  |TAMS 0x000000009a800000, 0x000000009a800000| Untracked 
| 425|0x000000009a900000, 0x000000009a900000, 0x000000009aa00000|  0%| F|  |TAMS 0x000000009a900000, 0x000000009a900000| Untracked 
| 426|0x000000009aa00000, 0x000000009aa00000, 0x000000009ab00000|  0%| F|  |TAMS 0x000000009aa00000, 0x000000009aa00000| Untracked 
| 427|0x000000009ab00000, 0x000000009ab00000, 0x000000009ac00000|  0%| F|  |TAMS 0x000000009ab00000, 0x000000009ab00000| Untracked 
| 428|0x000000009ac00000, 0x000000009ac00000, 0x000000009ad00000|  0%| F|  |TAMS 0x000000009ac00000, 0x000000009ac00000| Untracked 
| 429|0x000000009ad00000, 0x000000009ad00000, 0x000000009ae00000|  0%| F|  |TAMS 0x000000009ad00000, 0x000000009ad00000| Untracked 
| 430|0x000000009ae00000, 0x000000009ae00000, 0x000000009af00000|  0%| F|  |TAMS 0x000000009ae00000, 0x000000009ae00000| Untracked 
| 431|0x000000009af00000, 0x000000009af00000, 0x000000009b000000|  0%| F|  |TAMS 0x000000009af00000, 0x000000009af00000| Untracked 
| 432|0x000000009b000000, 0x000000009b000000, 0x000000009b100000|  0%| F|  |TAMS 0x000000009b000000, 0x000000009b000000| Untracked 
| 433|0x000000009b100000, 0x000000009b100000, 0x000000009b200000|  0%| F|  |TAMS 0x000000009b100000, 0x000000009b100000| Untracked 
| 434|0x000000009b200000, 0x000000009b200000, 0x000000009b300000|  0%| F|  |TAMS 0x000000009b200000, 0x000000009b200000| Untracked 
| 435|0x000000009b300000, 0x000000009b300000, 0x000000009b400000|  0%| F|  |TAMS 0x000000009b300000, 0x000000009b300000| Untracked 
| 436|0x000000009b400000, 0x000000009b400000, 0x000000009b500000|  0%| F|  |TAMS 0x000000009b400000, 0x000000009b400000| Untracked 
| 437|0x000000009b500000, 0x000000009b500000, 0x000000009b600000|  0%| F|  |TAMS 0x000000009b500000, 0x000000009b500000| Untracked 
| 438|0x000000009b600000, 0x000000009b600000, 0x000000009b700000|  0%| F|  |TAMS 0x000000009b600000, 0x000000009b600000| Untracked 
| 439|0x000000009b700000, 0x000000009b700000, 0x000000009b800000|  0%| F|  |TAMS 0x000000009b700000, 0x000000009b700000| Untracked 
| 440|0x000000009b800000, 0x000000009b800000, 0x000000009b900000|  0%| F|  |TAMS 0x000000009b800000, 0x000000009b800000| Untracked 
| 441|0x000000009b900000, 0x000000009b900000, 0x000000009ba00000|  0%| F|  |TAMS 0x000000009b900000, 0x000000009b900000| Untracked 
| 442|0x000000009ba00000, 0x000000009ba00000, 0x000000009bb00000|  0%| F|  |TAMS 0x000000009ba00000, 0x000000009ba00000| Untracked 
| 443|0x000000009bb00000, 0x000000009bb00000, 0x000000009bc00000|  0%| F|  |TAMS 0x000000009bb00000, 0x000000009bb00000| Untracked 
| 444|0x000000009bc00000, 0x000000009bc00000, 0x000000009bd00000|  0%| F|  |TAMS 0x000000009bc00000, 0x000000009bc00000| Untracked 
| 445|0x000000009bd00000, 0x000000009bd00000, 0x000000009be00000|  0%| F|  |TAMS 0x000000009bd00000, 0x000000009bd00000| Untracked 
| 446|0x000000009be00000, 0x000000009be00000, 0x000000009bf00000|  0%| F|  |TAMS 0x000000009be00000, 0x000000009be00000| Untracked 
| 447|0x000000009bf00000, 0x000000009bf00000, 0x000000009c000000|  0%| F|  |TAMS 0x000000009bf00000, 0x000000009bf00000| Untracked 
| 448|0x000000009c000000, 0x000000009c000000, 0x000000009c100000|  0%| F|  |TAMS 0x000000009c000000, 0x000000009c000000| Untracked 
| 449|0x000000009c100000, 0x000000009c100000, 0x000000009c200000|  0%| F|  |TAMS 0x000000009c100000, 0x000000009c100000| Untracked 
| 450|0x000000009c200000, 0x000000009c200000, 0x000000009c300000|  0%| F|  |TAMS 0x000000009c200000, 0x000000009c200000| Untracked 
| 451|0x000000009c300000, 0x000000009c300000, 0x000000009c400000|  0%| F|  |TAMS 0x000000009c300000, 0x000000009c300000| Untracked 
| 452|0x000000009c400000, 0x000000009c400000, 0x000000009c500000|  0%| F|  |TAMS 0x000000009c400000, 0x000000009c400000| Untracked 
| 453|0x000000009c500000, 0x000000009c500000, 0x000000009c600000|  0%| F|  |TAMS 0x000000009c500000, 0x000000009c500000| Untracked 
| 454|0x000000009c600000, 0x000000009c600000, 0x000000009c700000|  0%| F|  |TAMS 0x000000009c600000, 0x000000009c600000| Untracked 
| 455|0x000000009c700000, 0x000000009c700000, 0x000000009c800000|  0%| F|  |TAMS 0x000000009c700000, 0x000000009c700000| Untracked 
| 456|0x000000009c800000, 0x000000009c800000, 0x000000009c900000|  0%| F|  |TAMS 0x000000009c800000, 0x000000009c800000| Untracked 
| 457|0x000000009c900000, 0x000000009c900000, 0x000000009ca00000|  0%| F|  |TAMS 0x000000009c900000, 0x000000009c900000| Untracked 
| 458|0x000000009ca00000, 0x000000009ca00000, 0x000000009cb00000|  0%| F|  |TAMS 0x000000009ca00000, 0x000000009ca00000| Untracked 
| 459|0x000000009cb00000, 0x000000009cb00000, 0x000000009cc00000|  0%| F|  |TAMS 0x000000009cb00000, 0x000000009cb00000| Untracked 
| 460|0x000000009cc00000, 0x000000009cc00000, 0x000000009cd00000|  0%| F|  |TAMS 0x000000009cc00000, 0x000000009cc00000| Untracked 
| 461|0x000000009cd00000, 0x000000009cd00000, 0x000000009ce00000|  0%| F|  |TAMS 0x000000009cd00000, 0x000000009cd00000| Untracked 
| 462|0x000000009ce00000, 0x000000009ce00000, 0x000000009cf00000|  0%| F|  |TAMS 0x000000009ce00000, 0x000000009ce00000| Untracked 
| 463|0x000000009cf00000, 0x000000009cf00000, 0x000000009d000000|  0%| F|  |TAMS 0x000000009cf00000, 0x000000009cf00000| Untracked 
| 464|0x000000009d000000, 0x000000009d000000, 0x000000009d100000|  0%| F|  |TAMS 0x000000009d000000, 0x000000009d000000| Untracked 
| 465|0x000000009d100000, 0x000000009d100000, 0x000000009d200000|  0%| F|  |TAMS 0x000000009d100000, 0x000000009d100000| Untracked 
| 466|0x000000009d200000, 0x000000009d200000, 0x000000009d300000|  0%| F|  |TAMS 0x000000009d200000, 0x000000009d200000| Untracked 
| 467|0x000000009d300000, 0x000000009d300000, 0x000000009d400000|  0%| F|  |TAMS 0x000000009d300000, 0x000000009d300000| Untracked 
| 468|0x000000009d400000, 0x000000009d400000, 0x000000009d500000|  0%| F|  |TAMS 0x000000009d400000, 0x000000009d400000| Untracked 
| 469|0x000000009d500000, 0x000000009d500000, 0x000000009d600000|  0%| F|  |TAMS 0x000000009d500000, 0x000000009d500000| Untracked 
| 470|0x000000009d600000, 0x000000009d600000, 0x000000009d700000|  0%| F|  |TAMS 0x000000009d600000, 0x000000009d600000| Untracked 
| 471|0x000000009d700000, 0x000000009d700000, 0x000000009d800000|  0%| F|  |TAMS 0x000000009d700000, 0x000000009d700000| Untracked 
| 472|0x000000009d800000, 0x000000009d800000, 0x000000009d900000|  0%| F|  |TAMS 0x000000009d800000, 0x000000009d800000| Untracked 
| 473|0x000000009d900000, 0x000000009d900000, 0x000000009da00000|  0%| F|  |TAMS 0x000000009d900000, 0x000000009d900000| Untracked 
| 474|0x000000009da00000, 0x000000009da00000, 0x000000009db00000|  0%| F|  |TAMS 0x000000009da00000, 0x000000009da00000| Untracked 
| 475|0x000000009db00000, 0x000000009db00000, 0x000000009dc00000|  0%| F|  |TAMS 0x000000009db00000, 0x000000009db00000| Untracked 
| 476|0x000000009dc00000, 0x000000009dc00000, 0x000000009dd00000|  0%| F|  |TAMS 0x000000009dc00000, 0x000000009dc00000| Untracked 
| 477|0x000000009dd00000, 0x000000009dd00000, 0x000000009de00000|  0%| F|  |TAMS 0x000000009dd00000, 0x000000009dd00000| Untracked 
| 478|0x000000009de00000, 0x000000009de00000, 0x000000009df00000|  0%| F|  |TAMS 0x000000009de00000, 0x000000009de00000| Untracked 
| 479|0x000000009df00000, 0x000000009df00000, 0x000000009e000000|  0%| F|  |TAMS 0x000000009df00000, 0x000000009df00000| Untracked 
| 480|0x000000009e000000, 0x000000009e000000, 0x000000009e100000|  0%| F|  |TAMS 0x000000009e000000, 0x000000009e000000| Untracked 
| 481|0x000000009e100000, 0x000000009e100000, 0x000000009e200000|  0%| F|  |TAMS 0x000000009e100000, 0x000000009e100000| Untracked 
| 482|0x000000009e200000, 0x000000009e200000, 0x000000009e300000|  0%| F|  |TAMS 0x000000009e200000, 0x000000009e200000| Untracked 
| 483|0x000000009e300000, 0x000000009e300000, 0x000000009e400000|  0%| F|  |TAMS 0x000000009e300000, 0x000000009e300000| Untracked 
| 484|0x000000009e400000, 0x000000009e400000, 0x000000009e500000|  0%| F|  |TAMS 0x000000009e400000, 0x000000009e400000| Untracked 
| 485|0x000000009e500000, 0x000000009e500000, 0x000000009e600000|  0%| F|  |TAMS 0x000000009e500000, 0x000000009e500000| Untracked 
| 486|0x000000009e600000, 0x000000009e600000, 0x000000009e700000|  0%| F|  |TAMS 0x000000009e600000, 0x000000009e600000| Untracked 
| 487|0x000000009e700000, 0x000000009e700000, 0x000000009e800000|  0%| F|  |TAMS 0x000000009e700000, 0x000000009e700000| Untracked 
| 488|0x000000009e800000, 0x000000009e800000, 0x000000009e900000|  0%| F|  |TAMS 0x000000009e800000, 0x000000009e800000| Untracked 
| 489|0x000000009e900000, 0x000000009e900000, 0x000000009ea00000|  0%| F|  |TAMS 0x000000009e900000, 0x000000009e900000| Untracked 
| 490|0x000000009ea00000, 0x000000009ea00000, 0x000000009eb00000|  0%| F|  |TAMS 0x000000009ea00000, 0x000000009ea00000| Untracked 
| 491|0x000000009eb00000, 0x000000009eb00000, 0x000000009ec00000|  0%| F|  |TAMS 0x000000009eb00000, 0x000000009eb00000| Untracked 
| 492|0x000000009ec00000, 0x000000009ec00000, 0x000000009ed00000|  0%| F|  |TAMS 0x000000009ec00000, 0x000000009ec00000| Untracked 
| 493|0x000000009ed00000, 0x000000009ed00000, 0x000000009ee00000|  0%| F|  |TAMS 0x000000009ed00000, 0x000000009ed00000| Untracked 
| 494|0x000000009ee00000, 0x000000009ee00000, 0x000000009ef00000|  0%| F|  |TAMS 0x000000009ee00000, 0x000000009ee00000| Untracked 
| 495|0x000000009ef00000, 0x000000009ef00000, 0x000000009f000000|  0%| F|  |TAMS 0x000000009ef00000, 0x000000009ef00000| Untracked 
| 496|0x000000009f000000, 0x000000009f000000, 0x000000009f100000|  0%| F|  |TAMS 0x000000009f000000, 0x000000009f000000| Untracked 
| 497|0x000000009f100000, 0x000000009f100000, 0x000000009f200000|  0%| F|  |TAMS 0x000000009f100000, 0x000000009f100000| Untracked 
| 498|0x000000009f200000, 0x000000009f200000, 0x000000009f300000|  0%| F|  |TAMS 0x000000009f200000, 0x000000009f200000| Untracked 
| 499|0x000000009f300000, 0x000000009f300000, 0x000000009f400000|  0%| F|  |TAMS 0x000000009f300000, 0x000000009f300000| Untracked 
| 500|0x000000009f400000, 0x000000009f400000, 0x000000009f500000|  0%| F|  |TAMS 0x000000009f400000, 0x000000009f400000| Untracked 
| 501|0x000000009f500000, 0x000000009f500000, 0x000000009f600000|  0%| F|  |TAMS 0x000000009f500000, 0x000000009f500000| Untracked 
| 502|0x000000009f600000, 0x000000009f6815e8, 0x000000009f700000| 50%| S|CS|TAMS 0x000000009f600000, 0x000000009f600000| Complete 
| 503|0x000000009f700000, 0x000000009f800000, 0x000000009f800000|100%| S|CS|TAMS 0x000000009f700000, 0x000000009f700000| Complete 
| 504|0x000000009f800000, 0x000000009f900000, 0x000000009f900000|100%| S|CS|TAMS 0x000000009f800000, 0x000000009f800000| Complete 
| 505|0x000000009f900000, 0x000000009fa00000, 0x000000009fa00000|100%| S|CS|TAMS 0x000000009f900000, 0x000000009f900000| Complete 
| 506|0x000000009fa00000, 0x000000009fb00000, 0x000000009fb00000|100%| S|CS|TAMS 0x000000009fa00000, 0x000000009fa00000| Complete 
| 507|0x000000009fb00000, 0x000000009fc00000, 0x000000009fc00000|100%| S|CS|TAMS 0x000000009fb00000, 0x000000009fb00000| Complete 
| 508|0x000000009fc00000, 0x000000009fd00000, 0x000000009fd00000|100%| S|CS|TAMS 0x000000009fc00000, 0x000000009fc00000| Complete 
| 509|0x000000009fd00000, 0x000000009fe00000, 0x000000009fe00000|100%| S|CS|TAMS 0x000000009fd00000, 0x000000009fd00000| Complete 
| 510|0x000000009fe00000, 0x000000009fe00000, 0x000000009ff00000|  0%| F|  |TAMS 0x000000009fe00000, 0x000000009fe00000| Untracked 
| 511|0x000000009ff00000, 0x000000009ff00000, 0x00000000a0000000|  0%| F|  |TAMS 0x000000009ff00000, 0x000000009ff00000| Untracked 
| 512|0x00000000a0000000, 0x00000000a0000000, 0x00000000a0100000|  0%| F|  |TAMS 0x00000000a0000000, 0x00000000a0000000| Untracked 
| 513|0x00000000a0100000, 0x00000000a0100000, 0x00000000a0200000|  0%| F|  |TAMS 0x00000000a0100000, 0x00000000a0100000| Untracked 
| 514|0x00000000a0200000, 0x00000000a0200000, 0x00000000a0300000|  0%| F|  |TAMS 0x00000000a0200000, 0x00000000a0200000| Untracked 
| 515|0x00000000a0300000, 0x00000000a0300000, 0x00000000a0400000|  0%| F|  |TAMS 0x00000000a0300000, 0x00000000a0300000| Untracked 
| 516|0x00000000a0400000, 0x00000000a0400000, 0x00000000a0500000|  0%| F|  |TAMS 0x00000000a0400000, 0x00000000a0400000| Untracked 
| 517|0x00000000a0500000, 0x00000000a0500000, 0x00000000a0600000|  0%| F|  |TAMS 0x00000000a0500000, 0x00000000a0500000| Untracked 
| 518|0x00000000a0600000, 0x00000000a0600000, 0x00000000a0700000|  0%| F|  |TAMS 0x00000000a0600000, 0x00000000a0600000| Untracked 
| 519|0x00000000a0700000, 0x00000000a0700000, 0x00000000a0800000|  0%| F|  |TAMS 0x00000000a0700000, 0x00000000a0700000| Untracked 
| 520|0x00000000a0800000, 0x00000000a0800000, 0x00000000a0900000|  0%| F|  |TAMS 0x00000000a0800000, 0x00000000a0800000| Untracked 
| 521|0x00000000a0900000, 0x00000000a0900000, 0x00000000a0a00000|  0%| F|  |TAMS 0x00000000a0900000, 0x00000000a0900000| Untracked 
| 522|0x00000000a0a00000, 0x00000000a0a00000, 0x00000000a0b00000|  0%| F|  |TAMS 0x00000000a0a00000, 0x00000000a0a00000| Untracked 
| 523|0x00000000a0b00000, 0x00000000a0b00000, 0x00000000a0c00000|  0%| F|  |TAMS 0x00000000a0b00000, 0x00000000a0b00000| Untracked 
| 524|0x00000000a0c00000, 0x00000000a0c00000, 0x00000000a0d00000|  0%| F|  |TAMS 0x00000000a0c00000, 0x00000000a0c00000| Untracked 
| 525|0x00000000a0d00000, 0x00000000a0d00000, 0x00000000a0e00000|  0%| F|  |TAMS 0x00000000a0d00000, 0x00000000a0d00000| Untracked 
| 526|0x00000000a0e00000, 0x00000000a0e00000, 0x00000000a0f00000|  0%| F|  |TAMS 0x00000000a0e00000, 0x00000000a0e00000| Untracked 
| 527|0x00000000a0f00000, 0x00000000a0f00000, 0x00000000a1000000|  0%| F|  |TAMS 0x00000000a0f00000, 0x00000000a0f00000| Untracked 
| 528|0x00000000a1000000, 0x00000000a1000000, 0x00000000a1100000|  0%| F|  |TAMS 0x00000000a1000000, 0x00000000a1000000| Untracked 
| 529|0x00000000a1100000, 0x00000000a1100000, 0x00000000a1200000|  0%| F|  |TAMS 0x00000000a1100000, 0x00000000a1100000| Untracked 
| 530|0x00000000a1200000, 0x00000000a1200000, 0x00000000a1300000|  0%| F|  |TAMS 0x00000000a1200000, 0x00000000a1200000| Untracked 
| 531|0x00000000a1300000, 0x00000000a1300000, 0x00000000a1400000|  0%| F|  |TAMS 0x00000000a1300000, 0x00000000a1300000| Untracked 
| 532|0x00000000a1400000, 0x00000000a1400000, 0x00000000a1500000|  0%| F|  |TAMS 0x00000000a1400000, 0x00000000a1400000| Untracked 
| 533|0x00000000a1500000, 0x00000000a1500000, 0x00000000a1600000|  0%| F|  |TAMS 0x00000000a1500000, 0x00000000a1500000| Untracked 
| 534|0x00000000a1600000, 0x00000000a1600000, 0x00000000a1700000|  0%| F|  |TAMS 0x00000000a1600000, 0x00000000a1600000| Untracked 
| 535|0x00000000a1700000, 0x00000000a1700000, 0x00000000a1800000|  0%| F|  |TAMS 0x00000000a1700000, 0x00000000a1700000| Untracked 
| 536|0x00000000a1800000, 0x00000000a1800000, 0x00000000a1900000|  0%| F|  |TAMS 0x00000000a1800000, 0x00000000a1800000| Untracked 
| 537|0x00000000a1900000, 0x00000000a1900000, 0x00000000a1a00000|  0%| F|  |TAMS 0x00000000a1900000, 0x00000000a1900000| Untracked 
| 538|0x00000000a1a00000, 0x00000000a1a00000, 0x00000000a1b00000|  0%| F|  |TAMS 0x00000000a1a00000, 0x00000000a1a00000| Untracked 
| 539|0x00000000a1b00000, 0x00000000a1b00000, 0x00000000a1c00000|  0%| F|  |TAMS 0x00000000a1b00000, 0x00000000a1b00000| Untracked 
| 540|0x00000000a1c00000, 0x00000000a1c00000, 0x00000000a1d00000|  0%| F|  |TAMS 0x00000000a1c00000, 0x00000000a1c00000| Untracked 
| 541|0x00000000a1d00000, 0x00000000a1d00000, 0x00000000a1e00000|  0%| F|  |TAMS 0x00000000a1d00000, 0x00000000a1d00000| Untracked 
| 542|0x00000000a1e00000, 0x00000000a1e00000, 0x00000000a1f00000|  0%| F|  |TAMS 0x00000000a1e00000, 0x00000000a1e00000| Untracked 
| 543|0x00000000a1f00000, 0x00000000a1f00000, 0x00000000a2000000|  0%| F|  |TAMS 0x00000000a1f00000, 0x00000000a1f00000| Untracked 
| 544|0x00000000a2000000, 0x00000000a2000000, 0x00000000a2100000|  0%| F|  |TAMS 0x00000000a2000000, 0x00000000a2000000| Untracked 
| 545|0x00000000a2100000, 0x00000000a2100000, 0x00000000a2200000|  0%| F|  |TAMS 0x00000000a2100000, 0x00000000a2100000| Untracked 
| 546|0x00000000a2200000, 0x00000000a2200000, 0x00000000a2300000|  0%| F|  |TAMS 0x00000000a2200000, 0x00000000a2200000| Untracked 
| 547|0x00000000a2300000, 0x00000000a2300000, 0x00000000a2400000|  0%| F|  |TAMS 0x00000000a2300000, 0x00000000a2300000| Untracked 
| 548|0x00000000a2400000, 0x00000000a2400000, 0x00000000a2500000|  0%| F|  |TAMS 0x00000000a2400000, 0x00000000a2400000| Untracked 
| 549|0x00000000a2500000, 0x00000000a2500000, 0x00000000a2600000|  0%| F|  |TAMS 0x00000000a2500000, 0x00000000a2500000| Untracked 
| 550|0x00000000a2600000, 0x00000000a2600000, 0x00000000a2700000|  0%| F|  |TAMS 0x00000000a2600000, 0x00000000a2600000| Untracked 
| 551|0x00000000a2700000, 0x00000000a2700000, 0x00000000a2800000|  0%| F|  |TAMS 0x00000000a2700000, 0x00000000a2700000| Untracked 
| 552|0x00000000a2800000, 0x00000000a2800000, 0x00000000a2900000|  0%| F|  |TAMS 0x00000000a2800000, 0x00000000a2800000| Untracked 
| 553|0x00000000a2900000, 0x00000000a2900000, 0x00000000a2a00000|  0%| F|  |TAMS 0x00000000a2900000, 0x00000000a2900000| Untracked 
| 554|0x00000000a2a00000, 0x00000000a2a00000, 0x00000000a2b00000|  0%| F|  |TAMS 0x00000000a2a00000, 0x00000000a2a00000| Untracked 
| 555|0x00000000a2b00000, 0x00000000a2b00000, 0x00000000a2c00000|  0%| F|  |TAMS 0x00000000a2b00000, 0x00000000a2b00000| Untracked 
| 556|0x00000000a2c00000, 0x00000000a2c00000, 0x00000000a2d00000|  0%| F|  |TAMS 0x00000000a2c00000, 0x00000000a2c00000| Untracked 
| 557|0x00000000a2d00000, 0x00000000a2d00000, 0x00000000a2e00000|  0%| F|  |TAMS 0x00000000a2d00000, 0x00000000a2d00000| Untracked 
| 558|0x00000000a2e00000, 0x00000000a2e00000, 0x00000000a2f00000|  0%| F|  |TAMS 0x00000000a2e00000, 0x00000000a2e00000| Untracked 
| 559|0x00000000a2f00000, 0x00000000a2f00000, 0x00000000a3000000|  0%| F|  |TAMS 0x00000000a2f00000, 0x00000000a2f00000| Untracked 
| 560|0x00000000a3000000, 0x00000000a3000000, 0x00000000a3100000|  0%| F|  |TAMS 0x00000000a3000000, 0x00000000a3000000| Untracked 
| 561|0x00000000a3100000, 0x00000000a3100000, 0x00000000a3200000|  0%| F|  |TAMS 0x00000000a3100000, 0x00000000a3100000| Untracked 
| 562|0x00000000a3200000, 0x00000000a3200000, 0x00000000a3300000|  0%| F|  |TAMS 0x00000000a3200000, 0x00000000a3200000| Untracked 
| 563|0x00000000a3300000, 0x00000000a3300000, 0x00000000a3400000|  0%| F|  |TAMS 0x00000000a3300000, 0x00000000a3300000| Untracked 
| 564|0x00000000a3400000, 0x00000000a3400000, 0x00000000a3500000|  0%| F|  |TAMS 0x00000000a3400000, 0x00000000a3400000| Untracked 
| 565|0x00000000a3500000, 0x00000000a3500000, 0x00000000a3600000|  0%| F|  |TAMS 0x00000000a3500000, 0x00000000a3500000| Untracked 
| 566|0x00000000a3600000, 0x00000000a3600000, 0x00000000a3700000|  0%| F|  |TAMS 0x00000000a3600000, 0x00000000a3600000| Untracked 
| 567|0x00000000a3700000, 0x00000000a3700000, 0x00000000a3800000|  0%| F|  |TAMS 0x00000000a3700000, 0x00000000a3700000| Untracked 
| 568|0x00000000a3800000, 0x00000000a3800000, 0x00000000a3900000|  0%| F|  |TAMS 0x00000000a3800000, 0x00000000a3800000| Untracked 
| 569|0x00000000a3900000, 0x00000000a3900000, 0x00000000a3a00000|  0%| F|  |TAMS 0x00000000a3900000, 0x00000000a3900000| Untracked 
| 570|0x00000000a3a00000, 0x00000000a3a00000, 0x00000000a3b00000|  0%| F|  |TAMS 0x00000000a3a00000, 0x00000000a3a00000| Untracked 
| 571|0x00000000a3b00000, 0x00000000a3b00000, 0x00000000a3c00000|  0%| F|  |TAMS 0x00000000a3b00000, 0x00000000a3b00000| Untracked 
| 572|0x00000000a3c00000, 0x00000000a3c00000, 0x00000000a3d00000|  0%| F|  |TAMS 0x00000000a3c00000, 0x00000000a3c00000| Untracked 
| 573|0x00000000a3d00000, 0x00000000a3d00000, 0x00000000a3e00000|  0%| F|  |TAMS 0x00000000a3d00000, 0x00000000a3d00000| Untracked 
| 574|0x00000000a3e00000, 0x00000000a3e00000, 0x00000000a3f00000|  0%| F|  |TAMS 0x00000000a3e00000, 0x00000000a3e00000| Untracked 
| 575|0x00000000a3f00000, 0x00000000a3f00000, 0x00000000a4000000|  0%| F|  |TAMS 0x00000000a3f00000, 0x00000000a3f00000| Untracked 
| 576|0x00000000a4000000, 0x00000000a4000000, 0x00000000a4100000|  0%| F|  |TAMS 0x00000000a4000000, 0x00000000a4000000| Untracked 
| 577|0x00000000a4100000, 0x00000000a4100000, 0x00000000a4200000|  0%| F|  |TAMS 0x00000000a4100000, 0x00000000a4100000| Untracked 
| 578|0x00000000a4200000, 0x00000000a4200000, 0x00000000a4300000|  0%| F|  |TAMS 0x00000000a4200000, 0x00000000a4200000| Untracked 
| 579|0x00000000a4300000, 0x00000000a4300000, 0x00000000a4400000|  0%| F|  |TAMS 0x00000000a4300000, 0x00000000a4300000| Untracked 
| 580|0x00000000a4400000, 0x00000000a4400000, 0x00000000a4500000|  0%| F|  |TAMS 0x00000000a4400000, 0x00000000a4400000| Untracked 
| 581|0x00000000a4500000, 0x00000000a4500000, 0x00000000a4600000|  0%| F|  |TAMS 0x00000000a4500000, 0x00000000a4500000| Untracked 
| 582|0x00000000a4600000, 0x00000000a4600000, 0x00000000a4700000|  0%| F|  |TAMS 0x00000000a4600000, 0x00000000a4600000| Untracked 
| 583|0x00000000a4700000, 0x00000000a4700000, 0x00000000a4800000|  0%| F|  |TAMS 0x00000000a4700000, 0x00000000a4700000| Untracked 
| 584|0x00000000a4800000, 0x00000000a4800000, 0x00000000a4900000|  0%| F|  |TAMS 0x00000000a4800000, 0x00000000a4800000| Untracked 
| 585|0x00000000a4900000, 0x00000000a4900000, 0x00000000a4a00000|  0%| F|  |TAMS 0x00000000a4900000, 0x00000000a4900000| Untracked 
| 586|0x00000000a4a00000, 0x00000000a4a00000, 0x00000000a4b00000|  0%| F|  |TAMS 0x00000000a4a00000, 0x00000000a4a00000| Untracked 
| 587|0x00000000a4b00000, 0x00000000a4b00000, 0x00000000a4c00000|  0%| F|  |TAMS 0x00000000a4b00000, 0x00000000a4b00000| Untracked 
| 588|0x00000000a4c00000, 0x00000000a4c00000, 0x00000000a4d00000|  0%| F|  |TAMS 0x00000000a4c00000, 0x00000000a4c00000| Untracked 
| 589|0x00000000a4d00000, 0x00000000a4d00000, 0x00000000a4e00000|  0%| F|  |TAMS 0x00000000a4d00000, 0x00000000a4d00000| Untracked 
| 590|0x00000000a4e00000, 0x00000000a4e00000, 0x00000000a4f00000|  0%| F|  |TAMS 0x00000000a4e00000, 0x00000000a4e00000| Untracked 
| 591|0x00000000a4f00000, 0x00000000a4f00000, 0x00000000a5000000|  0%| F|  |TAMS 0x00000000a4f00000, 0x00000000a4f00000| Untracked 
| 592|0x00000000a5000000, 0x00000000a5000000, 0x00000000a5100000|  0%| F|  |TAMS 0x00000000a5000000, 0x00000000a5000000| Untracked 
| 593|0x00000000a5100000, 0x00000000a5100000, 0x00000000a5200000|  0%| F|  |TAMS 0x00000000a5100000, 0x00000000a5100000| Untracked 
| 594|0x00000000a5200000, 0x00000000a5200000, 0x00000000a5300000|  0%| F|  |TAMS 0x00000000a5200000, 0x00000000a5200000| Untracked 
| 595|0x00000000a5300000, 0x00000000a5300000, 0x00000000a5400000|  0%| F|  |TAMS 0x00000000a5300000, 0x00000000a5300000| Untracked 
| 596|0x00000000a5400000, 0x00000000a5400000, 0x00000000a5500000|  0%| F|  |TAMS 0x00000000a5400000, 0x00000000a5400000| Untracked 
| 597|0x00000000a5500000, 0x00000000a5500000, 0x00000000a5600000|  0%| F|  |TAMS 0x00000000a5500000, 0x00000000a5500000| Untracked 
| 598|0x00000000a5600000, 0x00000000a5600000, 0x00000000a5700000|  0%| F|  |TAMS 0x00000000a5600000, 0x00000000a5600000| Untracked 
| 599|0x00000000a5700000, 0x00000000a5700000, 0x00000000a5800000|  0%| F|  |TAMS 0x00000000a5700000, 0x00000000a5700000| Untracked 
| 600|0x00000000a5800000, 0x00000000a5800000, 0x00000000a5900000|  0%| F|  |TAMS 0x00000000a5800000, 0x00000000a5800000| Untracked 
| 601|0x00000000a5900000, 0x00000000a5900000, 0x00000000a5a00000|  0%| F|  |TAMS 0x00000000a5900000, 0x00000000a5900000| Untracked 
| 602|0x00000000a5a00000, 0x00000000a5a00000, 0x00000000a5b00000|  0%| F|  |TAMS 0x00000000a5a00000, 0x00000000a5a00000| Untracked 
|1318|0x00000000d2600000, 0x00000000d2600000, 0x00000000d2700000|  0%| F|  |TAMS 0x00000000d2600000, 0x00000000d2600000| Untracked 
|1319|0x00000000d2700000, 0x00000000d2700000, 0x00000000d2800000|  0%| F|  |TAMS 0x00000000d2700000, 0x00000000d2700000| Untracked 
|1320|0x00000000d2800000, 0x00000000d2800000, 0x00000000d2900000|  0%| F|  |TAMS 0x00000000d2800000, 0x00000000d2800000| Untracked 
|1321|0x00000000d2900000, 0x00000000d2900000, 0x00000000d2a00000|  0%| F|  |TAMS 0x00000000d2900000, 0x00000000d2900000| Untracked 
|1322|0x00000000d2a00000, 0x00000000d2a00000, 0x00000000d2b00000|  0%| F|  |TAMS 0x00000000d2a00000, 0x00000000d2a00000| Untracked 
|1323|0x00000000d2b00000, 0x00000000d2b00000, 0x00000000d2c00000|  0%| F|  |TAMS 0x00000000d2b00000, 0x00000000d2b00000| Untracked 
|2021|0x00000000fe500000, 0x00000000fe500000, 0x00000000fe600000|  0%| F|  |TAMS 0x00000000fe500000, 0x00000000fe500000| Untracked 
|2028|0x00000000fec00000, 0x00000000fec00000, 0x00000000fed00000|  0%| F|  |TAMS 0x00000000fec00000, 0x00000000fec00000| Untracked 
|2029|0x00000000fed00000, 0x00000000fed00000, 0x00000000fee00000|  0%| F|  |TAMS 0x00000000fed00000, 0x00000000fed00000| Untracked 
|2030|0x00000000fee00000, 0x00000000fee00000, 0x00000000fef00000|  0%| F|  |TAMS 0x00000000fee00000, 0x00000000fee00000| Untracked 
|2031|0x00000000fef00000, 0x00000000fef00000, 0x00000000ff000000|  0%| F|  |TAMS 0x00000000fef00000, 0x00000000fef00000| Untracked 
|2032|0x00000000ff000000, 0x00000000ff000000, 0x00000000ff100000|  0%| F|  |TAMS 0x00000000ff000000, 0x00000000ff000000| Untracked 
|2033|0x00000000ff100000, 0x00000000ff100000, 0x00000000ff200000|  0%| F|  |TAMS 0x00000000ff100000, 0x00000000ff100000| Untracked 
|2034|0x00000000ff200000, 0x00000000ff200000, 0x00000000ff300000|  0%| F|  |TAMS 0x00000000ff200000, 0x00000000ff200000| Untracked 
|2035|0x00000000ff300000, 0x00000000ff300000, 0x00000000ff400000|  0%| F|  |TAMS 0x00000000ff300000, 0x00000000ff300000| Untracked 
|2036|0x00000000ff400000, 0x00000000ff400000, 0x00000000ff500000|  0%| F|  |TAMS 0x00000000ff400000, 0x00000000ff400000| Untracked 
|2037|0x00000000ff500000, 0x00000000ff500000, 0x00000000ff600000|  0%| F|  |TAMS 0x00000000ff500000, 0x00000000ff500000| Untracked 
|2038|0x00000000ff600000, 0x00000000ff600000, 0x00000000ff700000|  0%| F|  |TAMS 0x00000000ff600000, 0x00000000ff600000| Untracked 
|2039|0x00000000ff700000, 0x00000000ff700000, 0x00000000ff800000|  0%| F|  |TAMS 0x00000000ff700000, 0x00000000ff700000| Untracked 
|2040|0x00000000ff800000, 0x00000000ff800000, 0x00000000ff900000|  0%| F|  |TAMS 0x00000000ff800000, 0x00000000ff800000| Untracked 
|2041|0x00000000ff900000, 0x00000000ff900000, 0x00000000ffa00000|  0%| F|  |TAMS 0x00000000ff900000, 0x00000000ff900000| Untracked 
|2042|0x00000000ffa00000, 0x00000000ffa00000, 0x00000000ffb00000|  0%| F|  |TAMS 0x00000000ffa00000, 0x00000000ffa00000| Untracked 
|2043|0x00000000ffb00000, 0x00000000ffb00000, 0x00000000ffc00000|  0%| F|  |TAMS 0x00000000ffb00000, 0x00000000ffb00000| Untracked 
|2044|0x00000000ffc00000, 0x00000000ffc00000, 0x00000000ffd00000|  0%| F|  |TAMS 0x00000000ffc00000, 0x00000000ffc00000| Untracked 
|2045|0x00000000ffd00000, 0x00000000ffd00000, 0x00000000ffe00000|  0%| F|  |TAMS 0x00000000ffd00000, 0x00000000ffd00000| Untracked 
|2046|0x00000000ffe00000, 0x00000000ffe00000, 0x00000000fff00000|  0%| F|  |TAMS 0x00000000ffe00000, 0x00000000ffe00000| Untracked 
|2047|0x00000000fff00000, 0x00000000fff00000, 0x0000000100000000|  0%| F|  |TAMS 0x00000000fff00000, 0x00000000fff00000| Untracked 

Card table byte_map: [0x000002bdfc990000,0x000002bdfcd90000] _byte_map_base: 0x000002bdfc590000

Marking Bits (Prev, Next): (CMBitMap*) 0x000002bde5a056a0, (CMBitMap*) 0x000002bde5a05660
 Prev Bits: [0x000002bd80000000, 0x000002bd82000000)
 Next Bits: [0x000002bdfd190000, 0x000002bdff190000)

Polling page: 0x000002bde38f0000

Metaspace:

Usage:
  Non-class:    138.05 MB used.
      Class:     20.39 MB used.
       Both:    158.45 MB used.

Virtual space:
  Non-class space:      192.00 MB reserved,     139.06 MB ( 72%) committed,  3 nodes.
      Class space:        1.00 GB reserved,      21.38 MB (  2%) committed,  1 nodes.
             Both:        1.19 GB reserved,     160.44 MB ( 13%) committed. 

Chunk freelists:
   Non-Class:  4.65 MB
       Class:  10.66 MB
        Both:  15.31 MB

MaxMetaspaceSize: unlimited
CompressedClassSpaceSize: 1.00 GB
Initial GC threshold: 21.00 MB
Current GC threshold: 267.44 MB
CDS: on
MetaspaceReclaimPolicy: balanced
 - commit_granule_bytes: 65536.
 - commit_granule_words: 8192.
 - virtual_space_node_default_size: 8388608.
 - enlarge_chunks_in_place: 1.
 - new_chunks_are_fully_committed: 0.
 - uncommit_free_chunks: 1.
 - use_allocation_guard: 0.
 - handle_deallocations: 1.


Internal statistics:

num_allocs_failed_limit: 6.
num_arena_births: 5542.
num_arena_deaths: 1920.
num_vsnodes_births: 4.
num_vsnodes_deaths: 0.
num_space_committed: 2608.
num_space_uncommitted: 43.
num_chunks_returned_to_freelist: 3260.
num_chunks_taken_from_freelist: 14538.
num_chunk_merges: 816.
num_chunk_splits: 7789.
num_chunks_enlarged: 4121.
num_inconsistent_stats: 0.

CodeHeap 'non-profiled nmethods': size=120000Kb used=47683Kb max_used=47683Kb free=72316Kb
 bounds [0x000002bdf4d30000, 0x000002bdf7bd0000, 0x000002bdfc260000]
CodeHeap 'profiled nmethods': size=120000Kb used=66238Kb max_used=66543Kb free=53761Kb
 bounds [0x000002bded260000, 0x000002bdf1370000, 0x000002bdf4790000]
CodeHeap 'non-nmethods': size=5760Kb used=2562Kb max_used=2653Kb free=3197Kb
 bounds [0x000002bdf4790000, 0x000002bdf4a40000, 0x000002bdf4d30000]
 total_blobs=37367 nmethods=36266 adapters=1012
 compilation: enabled
              stopped_count=0, restarted_count=0
 full_count=0

Compilation events (20 events):
Event: 11597.908 Thread 0x000002bdffbc38d0 nmethod 54583 0x000002bdef122610 code [0x000002bdef1227a0, 0x000002bdef1228f8]
Event: 11597.910 Thread 0x000002bdffbc38d0 54584       3       org.gradle.api.internal.file.DefaultFilePropertyFactory$DefaultDirectoryVar::set (6 bytes)
Event: 11597.911 Thread 0x000002bdffbc38d0 nmethod 54584 0x000002bdee5fff90 code [0x000002bdee600160, 0x000002bdee600528]
Event: 11597.924 Thread 0x000002bdffbc2e20 nmethod 54577 0x000002bdf7bbcc90 code [0x000002bdf7bbcf40, 0x000002bdf7bbe2a8]
Event: 11597.925 Thread 0x000002bdffbc2e20 54582       4       com.android.tools.r8.internal.aI::a (176 bytes)
Event: 11597.926 Thread 0x000002bdffbc2e20 nmethod 54582 0x000002bdf7bbf090 code [0x000002bdf7bbf200, 0x000002bdf7bbf2b8]
Event: 11597.926 Thread 0x000002bdffbc2e20 54581       4       com.android.tools.r8.synthesis.Q::a (42 bytes)
Event: 11597.935 Thread 0x000002bdffbc38d0 54587       3       com.android.tools.r8.graph.M5::a (323 bytes)
Event: 11597.937 Thread 0x000002bdffbc38d0 nmethod 54587 0x000002bdef481490 code [0x000002bdef481880, 0x000002bdef484158]
Event: 11597.937 Thread 0x000002bdffbc38d0 54588       3       com.android.tools.r8.graph.O5::<init> (41 bytes)
Event: 11597.938 Thread 0x000002bdffbc38d0 nmethod 54588 0x000002bdf04dc390 code [0x000002bdf04dc540, 0x000002bdf04dc938]
Event: 11597.938 Thread 0x000002bdffbc2e20 nmethod 54581 0x000002bdf7bbf390 code [0x000002bdf7bbf520, 0x000002bdf7bbfdb8]
Event: 11597.938 Thread 0x000002bdffbc2e20 54585       4       java.util.concurrent.atomic.AtomicBoolean::<init> (5 bytes)
Event: 11597.938 Thread 0x000002bdffbc2e20 nmethod 54585 0x000002bdf7bc0190 code [0x000002bdf7bc0300, 0x000002bdf7bc0378]
Event: 11597.938 Thread 0x000002bdffbc2e20 54586       4       com.android.tools.r8.graph.g1$$Lambda$2741/0x000002bd860f7c88::apply (11 bytes)
Event: 11597.939 Thread 0x000002bdffbc2e20 nmethod 54586 0x000002bdf7bc0490 code [0x000002bdf7bc0600, 0x000002bdf7bc06b8]
Event: 11597.939 Thread 0x000002bdffbc2e20 54578       4       java.io.PushbackInputStream::read (145 bytes)
Event: 11597.941 Thread 0x000002bdffbc38d0 54589       3       com.android.tools.r8.internal.da::<init> (67 bytes)
Event: 11597.942 Thread 0x000002bdffbc38d0 nmethod 54589 0x000002bdf1073890 code [0x000002bdf1073ac0, 0x000002bdf1074598]
Event: 11597.943 Thread 0x000002bdffbc2e20 nmethod 54578 0x000002bdf7bc0790 code [0x000002bdf7bc0920, 0x000002bdf7bc0bd8]

GC Heap History (20 events):
Event: 11588.133 GC heap after
{Heap after GC invocations=305 (full 0):
 garbage-first heap   total 854016K, used 185593K [0x0000000080000000, 0x0000000100000000)
  region size 1024K, 4 young (4096K), 4 survivors (4096K)
 Metaspace       used 161899K, committed 163904K, reserved 1245184K
  class space    used 20863K, committed 21888K, reserved 1048576K
}
Event: 11589.450 GC heap before
{Heap before GC invocations=305 (full 0):
 garbage-first heap   total 854016K, used 417017K [0x0000000080000000, 0x0000000100000000)
  region size 1024K, 231 young (236544K), 4 survivors (4096K)
 Metaspace       used 161902K, committed 163968K, reserved 1245184K
  class space    used 20863K, committed 21888K, reserved 1048576K
}
Event: 11589.459 GC heap after
{Heap after GC invocations=306 (full 0):
 garbage-first heap   total 854016K, used 190666K [0x0000000080000000, 0x0000000100000000)
  region size 1024K, 9 young (9216K), 9 survivors (9216K)
 Metaspace       used 161902K, committed 163968K, reserved 1245184K
  class space    used 20863K, committed 21888K, reserved 1048576K
}
Event: 11591.821 GC heap before
{Heap before GC invocations=307 (full 0):
 garbage-first heap   total 604160K, used 542673K [0x0000000080000000, 0x0000000100000000)
  region size 1024K, 317 young (324608K), 9 survivors (9216K)
 Metaspace       used 161928K, committed 163968K, reserved 1245184K
  class space    used 20863K, committed 21888K, reserved 1048576K
}
Event: 11591.906 GC heap after
{Heap after GC invocations=308 (full 0):
 garbage-first heap   total 621568K, used 262528K [0x0000000080000000, 0x0000000100000000)
  region size 1024K, 55 young (56320K), 55 survivors (56320K)
 Metaspace       used 161928K, committed 163968K, reserved 1245184K
  class space    used 20863K, committed 21888K, reserved 1048576K
}
Event: 11591.921 GC heap before
{Heap before GC invocations=308 (full 0):
 garbage-first heap   total 621568K, used 264576K [0x0000000080000000, 0x0000000100000000)
  region size 1024K, 56 young (57344K), 55 survivors (56320K)
 Metaspace       used 161928K, committed 163968K, reserved 1245184K
  class space    used 20863K, committed 21888K, reserved 1048576K
}
Event: 11591.988 GC heap after
{Heap after GC invocations=309 (full 0):
 garbage-first heap   total 621568K, used 237453K [0x0000000080000000, 0x0000000100000000)
  region size 1024K, 4 young (4096K), 4 survivors (4096K)
 Metaspace       used 161928K, committed 163968K, reserved 1245184K
  class space    used 20863K, committed 21888K, reserved 1048576K
}
Event: 11592.048 GC heap before
{Heap before GC invocations=309 (full 0):
 garbage-first heap   total 621568K, used 243597K [0x0000000080000000, 0x0000000100000000)
  region size 1024K, 12 young (12288K), 4 survivors (4096K)
 Metaspace       used 161928K, committed 163968K, reserved 1245184K
  class space    used 20863K, committed 21888K, reserved 1048576K
}
Event: 11592.053 GC heap after
{Heap after GC invocations=310 (full 0):
 garbage-first heap   total 621568K, used 237069K [0x0000000080000000, 0x0000000100000000)
  region size 1024K, 4 young (4096K), 4 survivors (4096K)
 Metaspace       used 161928K, committed 163968K, reserved 1245184K
  class space    used 20863K, committed 21888K, reserved 1048576K
}
Event: 11595.630 GC heap before
{Heap before GC invocations=311 (full 0):
 garbage-first heap   total 621568K, used 510477K [0x0000000080000000, 0x0000000100000000)
  region size 1024K, 233 young (238592K), 4 survivors (4096K)
 Metaspace       used 162221K, committed 164224K, reserved 1245184K
  class space    used 20884K, committed 21888K, reserved 1048576K
}
Event: 11595.648 GC heap after
{Heap after GC invocations=312 (full 0):
 garbage-first heap   total 621568K, used 260283K [0x0000000080000000, 0x0000000100000000)
  region size 1024K, 20 young (20480K), 20 survivors (20480K)
 Metaspace       used 162221K, committed 164224K, reserved 1245184K
  class space    used 20884K, committed 21888K, reserved 1048576K
}
Event: 11595.722 GC heap before
{Heap before GC invocations=312 (full 0):
 garbage-first heap   total 621568K, used 270523K [0x0000000080000000, 0x0000000100000000)
  region size 1024K, 30 young (30720K), 20 survivors (20480K)
 Metaspace       used 162221K, committed 164224K, reserved 1245184K
  class space    used 20884K, committed 21888K, reserved 1048576K
}
Event: 11595.746 GC heap after
{Heap after GC invocations=313 (full 0):
 garbage-first heap   total 621568K, used 254230K [0x0000000080000000, 0x0000000100000000)
  region size 1024K, 2 young (2048K), 2 survivors (2048K)
 Metaspace       used 162221K, committed 164224K, reserved 1245184K
  class space    used 20884K, committed 21888K, reserved 1048576K
}
Event: 11596.447 GC heap before
{Heap before GC invocations=313 (full 0):
 garbage-first heap   total 621568K, used 317718K [0x0000000080000000, 0x0000000100000000)
  region size 1024K, 66 young (67584K), 2 survivors (2048K)
 Metaspace       used 162230K, committed 164288K, reserved 1245184K
  class space    used 20884K, committed 21888K, reserved 1048576K
}
Event: 11596.454 GC heap after
{Heap after GC invocations=314 (full 0):
 garbage-first heap   total 621568K, used 254230K [0x0000000080000000, 0x0000000100000000)
  region size 1024K, 4 young (4096K), 4 survivors (4096K)
 Metaspace       used 162230K, committed 164288K, reserved 1245184K
  class space    used 20884K, committed 21888K, reserved 1048576K
}
Event: 11597.076 GC heap before
{Heap before GC invocations=315 (full 0):
 garbage-first heap   total 621568K, used 414998K [0x0000000080000000, 0x0000000100000000)
  region size 1024K, 232 young (237568K), 4 survivors (4096K)
 Metaspace       used 162238K, committed 164288K, reserved 1245184K
  class space    used 20884K, committed 21888K, reserved 1048576K
}
Event: 11597.090 GC heap after
{Heap after GC invocations=316 (full 0):
 garbage-first heap   total 621568K, used 190830K [0x0000000080000000, 0x0000000100000000)
  region size 1024K, 15 young (15360K), 15 survivors (15360K)
 Metaspace       used 162238K, committed 164288K, reserved 1245184K
  class space    used 20884K, committed 21888K, reserved 1048576K
}
Event: 11597.107 GC heap before
{Heap before GC invocations=316 (full 0):
 garbage-first heap   total 621568K, used 207214K [0x0000000080000000, 0x0000000100000000)
  region size 1024K, 32 young (32768K), 15 survivors (15360K)
 Metaspace       used 162238K, committed 164288K, reserved 1245184K
  class space    used 20884K, committed 21888K, reserved 1048576K
}
Event: 11597.130 GC heap after
{Heap after GC invocations=317 (full 0):
 garbage-first heap   total 621568K, used 157447K [0x0000000080000000, 0x0000000100000000)
  region size 1024K, 1 young (1024K), 1 survivors (1024K)
 Metaspace       used 162238K, committed 164288K, reserved 1245184K
  class space    used 20884K, committed 21888K, reserved 1048576K
}
Event: 11597.981 GC heap before
{Heap before GC invocations=317 (full 0):
 garbage-first heap   total 621568K, used 253703K [0x0000000080000000, 0x0000000100000000)
  region size 1024K, 97 young (99328K), 1 survivors (1024K)
 Metaspace       used 162248K, committed 164288K, reserved 1245184K
  class space    used 20884K, committed 21888K, reserved 1048576K
}

Deoptimization events (20 events):
Event: 11594.847 Thread 0x000002bdd7f66980 DEOPT PACKING pc=0x000002bdee8d823d sp=0x000000c53d8fb0e0
Event: 11594.848 Thread 0x000002bdd7f66980 DEOPT UNPACKING pc=0x000002bdf47e66e3 sp=0x000000c53d8fa730 mode 0
Event: 11594.861 Thread 0x000002bdd7f66980 DEOPT PACKING pc=0x000002bdee8d823d sp=0x000000c53d8fb0e0
Event: 11594.861 Thread 0x000002bdd7f66980 DEOPT UNPACKING pc=0x000002bdf47e66e3 sp=0x000000c53d8fa730 mode 0
Event: 11595.489 Thread 0x000002bdd7f66980 Uncommon trap: trap_request=0xffffffbe fr.pc=0x000002bdf7b48f94 relative=0x0000000000000474
Event: 11595.489 Thread 0x000002bdd7f66980 Uncommon trap: reason=profile_predicate action=maybe_recompile pc=0x000002bdf7b48f94 method=jdk.internal.jrtfs.JrtPath.normalize(Ljava/lang/String;)Ljava/lang/String; @ 17 c2
Event: 11595.489 Thread 0x000002bdd7f66980 DEOPT PACKING pc=0x000002bdf7b48f94 sp=0x000000c53d8f66c0
Event: 11595.489 Thread 0x000002bdd7f66980 DEOPT UNPACKING pc=0x000002bdf47e5ba3 sp=0x000000c53d8f6640 mode 2
Event: 11595.489 Thread 0x000002bdd7f66980 Uncommon trap: trap_request=0xffffffbe fr.pc=0x000002bdf7b48f94 relative=0x0000000000000474
Event: 11595.489 Thread 0x000002bdd7f66980 Uncommon trap: reason=profile_predicate action=maybe_recompile pc=0x000002bdf7b48f94 method=jdk.internal.jrtfs.JrtPath.normalize(Ljava/lang/String;)Ljava/lang/String; @ 17 c2
Event: 11595.489 Thread 0x000002bdd7f66980 DEOPT PACKING pc=0x000002bdf7b48f94 sp=0x000000c53d8f6510
Event: 11595.490 Thread 0x000002bdd7f66980 DEOPT UNPACKING pc=0x000002bdf47e5ba3 sp=0x000000c53d8f6490 mode 2
Event: 11595.490 Thread 0x000002bdd7f66980 Uncommon trap: trap_request=0xffffffbe fr.pc=0x000002bdf7b48f94 relative=0x0000000000000474
Event: 11595.490 Thread 0x000002bdd7f66980 Uncommon trap: reason=profile_predicate action=maybe_recompile pc=0x000002bdf7b48f94 method=jdk.internal.jrtfs.JrtPath.normalize(Ljava/lang/String;)Ljava/lang/String; @ 17 c2
Event: 11595.490 Thread 0x000002bdd7f66980 DEOPT PACKING pc=0x000002bdf7b48f94 sp=0x000000c53d8f6510
Event: 11595.490 Thread 0x000002bdd7f66980 DEOPT UNPACKING pc=0x000002bdf47e5ba3 sp=0x000000c53d8f6490 mode 2
Event: 11595.490 Thread 0x000002bdd7f66980 Uncommon trap: trap_request=0xffffffbe fr.pc=0x000002bdf7b48f94 relative=0x0000000000000474
Event: 11595.490 Thread 0x000002bdd7f66980 Uncommon trap: reason=profile_predicate action=maybe_recompile pc=0x000002bdf7b48f94 method=jdk.internal.jrtfs.JrtPath.normalize(Ljava/lang/String;)Ljava/lang/String; @ 17 c2
Event: 11595.490 Thread 0x000002bdd7f66980 DEOPT PACKING pc=0x000002bdf7b48f94 sp=0x000000c53d8f6510
Event: 11595.490 Thread 0x000002bdd7f66980 DEOPT UNPACKING pc=0x000002bdf47e5ba3 sp=0x000000c53d8f6490 mode 2

Classes unloaded (20 events):
Event: 11092.240 Thread 0x000002bdffba9090 Unloading class 0x000002bd865466c8 'jdk/internal/jimage/ImageHeader'
Event: 11092.240 Thread 0x000002bdffba9090 Unloading class 0x000002bd86546498 'jdk/internal/jimage/BasicImageReader$2'
Event: 11092.240 Thread 0x000002bdffba9090 Unloading class 0x000002bd86546268 'jdk/internal/jimage/BasicImageReader$1'
Event: 11092.240 Thread 0x000002bdffba9090 Unloading class 0x000002bd86546000 'jdk/internal/jimage/ImageReader$Resource'
Event: 11092.240 Thread 0x000002bdffba9090 Unloading class 0x000002bd8653bce8 'jdk/internal/jimage/ImageReader$LinkNode'
Event: 11092.240 Thread 0x000002bdffba9090 Unloading class 0x000002bd8653ba80 'jdk/internal/jimage/ImageReader$Directory'
Event: 11092.240 Thread 0x000002bdffba9090 Unloading class 0x000002bd8653b818 'jdk/internal/jimage/ImageReader$Node'
Event: 11092.240 Thread 0x000002bdffba9090 Unloading class 0x000002bd8653b620 'jdk/internal/jimage/ImageStrings'
Event: 11092.240 Thread 0x000002bdffba9090 Unloading class 0x000002bd8653b360 'jdk/internal/jimage/ImageReader$SharedImageReader'
Event: 11092.240 Thread 0x000002bdffba9090 Unloading class 0x000002bd8653b0a0 'jdk/internal/jimage/BasicImageReader'
Event: 11092.240 Thread 0x000002bdffba9090 Unloading class 0x000002bd8653ae80 'jdk/internal/jimage/ImageReader'
Event: 11092.240 Thread 0x000002bdffba9090 Unloading class 0x000002bd8653ac58 'jdk/internal/jrtfs/SystemImage$2'
Event: 11092.240 Thread 0x000002bdffba9090 Unloading class 0x000002bd8653aa40 'jdk/internal/jrtfs/SystemImage$$Lambda$4678+0x000002bd8653aa40'
Event: 11092.240 Thread 0x000002bdffba9090 Unloading class 0x000002bd8653a810 'jdk/internal/jrtfs/ExplodedImage'
Event: 11092.240 Thread 0x000002bdffba9090 Unloading class 0x000002bd8653a5d8 'jdk/internal/jrtfs/SystemImage$1'
Event: 11092.240 Thread 0x000002bdffba9090 Unloading class 0x000002bd86541dd8 'jdk/internal/jrtfs/SystemImage'
Event: 11092.240 Thread 0x000002bdffba9090 Unloading class 0x000002bd8653a378 'jdk/internal/jrtfs/JrtFileStore'
Event: 11092.240 Thread 0x000002bdffba9090 Unloading class 0x000002bd8653a000 'jdk/internal/jrtfs/JrtPath'
Event: 11092.240 Thread 0x000002bdffba9090 Unloading class 0x000002bd86541ae0 'jdk/internal/jrtfs/JrtFileSystem'
Event: 11092.240 Thread 0x000002bdffba9090 Unloading class 0x000002bd86541800 'jdk/internal/jrtfs/JrtFileSystemProvider'

Classes redefined (0 events):
No events

Internal exceptions (20 events):
Event: 11597.464 Thread 0x000002bdd9032800 Exception <a 'sun/nio/fs/WindowsException'{0x00000000a25e6e20}> (0x00000000a25e6e20) 
thrown [s\open\src\hotspot\share\prims\jni.cpp, line 516]
Event: 11597.465 Thread 0x000002bdd9032800 Exception <a 'sun/nio/fs/WindowsException'{0x00000000a25eb8b0}> (0x00000000a25eb8b0) 
thrown [s\open\src\hotspot\share\prims\jni.cpp, line 516]
Event: 11597.466 Thread 0x000002bdd9032800 Exception <a 'sun/nio/fs/WindowsException'{0x00000000a25f24e0}> (0x00000000a25f24e0) 
thrown [s\open\src\hotspot\share\prims\jni.cpp, line 516]
Event: 11597.468 Thread 0x000002bdd9032800 Exception <a 'sun/nio/fs/WindowsException'{0x00000000a25fe9a8}> (0x00000000a25fe9a8) 
thrown [s\open\src\hotspot\share\prims\jni.cpp, line 516]
Event: 11597.469 Thread 0x000002bdd9032800 Exception <a 'sun/nio/fs/WindowsException'{0x00000000a23c4a80}> (0x00000000a23c4a80) 
thrown [s\open\src\hotspot\share\prims\jni.cpp, line 516]
Event: 11597.471 Thread 0x000002bdd9032800 Exception <a 'sun/nio/fs/WindowsException'{0x00000000a23cbbe8}> (0x00000000a23cbbe8) 
thrown [s\open\src\hotspot\share\prims\jni.cpp, line 516]
Event: 11597.473 Thread 0x000002bdd9032800 Exception <a 'sun/nio/fs/WindowsException'{0x00000000a23d2a10}> (0x00000000a23d2a10) 
thrown [s\open\src\hotspot\share\prims\jni.cpp, line 516]
Event: 11597.474 Thread 0x000002bdd9032800 Exception <a 'sun/nio/fs/WindowsException'{0x00000000a23d89b0}> (0x00000000a23d89b0) 
thrown [s\open\src\hotspot\share\prims\jni.cpp, line 516]
Event: 11597.476 Thread 0x000002bdd9032800 Exception <a 'sun/nio/fs/WindowsException'{0x00000000a23e0710}> (0x00000000a23e0710) 
thrown [s\open\src\hotspot\share\prims\jni.cpp, line 516]
Event: 11597.478 Thread 0x000002bdd9032800 Exception <a 'sun/nio/fs/WindowsException'{0x00000000a23ed100}> (0x00000000a23ed100) 
thrown [s\open\src\hotspot\share\prims\jni.cpp, line 516]
Event: 11597.480 Thread 0x000002bdd9032800 Exception <a 'sun/nio/fs/WindowsException'{0x00000000a23f7298}> (0x00000000a23f7298) 
thrown [s\open\src\hotspot\share\prims\jni.cpp, line 516]
Event: 11597.905 Thread 0x000002bdd9031de0 Exception <a 'sun/nio/fs/WindowsException'{0x00000000d2a8d8f8}> (0x00000000d2a8d8f8) 
thrown [s\open\src\hotspot\share\prims\jni.cpp, line 516]
Event: 11597.911 Thread 0x000002bdd9031de0 Exception <a 'sun/nio/fs/WindowsException'{0x00000000a1cf6968}> (0x00000000a1cf6968) 
thrown [s\open\src\hotspot\share\prims\jni.cpp, line 516]
Event: 11597.912 Thread 0x000002bdcca12480 Exception <a 'sun/nio/fs/WindowsException'{0x00000000a1dff300}> (0x00000000a1dff300) 
thrown [s\open\src\hotspot\share\prims\jni.cpp, line 516]
Event: 11597.912 Thread 0x000002bdd7f673a0 Exception <a 'sun/nio/fs/WindowsException'{0x00000000a2ba6218}> (0x00000000a2ba6218) 
thrown [s\open\src\hotspot\share\prims\jni.cpp, line 516]
Event: 11597.919 Thread 0x000002bdd7f673a0 Exception <a 'sun/nio/fs/WindowsException'{0x00000000a166f050}> (0x00000000a166f050) 
thrown [s\open\src\hotspot\share\prims\jni.cpp, line 516]
Event: 11597.922 Thread 0x000002bdd9031de0 Exception <a 'sun/nio/fs/WindowsException'{0x00000000a1aac4c8}> (0x00000000a1aac4c8) 
thrown [s\open\src\hotspot\share\prims\jni.cpp, line 516]
Event: 11597.922 Thread 0x000002bdd9f729b0 Exception <a 'sun/nio/fs/WindowsException'{0x00000000a1a2fd60}> (0x00000000a1a2fd60) 
thrown [s\open\src\hotspot\share\prims\jni.cpp, line 516]
Event: 11597.934 Thread 0x000002bdd9f729b0 Exception <a 'sun/nio/fs/WindowsException'{0x00000000a0d65298}> (0x00000000a0d65298) 
thrown [s\open\src\hotspot\share\prims\jni.cpp, line 516]
Event: 11597.946 Thread 0x000002bdd9031de0 Exception <a 'sun/nio/fs/WindowsException'{0x00000000a0524660}> (0x00000000a0524660) 
thrown [s\open\src\hotspot\share\prims\jni.cpp, line 516]

VM Operations (20 events):
Event: 11595.366 Executing VM operation: HandshakeAllThreads done
Event: 11595.366 Executing VM operation: Cleanup
Event: 11595.367 Executing VM operation: Cleanup done
Event: 11595.630 Executing VM operation: G1CollectForAllocation
Event: 11595.648 Executing VM operation: G1CollectForAllocation done
Event: 11595.722 Executing VM operation: G1CollectForAllocation
Event: 11595.746 Executing VM operation: G1CollectForAllocation done
Event: 11596.447 Executing VM operation: G1TryInitiateConcMark
Event: 11596.455 Executing VM operation: G1TryInitiateConcMark done
Event: 11596.635 Executing VM operation: G1Concurrent
Event: 11596.678 Executing VM operation: G1Concurrent done
Event: 11596.784 Executing VM operation: G1Concurrent
Event: 11596.785 Executing VM operation: G1Concurrent done
Event: 11597.063 Executing VM operation: G1CollectForAllocation
Event: 11597.093 Executing VM operation: G1CollectForAllocation done
Event: 11597.104 Executing VM operation: G1CollectForAllocation
Event: 11597.104 Executing VM operation: G1CollectForAllocation done
Event: 11597.107 Executing VM operation: G1CollectForAllocation
Event: 11597.131 Executing VM operation: G1CollectForAllocation done
Event: 11597.981 Executing VM operation: G1TryInitiateConcMark

Events (20 events):
Event: 11595.465 Thread 0x000002bdffbc52e0 flushing nmethod 0x000002bdf0ddce90
Event: 11595.465 Thread 0x000002bdffbc52e0 flushing nmethod 0x000002bdf0de9790
Event: 11595.467 Thread 0x000002bdffbc52e0 flushing nmethod 0x000002bdf1073290
Event: 11595.467 Thread 0x000002bdffbc52e0 flushing nmethod 0x000002bdf109ff90
Event: 11595.467 Thread 0x000002bdffbc52e0 flushing nmethod 0x000002bdf10c5110
Event: 11595.468 Thread 0x000002bdffbc52e0 flushing nmethod 0x000002bdf11a1b90
Event: 11595.794 Thread 0x000002bdd8ef21a0 Thread exited: 0x000002bdd8ef21a0
Event: 11596.199 Thread 0x000002bdcca0ce70 Thread added: 0x000002bdcca0ce70
Event: 11596.277 Thread 0x000002bdd80f2a10 Thread added: 0x000002bdd80f2a10
Event: 11596.277 Thread 0x000002bdd80ef770 Thread added: 0x000002bdd80ef770
Event: 11596.277 Thread 0x000002bdd80f10c0 Thread added: 0x000002bdd80f10c0
Event: 11596.277 Thread 0x000002bdd80f2500 Thread added: 0x000002bdd80f2500
Event: 11596.278 Thread 0x000002bdd08d0300 Thread added: 0x000002bdd08d0300
Event: 11596.278 Thread 0x000002bdd08cfdf0 Thread added: 0x000002bdd08cfdf0
Event: 11596.278 Thread 0x000002bdd08d0810 Thread added: 0x000002bdd08d0810
Event: 11596.558 Thread 0x000002bdd8ef26f0 Thread added: 0x000002bdd8ef26f0
Event: 11596.607 Thread 0x000002bdd8095740 Thread added: 0x000002bdd8095740
Event: 11597.893 Thread 0x000002bdd8ef26f0 Thread exited: 0x000002bdd8ef26f0
Event: 11597.893 Thread 0x000002bdd8095740 Thread exited: 0x000002bdd8095740
Event: 11597.910 Thread 0x000002bdd9f729b0 Thread added: 0x000002bdd9f729b0


Dynamic libraries:
0x00007ff6956d0000 - 0x00007ff6956e0000 	C:\Program Files\Java\jdk-17\bin\java.exe
0x00007ffc0ab70000 - 0x00007ffc0ad87000 	C:\WINDOWS\SYSTEM32\ntdll.dll
0x00007ffc0a660000 - 0x00007ffc0a724000 	C:\WINDOWS\System32\KERNEL32.DLL
0x00007ffc07d20000 - 0x00007ffc080f2000 	C:\WINDOWS\System32\KERNELBASE.dll
0x00007ffc086b0000 - 0x00007ffc087c1000 	C:\WINDOWS\System32\ucrtbase.dll
0x00007ffbe9e50000 - 0x00007ffbe9e69000 	C:\Program Files\Java\jdk-17\bin\jli.dll
0x00007ffbe09d0000 - 0x00007ffbe09eb000 	C:\Program Files\Java\jdk-17\bin\VCRUNTIME140.dll
0x00007ffc0a940000 - 0x00007ffc0a9f1000 	C:\WINDOWS\System32\ADVAPI32.dll
0x00007ffc09b10000 - 0x00007ffc09bb7000 	C:\WINDOWS\System32\msvcrt.dll
0x00007ffc09fa0000 - 0x00007ffc0a048000 	C:\WINDOWS\System32\sechost.dll
0x00007ffc08600000 - 0x00007ffc08628000 	C:\WINDOWS\System32\bcrypt.dll
0x00007ffc0a7d0000 - 0x00007ffc0a8e4000 	C:\WINDOWS\System32\RPCRT4.dll
0x00007ffc0a050000 - 0x00007ffc0a201000 	C:\WINDOWS\System32\USER32.dll
0x00007ffc087d0000 - 0x00007ffc087f6000 	C:\WINDOWS\System32\win32u.dll
0x00007ffc09d30000 - 0x00007ffc09d59000 	C:\WINDOWS\System32\GDI32.dll
0x00007ffbeaaf0000 - 0x00007ffbead8b000 	C:\WINDOWS\WinSxS\amd64_microsoft.windows.common-controls_6595b64144ccf1df_6.0.22621.5547_none_27104afb73855772\COMCTL32.dll
0x00007ffc08220000 - 0x00007ffc08343000 	C:\WINDOWS\System32\gdi32full.dll
0x00007ffc08100000 - 0x00007ffc0819a000 	C:\WINDOWS\System32\msvcp_win.dll
0x00007ffc007e0000 - 0x00007ffc007ea000 	C:\WINDOWS\SYSTEM32\VERSION.dll
0x00007ffc0aab0000 - 0x00007ffc0aae1000 	C:\WINDOWS\System32\IMM32.DLL
0x00007ffbeaa30000 - 0x00007ffbeaa3c000 	C:\Program Files\Java\jdk-17\bin\vcruntime140_1.dll
0x00007ffbb9000000 - 0x00007ffbb908e000 	C:\Program Files\Java\jdk-17\bin\msvcp140.dll
0x00007ffbad7f0000 - 0x00007ffbae3d0000 	C:\Program Files\Java\jdk-17\bin\server\jvm.dll
0x00007ffc0ab20000 - 0x00007ffc0ab28000 	C:\WINDOWS\System32\PSAPI.DLL
0x00007ffbfea30000 - 0x00007ffbfea39000 	C:\WINDOWS\SYSTEM32\WSOCK32.dll
0x00007ffc00bf0000 - 0x00007ffc00c24000 	C:\WINDOWS\SYSTEM32\WINMM.dll
0x00007ffc0a730000 - 0x00007ffc0a7a1000 	C:\WINDOWS\System32\WS2_32.dll
0x00007ffc06c10000 - 0x00007ffc06c28000 	C:\WINDOWS\SYSTEM32\kernel.appcore.dll
0x00007ffbe99e0000 - 0x00007ffbe99ea000 	C:\Program Files\Java\jdk-17\bin\jimage.dll
0x00007ffc05690000 - 0x00007ffc058c3000 	C:\WINDOWS\SYSTEM32\DBGHELP.DLL
0x00007ffc08800000 - 0x00007ffc08b93000 	C:\WINDOWS\System32\combase.dll
0x00007ffc09bc0000 - 0x00007ffc09c97000 	C:\WINDOWS\System32\OLEAUT32.dll
0x00007ffbea470000 - 0x00007ffbea4a2000 	C:\WINDOWS\SYSTEM32\dbgcore.DLL
0x00007ffc08630000 - 0x00007ffc086ab000 	C:\WINDOWS\System32\bcryptPrimitives.dll
0x00007ffbe4d80000 - 0x00007ffbe4d8e000 	C:\Program Files\Java\jdk-17\bin\instrument.dll
0x00007ffbc6600000 - 0x00007ffbc6625000 	C:\Program Files\Java\jdk-17\bin\java.dll
0x00007ffbb8f20000 - 0x00007ffbb8ff7000 	C:\Program Files\Java\jdk-17\bin\jsvml.dll
0x00007ffc08ba0000 - 0x00007ffc09442000 	C:\WINDOWS\System32\SHELL32.dll
0x00007ffc084c0000 - 0x00007ffc085ff000 	C:\WINDOWS\System32\wintypes.dll
0x00007ffc05b40000 - 0x00007ffc0645d000 	C:\WINDOWS\SYSTEM32\windows.storage.dll
0x00007ffc0a4d0000 - 0x00007ffc0a5dc000 	C:\WINDOWS\System32\SHCORE.dll
0x00007ffc09aa0000 - 0x00007ffc09b09000 	C:\WINDOWS\System32\shlwapi.dll
0x00007ffc07b90000 - 0x00007ffc07bbb000 	C:\WINDOWS\SYSTEM32\profapi.dll
0x00007ffbdca60000 - 0x00007ffbdca78000 	C:\Program Files\Java\jdk-17\bin\zip.dll
0x00007ffbbbd60000 - 0x00007ffbbbd79000 	C:\Program Files\Java\jdk-17\bin\net.dll
0x00007ffc043a0000 - 0x00007ffc044cc000 	C:\WINDOWS\SYSTEM32\WINHTTP.dll
0x00007ffc07110000 - 0x00007ffc07179000 	C:\WINDOWS\system32\mswsock.dll
0x00007ffbbbb30000 - 0x00007ffbbbb46000 	C:\Program Files\Java\jdk-17\bin\nio.dll
0x00007ffbe4cf0000 - 0x00007ffbe4d00000 	C:\Program Files\Java\jdk-17\bin\verify.dll
0x00007ffbeb7f0000 - 0x00007ffbeb817000 	C:\Users\arnab bandyopadhyay\.gradle\native\c067742578af261105cb4f569cf0c3c89f3d7b1fecec35dd04571415982c5e48\windows-amd64\native-platform.dll
0x00007ffbb4560000 - 0x00007ffbb46a4000 	C:\Users\arnab bandyopadhyay\.gradle\native\100fb08df4bc3b14c8652ba06237920a3bd2aa13389f12d3474272988ae205f9\windows-amd64\native-platform-file-events.dll
0x00007ffbdee90000 - 0x00007ffbdee9a000 	C:\Program Files\Java\jdk-17\bin\management.dll
0x00007ffbc65f0000 - 0x00007ffbc65fb000 	C:\Program Files\Java\jdk-17\bin\management_ext.dll
0x00007ffc07370000 - 0x00007ffc0738b000 	C:\WINDOWS\SYSTEM32\CRYPTSP.dll
0x00007ffc06bd0000 - 0x00007ffc06c07000 	C:\WINDOWS\system32\rsaenh.dll
0x00007ffc07200000 - 0x00007ffc07228000 	C:\WINDOWS\SYSTEM32\USERENV.dll
0x00007ffc07360000 - 0x00007ffc0736c000 	C:\WINDOWS\SYSTEM32\CRYPTBASE.dll
0x00007ffc066d0000 - 0x00007ffc066fd000 	C:\WINDOWS\SYSTEM32\IPHLPAPI.DLL
0x00007ffc0a3b0000 - 0x00007ffc0a3b9000 	C:\WINDOWS\System32\NSI.dll
0x00007ffc00e40000 - 0x00007ffc00e59000 	C:\WINDOWS\SYSTEM32\dhcpcsvc6.DLL
0x00007ffc00e20000 - 0x00007ffc00e3f000 	C:\WINDOWS\SYSTEM32\dhcpcsvc.DLL
0x00007ffc06740000 - 0x00007ffc06838000 	C:\WINDOWS\SYSTEM32\DNSAPI.dll
0x00007ffbc16e0000 - 0x00007ffbc16ee000 	C:\Program Files\Java\jdk-17\bin\sunmscapi.dll
0x00007ffc08350000 - 0x00007ffc084b7000 	C:\WINDOWS\System32\CRYPT32.dll
0x00007ffc07520000 - 0x00007ffc0754d000 	C:\WINDOWS\SYSTEM32\ncrypt.dll
0x00007ffc074e0000 - 0x00007ffc07517000 	C:\WINDOWS\SYSTEM32\NTASN1.dll
0x00007ffb88cb0000 - 0x00007ffb88cb8000 	C:\WINDOWS\system32\wshunix.dll
0x00007ffc06da0000 - 0x00007ffc06dd4000 	C:\WINDOWS\SYSTEM32\ntmarta.dll
0x00007ffbff1e0000 - 0x00007ffbff1ea000 	C:\Windows\System32\rasadhlp.dll
0x00007ffbfe370000 - 0x00007ffbfe3f4000 	C:\WINDOWS\System32\fwpuclnt.dll

dbghelp: loaded successfully - version: 4.0.5 - missing functions: none
symbol engine: initialized successfully - sym options: 0x614 - pdb path: .;C:\Program Files\Java\jdk-17\bin;C:\WINDOWS\SYSTEM32;C:\WINDOWS\WinSxS\amd64_microsoft.windows.common-controls_6595b64144ccf1df_6.0.22621.5547_none_27104afb73855772;C:\Program Files\Java\jdk-17\bin\server;C:\Users\arnab bandyopadhyay\.gradle\native\c067742578af261105cb4f569cf0c3c89f3d7b1fecec35dd04571415982c5e48\windows-amd64;C:\Users\arnab bandyopadhyay\.gradle\native\100fb08df4bc3b14c8652ba06237920a3bd2aa13389f12d3474272988ae205f9\windows-amd64

VM Arguments:
jvm_args: --add-opens=java.base/java.lang=ALL-UNNAMED --add-opens=java.base/java.lang.invoke=ALL-UNNAMED --add-opens=java.base/java.util=ALL-UNNAMED --add-opens=java.prefs/java.util.prefs=ALL-UNNAMED --add-exports=jdk.compiler/com.sun.tools.javac.api=ALL-UNNAMED --add-exports=jdk.compiler/com.sun.tools.javac.util=ALL-UNNAMED --add-opens=java.base/java.util=ALL-UNNAMED --add-opens=java.prefs/java.util.prefs=ALL-UNNAMED --add-opens=java.base/java.nio.charset=ALL-UNNAMED --add-opens=java.base/java.net=ALL-UNNAMED --add-opens=java.base/java.util.concurrent.atomic=ALL-UNNAMED --add-opens=java.xml/javax.xml.namespace=ALL-UNNAMED -Xmx2048m -Dfile.encoding=UTF-8 -Duser.country=IN -Duser.language=en -Duser.variant -javaagent:C:\Users\arnab bandyopadhyay\.gradle\wrapper\dists\gradle-8.11.1-bin\bpt9gzteqjrbo1mjrsomdt32c\gradle-8.11.1\lib\agents\gradle-instrumentation-agent-8.11.1.jar 
java_command: org.gradle.launcher.daemon.bootstrap.GradleDaemon 8.11.1
java_class_path (initial): C:\Users\arnab bandyopadhyay\.gradle\wrapper\dists\gradle-8.11.1-bin\bpt9gzteqjrbo1mjrsomdt32c\gradle-8.11.1\lib\gradle-daemon-main-8.11.1.jar
Launcher Type: SUN_STANDARD

[Global flags]
     intx CICompilerCount                          = 4                                         {product} {ergonomic}
     uint ConcGCThreads                            = 2                                         {product} {ergonomic}
     uint G1ConcRefinementThreads                  = 8                                         {product} {ergonomic}
   size_t G1HeapRegionSize                         = 1048576                                   {product} {ergonomic}
    uintx GCDrainStackTargetSize                   = 64                                        {product} {ergonomic}
   size_t InitialHeapSize                          = 130023424                                 {product} {ergonomic}
   size_t MarkStackSize                            = 4194304                                   {product} {ergonomic}
   size_t MaxHeapSize                              = 2147483648                                {product} {command line}
   size_t MaxNewSize                               = 1287651328                                {product} {ergonomic}
   size_t MinHeapDeltaBytes                        = 1048576                                   {product} {ergonomic}
   size_t MinHeapSize                              = 8388608                                   {product} {ergonomic}
    uintx NonNMethodCodeHeapSize                   = 5839372                                {pd product} {ergonomic}
    uintx NonProfiledCodeHeapSize                  = 122909434                              {pd product} {ergonomic}
    uintx ProfiledCodeHeapSize                     = 122909434                              {pd product} {ergonomic}
    uintx ReservedCodeCacheSize                    = 251658240                              {pd product} {ergonomic}
     bool SegmentedCodeCache                       = true                                      {product} {ergonomic}
   size_t SoftMaxHeapSize                          = 2147483648                             {manageable} {ergonomic}
     bool UseCompressedClassPointers               = true                           {product lp64_product} {ergonomic}
     bool UseCompressedOops                        = true                           {product lp64_product} {ergonomic}
     bool UseG1GC                                  = true                                      {product} {ergonomic}
     bool UseLargePagesIndividualAllocation        = false                                  {pd product} {ergonomic}

Logging:
Log output configuration:
 #0: stdout all=warning uptime,level,tags
 #1: stderr all=off uptime,level,tags

Environment Variables:
JAVA_HOME=C:\Program Files\Java\jdk-17
PATH=C:\Program Files\Java\jdk-17;C:\Program Files\Python313\Scripts\;C:\Program Files\Python313\;C:\WINDOWS\system32;C:\WINDOWS;C:\WINDOWS\System32\Wbem;C:\WINDOWS\System32\WindowsPowerShell\v1.0\;C:\WINDOWS\System32\OpenSSH\;C:\MinGW\bin;C:\MinGW\bin;C:\Program Files\Git\cmd;C:\Program Files\Git\bin;C:\Program Files\MongoDB\Server\8.0\bin;C:\Android\platform-tools;C:\Program Files\nodejs\;C:\Program Files\MongoDB\Server\8.0\bin;C:\Program Files\PostgreSQL\17\bin;C:\Program Files\Java\jdk-17\bin;C:\Android\cmdline-tools\latest\bin;C:\Android\build-tools;C:\Users\arnab bandyopadhyay\AppData\Local\Programs\Python\Python311\Scripts\;C:\Users\arnab bandyopadhyay\AppData\Local\Programs\Python\Python311\;C:\Users\arnab bandyopadhyay\AppData\Local\Programs\Python\Launcher\;C:\Users\arnab bandyopadhyay\AppData\Local\Microsoft\WindowsApps;C:\Users\arnab bandyopadhyay\AppData\Local\Programs\Microsoft VS Code\bin;C:\Users\arnab bandyopadhyay\AppData\Local\Programs\mongosh\;C:\Android\cmdline-tools\latest\bin;C:\Android\platform-tools;C:\Android\ndk\27.1.12297006;C:\Users\arnab bandyopadhyay\AppData\Roaming\npm;C:\Android\build-tools;C:\Program Files\PostgreSQL\17\bin;C:\Android\emulator;;C:\Users\arnab bandyopadhyay\AppData\Roaming\TabNine\language-servers\bundled_java\1.24.0\app
USERNAME=arnab bandyopadhyay
OS=Windows_NT
PROCESSOR_IDENTIFIER=Intel64 Family 6 Model 140 Stepping 1, GenuineIntel



---------------  S Y S T E M  ---------------

OS:
 Windows 11 , 64 bit Build 22621 (10.0.22621.5415)
OS uptime: 0 days 4:09 hours
Hyper-V role detected

CPU: total 8 (initial active 8) (4 cores per cpu, 2 threads per core) family 6 model 140 stepping 1 microcode 0xb4, cx8, cmov, fxsr, ht, mmx, 3dnowpref, sse, sse2, sse3, ssse3, sse4.1, sse4.2, popcnt, lzcnt, tsc, tscinvbit, avx, avx2, aes, erms, clmul, bmi1, bmi2, adx, avx512f, avx512dq, avx512cd, avx512bw, avx512vl, sha, fma, vzeroupper, avx512_vpopcntdq, avx512_vpclmulqdq, avx512_vaes, avx512_vnni, clflush, clflushopt, clwb, avx512_vbmi2, avx512_vbmi, hv

Memory: 4k page, system-wide physical 7834M (1072M free)
TotalPageFile size 15948M (AvailPageFile size 9M)
current process WorkingSet (physical memory assigned to process): 1028M, peak: 1393M
current process commit charge ("private bytes"): 1742M, peak: 1909M

vm_info: Java HotSpot(TM) 64-Bit Server VM (17.0.12+8-LTS-286) for windows-amd64 JRE (17.0.12+8-LTS-286), built on Jun  5 2024 06:46:59 by "mach5one" with MS VC++ 17.6 (VS2022)

END.
