#
# There is insufficient memory for the Java Runtime Environment to continue.
# Native memory allocation (mmap) failed to map 261095424 bytes for G1 virtual space
# Possible reasons:
#   The system is out of physical RAM or swap space
#   The process is running with CompressedOops enabled, and the Java Heap may be blocking the growth of the native heap
# Possible solutions:
#   Reduce memory load on the system
#   Increase physical memory or swap space
#   Check if swap backing store is full
#   Decrease Java heap size (-Xmx/-Xms)
#   Decrease number of Java threads
#   Decrease Java thread stack sizes (-Xss)
#   Set larger code cache with -XX:ReservedCodeCacheSize=
#   JVM is running with Unscaled Compressed Oops mode in which the Java heap is
#     placed in the first 4GB address space. The Java Heap base address is the
#     maximum limit for the native heap growth. Please use -XX:HeapBaseMinAddress
#     to set the Java Heap base and to place the Java Heap above 4GB virtual address.
# This output file may be truncated or incomplete.
#
#  Out of Memory Error (os_windows.cpp:3548), pid=16712, tid=10848
#
# JRE version: Java(TM) SE Runtime Environment (17.0.12+8) (build 17.0.12+8-LTS-286)
# Java VM: Java HotSpot(TM) 64-Bit Server VM (17.0.12+8-LTS-286, mixed mode, sharing, tiered, compressed oops, compressed class ptrs, g1 gc, windows-amd64)
# No core dump will be written. Minidumps are not enabled by default on client versions of Windows
#

---------------  S U M M A R Y ------------

Command Line: --add-opens=java.base/java.lang=ALL-UNNAMED --add-opens=java.base/java.lang.invoke=ALL-UNNAMED --add-opens=java.base/java.util=ALL-UNNAMED --add-opens=java.prefs/java.util.prefs=ALL-UNNAMED --add-exports=jdk.compiler/com.sun.tools.javac.api=ALL-UNNAMED --add-exports=jdk.compiler/com.sun.tools.javac.util=ALL-UNNAMED --add-opens=java.base/java.util=ALL-UNNAMED --add-opens=java.prefs/java.util.prefs=ALL-UNNAMED --add-opens=java.base/java.nio.charset=ALL-UNNAMED --add-opens=java.base/java.net=ALL-UNNAMED --add-opens=java.base/java.util.concurrent.atomic=ALL-UNNAMED --add-opens=java.xml/javax.xml.namespace=ALL-UNNAMED -Xmx2048m -Dfile.encoding=UTF-8 -Duser.country=IN -Duser.language=en -Duser.variant -javaagent:C:\Users\arnab bandyopadhyay\.gradle\wrapper\dists\gradle-8.11.1-bin\bpt9gzteqjrbo1mjrsomdt32c\gradle-8.11.1\lib\agents\gradle-instrumentation-agent-8.11.1.jar org.gradle.launcher.daemon.bootstrap.GradleDaemon 8.11.1

Host: 11th Gen Intel(R) Core(TM) i3-1125G4 @ 2.00GHz, 8 cores, 7G,  Windows 11 , 64 bit Build 22621 (10.0.22621.5415)
Time: Fri Jul 18 14:34:58 2025 India Standard Time elapsed time: 7438.590417 seconds (0d 2h 3m 58s)

---------------  T H R E A D  ---------------

Current thread (0x00000207a40c7080):  VMThread "VM Thread" [stack: 0x00000037db000000,0x00000037db100000] [id=10848]

Stack: [0x00000037db000000,0x00000037db100000]
Native frames: (J=compiled Java code, j=interpreted, Vv=VM code, C=native code)
V  [jvm.dll+0x67a04a]
V  [jvm.dll+0x7da4ed]
V  [jvm.dll+0x7dbe33]
V  [jvm.dll+0x7dc4a3]
V  [jvm.dll+0x24508f]
V  [jvm.dll+0x677089]
V  [jvm.dll+0x66bd32]
V  [jvm.dll+0x301fa6]
V  [jvm.dll+0x309546]
V  [jvm.dll+0x359d2e]
V  [jvm.dll+0x359f5f]
V  [jvm.dll+0x2d9078]
V  [jvm.dll+0x2d74ad]
V  [jvm.dll+0x2d6afc]
V  [jvm.dll+0x31a981]
V  [jvm.dll+0x7e0d9b]
V  [jvm.dll+0x7e1ad4]
V  [jvm.dll+0x7e1fed]
V  [jvm.dll+0x7e23c4]
V  [jvm.dll+0x7e2490]
V  [jvm.dll+0x78abea]
V  [jvm.dll+0x678f35]
C  [ucrtbase.dll+0x29333]
C  [KERNEL32.DLL+0x1259d]
C  [ntdll.dll+0x5af78]

VM_Operation (0x00000037deef9a18): G1TryInitiateConcMark, mode: safepoint, requested by thread 0x00000207ee2da700


---------------  P R O C E S S  ---------------

Threads class SMR info:
_java_thread_list=0x00000207f7039c80, length=72, elements={
0x0000020785ee9060, 0x00000207a40cc1e0, 0x00000207a40cccb0, 0x00000207a40db480,
0x00000207a40dde60, 0x00000207a40de730, 0x00000207a40e17b0, 0x00000207a40e3010,
0x00000207a40ec690, 0x00000207a40ecfa0, 0x00000207a40b5410, 0x00000207a43b3c70,
0x00000207eb241040, 0x00000207ea91d5c0, 0x00000207ea16bad0, 0x00000207eb5da080,
0x00000207eb5dd830, 0x00000207eb5dafb0, 0x00000207eb5dce10, 0x00000207eb5dc900,
0x00000207ee25f4d0, 0x00000207ed159e30, 0x00000207efd92790, 0x00000207ed30a350,
0x00000207ed307fe0, 0x00000207a4514990, 0x00000207f51d38e0, 0x00000207ea821820,
0x00000207ed2efc10, 0x00000207a4515dd0, 0x00000207ee2ddeb0, 0x00000207a4518140,
0x00000207a4517720, 0x00000207a45153b0, 0x00000207a45167f0, 0x00000207a4516d00,
0x00000207eacfd070, 0x00000207eacfc650, 0x00000207eacfd580, 0x00000207ed2f1f80,
0x00000207ed2f2eb0, 0x00000207ed2f0b40, 0x00000207ed2f0630, 0x00000207ed2f0120,
0x00000207ed2f1050, 0x00000207eacfcb60, 0x00000207edc65050, 0x00000207eacfa2e0,
0x00000207eacf9dd0, 0x00000207eacfa7f0, 0x00000207eacfad00, 0x00000207eacfb210,
0x00000207eacfb720, 0x00000207a4569f60, 0x00000207a456e130, 0x00000207ee2dac10,
0x00000207ee2dbb40, 0x00000207ee2da700, 0x00000207ee2dc050, 0x00000207ee2dcf80,
0x00000207ee2db120, 0x00000207ed3084f0, 0x00000207ed2f29a0, 0x00000207ed2f1560,
0x00000207ee948a10, 0x00000207ee949e50, 0x00000207ee948f20, 0x00000207eacfc140,
0x00000207f67c0120, 0x00000207f67c1050, 0x00000207f67c1560, 0x00000207f67bfc10
}

Java Threads: ( => current thread )
  0x0000020785ee9060 JavaThread "main" [_thread_blocked, id=18264, stack(0x00000037daa00000,0x00000037dab00000)]
  0x00000207a40cc1e0 JavaThread "Reference Handler" daemon [_thread_blocked, id=16328, stack(0x00000037db100000,0x00000037db200000)]
  0x00000207a40cccb0 JavaThread "Finalizer" daemon [_thread_blocked, id=9020, stack(0x00000037db200000,0x00000037db300000)]
  0x00000207a40db480 JavaThread "Signal Dispatcher" daemon [_thread_blocked, id=18028, stack(0x00000037db300000,0x00000037db400000)]
  0x00000207a40dde60 JavaThread "Attach Listener" daemon [_thread_blocked, id=11596, stack(0x00000037db400000,0x00000037db500000)]
  0x00000207a40de730 JavaThread "Service Thread" daemon [_thread_blocked, id=15408, stack(0x00000037db500000,0x00000037db600000)]
  0x00000207a40e17b0 JavaThread "Monitor Deflation Thread" daemon [_thread_blocked, id=8764, stack(0x00000037db600000,0x00000037db700000)]
  0x00000207a40e3010 JavaThread "C2 CompilerThread0" daemon [_thread_blocked, id=15004, stack(0x00000037db700000,0x00000037db800000)]
  0x00000207a40ec690 JavaThread "C1 CompilerThread0" daemon [_thread_blocked, id=15072, stack(0x00000037db800000,0x00000037db900000)]
  0x00000207a40ecfa0 JavaThread "Sweeper thread" daemon [_thread_blocked, id=6656, stack(0x00000037db900000,0x00000037dba00000)]
  0x00000207a40b5410 JavaThread "Common-Cleaner" daemon [_thread_blocked, id=7924, stack(0x00000037dba00000,0x00000037dbb00000)]
  0x00000207a43b3c70 JavaThread "Notification Thread" daemon [_thread_blocked, id=10308, stack(0x00000037dbb00000,0x00000037dbc00000)]
  0x00000207eb241040 JavaThread "Daemon health stats" [_thread_blocked, id=3180, stack(0x00000037dc300000,0x00000037dc400000)]
  0x00000207ea91d5c0 JavaThread "Incoming local TCP Connector on port 49964" [_thread_in_native, id=16240, stack(0x00000037dbe00000,0x00000037dbf00000)]
  0x00000207ea16bad0 JavaThread "Daemon periodic checks" [_thread_blocked, id=2552, stack(0x00000037dc400000,0x00000037dc500000)]
  0x00000207eb5da080 JavaThread "Cache worker for journal cache (C:\Users\arnab bandyopadhyay\.gradle\caches\journal-1)" [_thread_blocked, id=18292, stack(0x00000037dcc00000,0x00000037dcd00000)]
  0x00000207eb5dd830 JavaThread "File lock request listener" [_thread_in_native, id=13424, stack(0x00000037dcd00000,0x00000037dce00000)]
  0x00000207eb5dafb0 JavaThread "Cache worker for file hash cache (C:\Users\arnab bandyopadhyay\.gradle\caches\8.11.1\fileHashes)" [_thread_blocked, id=18248, stack(0x00000037dce00000,0x00000037dcf00000)]
  0x00000207eb5dce10 JavaThread "Cache worker for file content cache (C:\Users\arnab bandyopadhyay\.gradle\caches\8.11.1\fileContent)" [_thread_blocked, id=15376, stack(0x00000037dd200000,0x00000037dd300000)]
  0x00000207eb5dc900 JavaThread "File watcher server" daemon [_thread_blocked, id=13652, stack(0x00000037dd600000,0x00000037dd700000)]
  0x00000207ee25f4d0 JavaThread "File watcher consumer" daemon [_thread_blocked, id=15996, stack(0x00000037dd700000,0x00000037dd800000)]
  0x00000207ed159e30 JavaThread "Memory manager" [_thread_blocked, id=15512, stack(0x00000037df000000,0x00000037df100000)]
  0x00000207efd92790 JavaThread "Cache worker for Java compile cache (C:\Users\arnab bandyopadhyay\.gradle\caches\8.11.1\javaCompile)" [_thread_blocked, id=15816, stack(0x00000037e3000000,0x00000037e3100000)]
  0x00000207ed30a350 JavaThread "ForkJoinPool.commonPool-worker-14" daemon [_thread_blocked, id=2380, stack(0x00000037e1f00000,0x00000037e2000000)]
  0x00000207ed307fe0 JavaThread "Daemon Thread 8" [_thread_blocked, id=4312, stack(0x00000037da700000,0x00000037da800000)]
  0x00000207a4514990 JavaThread "Daemon worker Thread 8" [_thread_blocked, id=8432, stack(0x00000037dbd00000,0x00000037dbe00000)]
  0x00000207f51d38e0 JavaThread "VFS cleanup Thread 8" [_thread_blocked, id=5664, stack(0x00000037dc500000,0x00000037dc600000)]
  0x00000207ea821820 JavaThread "included builds" [_thread_blocked, id=17812, stack(0x00000037de800000,0x00000037de900000)]
  0x00000207ed2efc10 JavaThread "included builds" [_thread_blocked, id=16780, stack(0x00000037de900000,0x00000037dea00000)]
  0x00000207a4515dd0 JavaThread "Handler for socket connection from /127.0.0.1:49964 to /127.0.0.1:63861" [_thread_in_native, id=16764, stack(0x00000037da800000,0x00000037da900000)]
  0x00000207ee2ddeb0 JavaThread "Cancel handler" [_thread_blocked, id=16472, stack(0x00000037dc700000,0x00000037dc800000)]
  0x00000207a4518140 JavaThread "Asynchronous log dispatcher for DefaultDaemonConnection: socket connection from /127.0.0.1:49964 to /127.0.0.1:63861" [_thread_blocked, id=9276, stack(0x00000037dc800000,0x00000037dc900000)]
  0x00000207a4517720 JavaThread "Stdin handler" [_thread_blocked, id=13468, stack(0x00000037dc900000,0x00000037dca00000)]
  0x00000207a45153b0 JavaThread "Daemon client event forwarder" [_thread_blocked, id=18008, stack(0x00000037dca00000,0x00000037dcb00000)]
  0x00000207a45167f0 JavaThread "Cache worker for file hash cache (I:\School-Management-App\.gradle\8.11.1\fileHashes)" [_thread_blocked, id=14420, stack(0x00000037dcb00000,0x00000037dcc00000)]
  0x00000207a4516d00 JavaThread "Cache worker for Build Output Cleanup Cache (I:\School-Management-App\.gradle\buildOutputCleanup)" [_thread_blocked, id=2772, stack(0x00000037dd300000,0x00000037dd400000)]
  0x00000207eacfd070 JavaThread "Cache worker for checksums cache (I:\School-Management-App\.gradle\8.11.1\checksums)" [_thread_blocked, id=3440, stack(0x00000037dd400000,0x00000037dd500000)]
  0x00000207eacfc650 JavaThread "Cache worker for cache directory md-rule (C:\Users\arnab bandyopadhyay\.gradle\caches\8.11.1\md-rule)" [_thread_blocked, id=10504, stack(0x00000037dd800000,0x00000037dd900000)]
  0x00000207eacfd580 JavaThread "Cache worker for cache directory md-supplier (C:\Users\arnab bandyopadhyay\.gradle\caches\8.11.1\md-supplier)" [_thread_blocked, id=10364, stack(0x00000037dd900000,0x00000037dda00000)]
  0x00000207ed2f1f80 JavaThread "Unconstrained build operations" [_thread_blocked, id=8620, stack(0x00000037dda00000,0x00000037ddb00000)]
  0x00000207ed2f2eb0 JavaThread "Unconstrained build operations Thread 2" [_thread_blocked, id=7276, stack(0x00000037ddb00000,0x00000037ddc00000)]
  0x00000207ed2f0b40 JavaThread "Unconstrained build operations Thread 3" [_thread_blocked, id=11844, stack(0x00000037ddc00000,0x00000037ddd00000)]
  0x00000207ed2f0630 JavaThread "Unconstrained build operations Thread 4" [_thread_blocked, id=13076, stack(0x00000037ddd00000,0x00000037dde00000)]
  0x00000207ed2f0120 JavaThread "Unconstrained build operations Thread 5" [_thread_blocked, id=10000, stack(0x00000037dde00000,0x00000037ddf00000)]
  0x00000207ed2f1050 JavaThread "Unconstrained build operations Thread 6" [_thread_blocked, id=15116, stack(0x00000037ddf00000,0x00000037de000000)]
  0x00000207eacfcb60 JavaThread "Unconstrained build operations Thread 7" [_thread_blocked, id=8264, stack(0x00000037de000000,0x00000037de100000)]
  0x00000207edc65050 JavaThread "C2 CompilerThread1" daemon [_thread_blocked, id=4748, stack(0x00000037de100000,0x00000037de200000)]
  0x00000207eacfa2e0 JavaThread "Unconstrained build operations Thread 8" [_thread_blocked, id=2448, stack(0x00000037de200000,0x00000037de300000)]
  0x00000207eacf9dd0 JavaThread "Unconstrained build operations Thread 9" [_thread_blocked, id=10164, stack(0x00000037de300000,0x00000037de400000)]
  0x00000207eacfa7f0 JavaThread "Unconstrained build operations Thread 10" [_thread_blocked, id=1088, stack(0x00000037de400000,0x00000037de500000)]
  0x00000207eacfad00 JavaThread "Unconstrained build operations Thread 11" [_thread_blocked, id=13784, stack(0x00000037de500000,0x00000037de600000)]
  0x00000207eacfb210 JavaThread "Unconstrained build operations Thread 12" [_thread_blocked, id=1216, stack(0x00000037de600000,0x00000037de700000)]
  0x00000207eacfb720 JavaThread "Unconstrained build operations Thread 13" [_thread_blocked, id=8524, stack(0x00000037de700000,0x00000037de800000)]
  0x00000207a4569f60 JavaThread "Unconstrained build operations Thread 14" [_thread_blocked, id=14028, stack(0x00000037dea00000,0x00000037deb00000)]
  0x00000207a456e130 JavaThread "included builds" [_thread_blocked, id=5504, stack(0x00000037deb00000,0x00000037dec00000)]
  0x00000207ee2dac10 JavaThread "Execution worker" [_thread_blocked, id=15496, stack(0x00000037dec00000,0x00000037ded00000)]
  0x00000207ee2dbb40 JavaThread "Execution worker Thread 2" [_thread_blocked, id=6392, stack(0x00000037ded00000,0x00000037dee00000)]
  0x00000207ee2da700 JavaThread "Execution worker Thread 3" [_thread_blocked, id=17780, stack(0x00000037dee00000,0x00000037def00000)]
  0x00000207ee2dc050 JavaThread "Execution worker Thread 4" [_thread_blocked, id=15024, stack(0x00000037def00000,0x00000037df000000)]
  0x00000207ee2dcf80 JavaThread "Execution worker Thread 5" [_thread_blocked, id=17176, stack(0x00000037df100000,0x00000037df200000)]
  0x00000207ee2db120 JavaThread "Execution worker Thread 6" [_thread_blocked, id=2304, stack(0x00000037df200000,0x00000037df300000)]
  0x00000207ed3084f0 JavaThread "Execution worker Thread 7" [_thread_blocked, id=16620, stack(0x00000037df300000,0x00000037df400000)]
  0x00000207ed2f29a0 JavaThread "Cache worker for execution history cache (I:\School-Management-App\.gradle\8.11.1\executionHistory)" [_thread_blocked, id=4636, stack(0x00000037df400000,0x00000037df500000)]
  0x00000207ed2f1560 JavaThread "WorkerExecutor Queue" [_thread_blocked, id=5228, stack(0x00000037df500000,0x00000037df600000)]
  0x00000207ee948a10 JavaThread "Unconstrained build operations Thread 15" [_thread_blocked, id=464, stack(0x00000037df600000,0x00000037df700000)]
  0x00000207ee949e50 JavaThread "Unconstrained build operations Thread 16" [_thread_blocked, id=10468, stack(0x00000037df700000,0x00000037df800000)]
  0x00000207ee948f20 JavaThread "Unconstrained build operations Thread 17" [_thread_blocked, id=15180, stack(0x00000037df800000,0x00000037df900000)]
  0x00000207eacfc140 JavaThread "Unconstrained build operations Thread 18" [_thread_blocked, id=9548, stack(0x00000037df900000,0x00000037dfa00000)]
  0x00000207f67c0120 JavaThread "Unconstrained build operations Thread 19" [_thread_blocked, id=8956, stack(0x00000037dfa00000,0x00000037dfb00000)]
  0x00000207f67c1050 JavaThread "Unconstrained build operations Thread 20" [_thread_blocked, id=3588, stack(0x00000037dfc00000,0x00000037dfd00000)]
  0x00000207f67c1560 JavaThread "Unconstrained build operations Thread 21" [_thread_blocked, id=2324, stack(0x00000037dfd00000,0x00000037dfe00000)]
  0x00000207f67bfc10 JavaThread "WorkerExecutor Queue Thread 2" [_thread_blocked, id=1840, stack(0x00000037dfe00000,0x00000037dff00000)]

Other Threads:
=>0x00000207a40c7080 VMThread "VM Thread" [stack: 0x00000037db000000,0x00000037db100000] [id=10848]
  0x0000020785ee9df0 WatcherThread [stack: 0x00000037dbc00000,0x00000037dbd00000] [id=18252]
  0x0000020785f424e0 GCTaskThread "GC Thread#0" [stack: 0x00000037dab00000,0x00000037dac00000] [id=10884]
  0x00000207a45208f0 GCTaskThread "GC Thread#1" [stack: 0x00000037dbf00000,0x00000037dc000000] [id=7376]
  0x00000207a4a34210 GCTaskThread "GC Thread#2" [stack: 0x00000037dc000000,0x00000037dc100000] [id=3144]
  0x00000207a4670200 GCTaskThread "GC Thread#3" [stack: 0x00000037dc100000,0x00000037dc200000] [id=17428]
  0x00000207ea960b80 GCTaskThread "GC Thread#4" [stack: 0x00000037dc200000,0x00000037dc300000] [id=17064]
  0x00000207ebab5290 GCTaskThread "GC Thread#5" [stack: 0x00000037dcf00000,0x00000037dd000000] [id=16688]
  0x00000207ebab4d10 GCTaskThread "GC Thread#6" [stack: 0x00000037dd000000,0x00000037dd100000] [id=6412]
  0x00000207ebab4a50 GCTaskThread "GC Thread#7" [stack: 0x00000037dd100000,0x00000037dd200000] [id=18180]
  0x0000020785f53340 ConcurrentGCThread "G1 Main Marker" [stack: 0x00000037dac00000,0x00000037dad00000] [id=17960]
  0x0000020785f53c60 ConcurrentGCThread "G1 Conc#0" [stack: 0x00000037dad00000,0x00000037dae00000] [id=3696]
  0x00000207ebab5550 ConcurrentGCThread "G1 Conc#1" [stack: 0x00000037dd500000,0x00000037dd600000] [id=15792]
  0x00000207a3f824c0 ConcurrentGCThread "G1 Refine#0" [stack: 0x00000037dae00000,0x00000037daf00000] [id=10576]
  0x00000207ec45fba0 ConcurrentGCThread "G1 Refine#1" [stack: 0x00000037e3800000,0x00000037e3900000] [id=10212]
  0x00000207ef78dba0 ConcurrentGCThread "G1 Refine#2" [stack: 0x00000037e3900000,0x00000037e3a00000] [id=2216]
  0x00000207ef1a58a0 ConcurrentGCThread "G1 Refine#3" [stack: 0x00000037dfb00000,0x00000037dfc00000] [id=17832]
  0x00000207f5d30480 ConcurrentGCThread "G1 Refine#4" [stack: 0x00000037e1200000,0x00000037e1300000] [id=12744]
  0x00000207eff06830 ConcurrentGCThread "G1 Refine#5" [stack: 0x00000037e1300000,0x00000037e1400000] [id=9660]
  0x00000207f516d570 ConcurrentGCThread "G1 Refine#6" [stack: 0x00000037e1400000,0x00000037e1500000] [id=7180]
  0x00000207ef1a5b90 ConcurrentGCThread "G1 Refine#7" [stack: 0x00000037e1500000,0x00000037e1600000] [id=8236]
  0x00000207a3f82e00 ConcurrentGCThread "G1 Service" [stack: 0x00000037daf00000,0x00000037db000000] [id=13208]

Threads with active compile tasks:

VM state: at safepoint (normal execution)

VM Mutex/Monitor currently owned by a thread:  ([mutex/lock_event])
[0x0000020785ee4c90] Threads_lock - owner thread: 0x00000207a40c7080
[0x0000020785ee4660] Heap_lock - owner thread: 0x00000207ee2da700

Heap address: 0x0000000080000000, size: 2048 MB, Compressed Oops mode: 32-bit

CDS archive(s) mapped at: [0x00000207a5000000-0x00000207a5bd0000-0x00000207a5bd0000), size 12386304, SharedBaseAddress: 0x00000207a5000000, ArchiveRelocationMode: 1.
Compressed class space mapped at: 0x00000207a6000000-0x00000207e6000000, reserved size: 1073741824
Narrow klass base: 0x00000207a5000000, Narrow klass shift: 0, Narrow klass range: 0x100000000

GC Precious Log:
 CPUs: 8 total, 8 available
 Memory: 7834M
 Large Page Support: Disabled
 NUMA Support: Disabled
 Compressed Oops: Enabled (32-bit)
 Heap Region Size: 1M
 Heap Min Capacity: 8M
 Heap Initial Capacity: 124M
 Heap Max Capacity: 2G
 Pre-touch: Disabled
 Parallel Workers: 8
 Concurrent Workers: 2
 Concurrent Refinement Workers: 8
 Periodic GC: Disabled

Heap:
 garbage-first heap   total 890880K, used 260066K [0x0000000080000000, 0x0000000100000000)
  region size 1024K, 16 young (16384K), 16 survivors (16384K)
 Metaspace       used 149961K, committed 151936K, reserved 1245184K
  class space    used 19322K, committed 20352K, reserved 1048576K

Heap Regions: E=young(eden), S=young(survivor), O=old, HS=humongous(starts), HC=humongous(continues), CS=collection set, F=free, OA=open archive, CA=closed archive, TAMS=top-at-mark-start (previous, next)
|   0|0x0000000080000000, 0x0000000080100000, 0x0000000080100000|100%|HS|  |TAMS 0x0000000080100000, 0x0000000080100000| Complete 
|   1|0x0000000080100000, 0x0000000080200000, 0x0000000080200000|100%|HC|  |TAMS 0x0000000080200000, 0x0000000080200000| Complete 
|   2|0x0000000080200000, 0x0000000080300000, 0x0000000080300000|100%|HC|  |TAMS 0x0000000080300000, 0x0000000080300000| Complete 
|   3|0x0000000080300000, 0x0000000080400000, 0x0000000080400000|100%| O|  |TAMS 0x0000000080400000, 0x0000000080400000| Untracked 
|   4|0x0000000080400000, 0x0000000080500000, 0x0000000080500000|100%| O|  |TAMS 0x0000000080500000, 0x0000000080500000| Untracked 
|   5|0x0000000080500000, 0x0000000080600000, 0x0000000080600000|100%| O|  |TAMS 0x0000000080600000, 0x0000000080600000| Untracked 
|   6|0x0000000080600000, 0x0000000080700000, 0x0000000080700000|100%|HS|  |TAMS 0x0000000080700000, 0x0000000080700000| Complete 
|   7|0x0000000080700000, 0x0000000080800000, 0x0000000080800000|100%| O|  |TAMS 0x0000000080800000, 0x0000000080800000| Untracked 
|   8|0x0000000080800000, 0x0000000080900000, 0x0000000080900000|100%| O|  |TAMS 0x0000000080900000, 0x0000000080900000| Untracked 
|   9|0x0000000080900000, 0x0000000080a00000, 0x0000000080a00000|100%| O|  |TAMS 0x0000000080a00000, 0x0000000080a00000| Untracked 
|  10|0x0000000080a00000, 0x0000000080b00000, 0x0000000080b00000|100%| O|  |TAMS 0x0000000080b00000, 0x0000000080b00000| Untracked 
|  11|0x0000000080b00000, 0x0000000080c00000, 0x0000000080c00000|100%| O|  |TAMS 0x0000000080c00000, 0x0000000080c00000| Untracked 
|  12|0x0000000080c00000, 0x0000000080d00000, 0x0000000080d00000|100%| O|  |TAMS 0x0000000080d00000, 0x0000000080d00000| Untracked 
|  13|0x0000000080d00000, 0x0000000080e00000, 0x0000000080e00000|100%| O|  |TAMS 0x0000000080e00000, 0x0000000080e00000| Untracked 
|  14|0x0000000080e00000, 0x0000000080f00000, 0x0000000080f00000|100%| O|  |TAMS 0x0000000080f00000, 0x0000000080f00000| Untracked 
|  15|0x0000000080f00000, 0x0000000081000000, 0x0000000081000000|100%| O|  |TAMS 0x0000000081000000, 0x0000000081000000| Untracked 
|  16|0x0000000081000000, 0x0000000081100000, 0x0000000081100000|100%| O|  |TAMS 0x0000000081100000, 0x0000000081100000| Untracked 
|  17|0x0000000081100000, 0x0000000081200000, 0x0000000081200000|100%| O|  |TAMS 0x0000000081200000, 0x0000000081200000| Untracked 
|  18|0x0000000081200000, 0x0000000081300000, 0x0000000081300000|100%| O|  |TAMS 0x0000000081300000, 0x0000000081300000| Untracked 
|  19|0x0000000081300000, 0x0000000081400000, 0x0000000081400000|100%| O|  |TAMS 0x0000000081400000, 0x0000000081400000| Untracked 
|  20|0x0000000081400000, 0x0000000081500000, 0x0000000081500000|100%| O|  |TAMS 0x0000000081500000, 0x0000000081500000| Untracked 
|  21|0x0000000081500000, 0x0000000081600000, 0x0000000081600000|100%| O|  |TAMS 0x0000000081600000, 0x0000000081600000| Untracked 
|  22|0x0000000081600000, 0x0000000081700000, 0x0000000081700000|100%| O|  |TAMS 0x0000000081700000, 0x0000000081700000| Untracked 
|  23|0x0000000081700000, 0x0000000081800000, 0x0000000081800000|100%| O|  |TAMS 0x0000000081800000, 0x0000000081800000| Untracked 
|  24|0x0000000081800000, 0x0000000081900000, 0x0000000081900000|100%| O|  |TAMS 0x0000000081900000, 0x0000000081900000| Untracked 
|  25|0x0000000081900000, 0x0000000081a00000, 0x0000000081a00000|100%| O|  |TAMS 0x0000000081a00000, 0x0000000081a00000| Untracked 
|  26|0x0000000081a00000, 0x0000000081b00000, 0x0000000081b00000|100%| O|  |TAMS 0x0000000081b00000, 0x0000000081b00000| Untracked 
|  27|0x0000000081b00000, 0x0000000081c00000, 0x0000000081c00000|100%| O|  |TAMS 0x0000000081c00000, 0x0000000081c00000| Untracked 
|  28|0x0000000081c00000, 0x0000000081d00000, 0x0000000081d00000|100%| O|  |TAMS 0x0000000081d00000, 0x0000000081d00000| Untracked 
|  29|0x0000000081d00000, 0x0000000081e00000, 0x0000000081e00000|100%| O|  |TAMS 0x0000000081e00000, 0x0000000081e00000| Untracked 
|  30|0x0000000081e00000, 0x0000000081f00000, 0x0000000081f00000|100%| O|  |TAMS 0x0000000081f00000, 0x0000000081f00000| Untracked 
|  31|0x0000000081f00000, 0x0000000082000000, 0x0000000082000000|100%| O|  |TAMS 0x0000000082000000, 0x0000000082000000| Untracked 
|  32|0x0000000082000000, 0x0000000082100000, 0x0000000082100000|100%| O|  |TAMS 0x0000000082100000, 0x0000000082100000| Untracked 
|  33|0x0000000082100000, 0x0000000082100000, 0x0000000082200000|  0%| F|  |TAMS 0x0000000082100000, 0x0000000082100000| Untracked 
|  34|0x0000000082200000, 0x0000000082300000, 0x0000000082300000|100%| O|  |TAMS 0x0000000082300000, 0x0000000082300000| Untracked 
|  35|0x0000000082300000, 0x0000000082400000, 0x0000000082400000|100%| O|  |TAMS 0x0000000082400000, 0x0000000082400000| Untracked 
|  36|0x0000000082400000, 0x0000000082500000, 0x0000000082500000|100%| O|  |TAMS 0x0000000082500000, 0x0000000082500000| Untracked 
|  37|0x0000000082500000, 0x0000000082600000, 0x0000000082600000|100%| O|  |TAMS 0x0000000082600000, 0x0000000082600000| Untracked 
|  38|0x0000000082600000, 0x0000000082700000, 0x0000000082700000|100%|HS|  |TAMS 0x0000000082700000, 0x0000000082700000| Complete 
|  39|0x0000000082700000, 0x0000000082800000, 0x0000000082800000|100%|HS|  |TAMS 0x0000000082800000, 0x0000000082800000| Complete 
|  40|0x0000000082800000, 0x0000000082900000, 0x0000000082900000|100%|HS|  |TAMS 0x0000000082900000, 0x0000000082900000| Complete 
|  41|0x0000000082900000, 0x0000000082a00000, 0x0000000082a00000|100%|HS|  |TAMS 0x0000000082a00000, 0x0000000082a00000| Complete 
|  42|0x0000000082a00000, 0x0000000082b00000, 0x0000000082b00000|100%| O|  |TAMS 0x0000000082b00000, 0x0000000082b00000| Untracked 
|  43|0x0000000082b00000, 0x0000000082c00000, 0x0000000082c00000|100%|HS|  |TAMS 0x0000000082c00000, 0x0000000082c00000| Complete 
|  44|0x0000000082c00000, 0x0000000082d00000, 0x0000000082d00000|100%|HS|  |TAMS 0x0000000082d00000, 0x0000000082d00000| Complete 
|  45|0x0000000082d00000, 0x0000000082e00000, 0x0000000082e00000|100%| O|  |TAMS 0x0000000082e00000, 0x0000000082e00000| Untracked 
|  46|0x0000000082e00000, 0x0000000082f00000, 0x0000000082f00000|100%| O|  |TAMS 0x0000000082f00000, 0x0000000082f00000| Untracked 
|  47|0x0000000082f00000, 0x0000000083000000, 0x0000000083000000|100%| O|  |TAMS 0x0000000083000000, 0x0000000083000000| Untracked 
|  48|0x0000000083000000, 0x0000000083100000, 0x0000000083100000|100%| O|  |TAMS 0x0000000083100000, 0x0000000083100000| Untracked 
|  49|0x0000000083100000, 0x0000000083200000, 0x0000000083200000|100%| O|  |TAMS 0x0000000083200000, 0x0000000083200000| Untracked 
|  50|0x0000000083200000, 0x0000000083300000, 0x0000000083300000|100%| O|  |TAMS 0x0000000083300000, 0x0000000083300000| Untracked 
|  51|0x0000000083300000, 0x0000000083400000, 0x0000000083400000|100%| O|  |TAMS 0x0000000083400000, 0x0000000083400000| Untracked 
|  52|0x0000000083400000, 0x0000000083500000, 0x0000000083500000|100%|HS|  |TAMS 0x0000000083500000, 0x0000000083500000| Complete 
|  53|0x0000000083500000, 0x0000000083600000, 0x0000000083600000|100%| O|  |TAMS 0x0000000083600000, 0x0000000083600000| Untracked 
|  54|0x0000000083600000, 0x0000000083700000, 0x0000000083700000|100%| O|  |TAMS 0x0000000083700000, 0x0000000083700000| Untracked 
|  55|0x0000000083700000, 0x0000000083700000, 0x0000000083800000|  0%| F|  |TAMS 0x0000000083700000, 0x0000000083700000| Untracked 
|  56|0x0000000083800000, 0x0000000083900000, 0x0000000083900000|100%| O|  |TAMS 0x0000000083900000, 0x0000000083900000| Untracked 
|  57|0x0000000083900000, 0x0000000083a00000, 0x0000000083a00000|100%| O|  |TAMS 0x0000000083a00000, 0x0000000083a00000| Untracked 
|  58|0x0000000083a00000, 0x0000000083b00000, 0x0000000083b00000|100%| O|  |TAMS 0x0000000083b00000, 0x0000000083b00000| Untracked 
|  59|0x0000000083b00000, 0x0000000083c00000, 0x0000000083c00000|100%| O|  |TAMS 0x0000000083c00000, 0x0000000083c00000| Untracked 
|  60|0x0000000083c00000, 0x0000000083d00000, 0x0000000083d00000|100%| O|  |TAMS 0x0000000083d00000, 0x0000000083d00000| Untracked 
|  61|0x0000000083d00000, 0x0000000083e00000, 0x0000000083e00000|100%| O|  |TAMS 0x0000000083e00000, 0x0000000083e00000| Untracked 
|  62|0x0000000083e00000, 0x0000000083e00000, 0x0000000083f00000|  0%| F|  |TAMS 0x0000000083e00000, 0x0000000083e00000| Untracked 
|  63|0x0000000083f00000, 0x0000000084000000, 0x0000000084000000|100%| O|  |TAMS 0x0000000084000000, 0x0000000084000000| Untracked 
|  64|0x0000000084000000, 0x0000000084100000, 0x0000000084100000|100%| O|  |TAMS 0x0000000084100000, 0x0000000084100000| Untracked 
|  65|0x0000000084100000, 0x0000000084200000, 0x0000000084200000|100%| O|  |TAMS 0x0000000084200000, 0x0000000084200000| Untracked 
|  66|0x0000000084200000, 0x0000000084300000, 0x0000000084300000|100%| O|  |TAMS 0x0000000084300000, 0x0000000084300000| Untracked 
|  67|0x0000000084300000, 0x0000000084400000, 0x0000000084400000|100%| O|  |TAMS 0x0000000084400000, 0x0000000084400000| Untracked 
|  68|0x0000000084400000, 0x0000000084400000, 0x0000000084500000|  0%| F|  |TAMS 0x0000000084400000, 0x0000000084400000| Untracked 
|  69|0x0000000084500000, 0x0000000084600000, 0x0000000084600000|100%| O|  |TAMS 0x0000000084600000, 0x0000000084600000| Untracked 
|  70|0x0000000084600000, 0x0000000084700000, 0x0000000084700000|100%| O|  |TAMS 0x0000000084700000, 0x0000000084700000| Untracked 
|  71|0x0000000084700000, 0x0000000084800000, 0x0000000084800000|100%| O|  |TAMS 0x0000000084800000, 0x0000000084800000| Untracked 
|  72|0x0000000084800000, 0x0000000084900000, 0x0000000084900000|100%| O|  |TAMS 0x0000000084900000, 0x0000000084900000| Untracked 
|  73|0x0000000084900000, 0x0000000084a00000, 0x0000000084a00000|100%| O|  |TAMS 0x0000000084a00000, 0x0000000084a00000| Untracked 
|  74|0x0000000084a00000, 0x0000000084b00000, 0x0000000084b00000|100%| O|  |TAMS 0x0000000084b00000, 0x0000000084b00000| Untracked 
|  75|0x0000000084b00000, 0x0000000084c00000, 0x0000000084c00000|100%| O|  |TAMS 0x0000000084c00000, 0x0000000084c00000| Untracked 
|  76|0x0000000084c00000, 0x0000000084d00000, 0x0000000084d00000|100%| O|  |TAMS 0x0000000084d00000, 0x0000000084d00000| Untracked 
|  77|0x0000000084d00000, 0x0000000084e00000, 0x0000000084e00000|100%| O|  |TAMS 0x0000000084e00000, 0x0000000084e00000| Untracked 
|  78|0x0000000084e00000, 0x0000000084f00000, 0x0000000084f00000|100%| O|  |TAMS 0x0000000084f00000, 0x0000000084f00000| Untracked 
|  79|0x0000000084f00000, 0x0000000085000000, 0x0000000085000000|100%| O|  |TAMS 0x0000000085000000, 0x0000000085000000| Untracked 
|  80|0x0000000085000000, 0x0000000085100000, 0x0000000085100000|100%| O|  |TAMS 0x0000000085100000, 0x0000000085100000| Untracked 
|  81|0x0000000085100000, 0x0000000085200000, 0x0000000085200000|100%|HS|  |TAMS 0x0000000085200000, 0x0000000085200000| Complete 
|  82|0x0000000085200000, 0x0000000085300000, 0x0000000085300000|100%| O|  |TAMS 0x0000000085300000, 0x0000000085300000| Untracked 
|  83|0x0000000085300000, 0x0000000085400000, 0x0000000085400000|100%| O|  |TAMS 0x0000000085400000, 0x0000000085400000| Untracked 
|  84|0x0000000085400000, 0x0000000085500000, 0x0000000085500000|100%| O|  |TAMS 0x0000000085500000, 0x0000000085500000| Untracked 
|  85|0x0000000085500000, 0x0000000085600000, 0x0000000085600000|100%| O|  |TAMS 0x0000000085600000, 0x0000000085600000| Untracked 
|  86|0x0000000085600000, 0x0000000085700000, 0x0000000085700000|100%|HS|  |TAMS 0x0000000085700000, 0x0000000085700000| Complete 
|  87|0x0000000085700000, 0x0000000085800000, 0x0000000085800000|100%| O|  |TAMS 0x0000000085800000, 0x0000000085800000| Untracked 
|  88|0x0000000085800000, 0x0000000085900000, 0x0000000085900000|100%| O|  |TAMS 0x0000000085900000, 0x0000000085900000| Untracked 
|  89|0x0000000085900000, 0x0000000085900000, 0x0000000085a00000|  0%| F|  |TAMS 0x0000000085900000, 0x0000000085900000| Untracked 
|  90|0x0000000085a00000, 0x0000000085b00000, 0x0000000085b00000|100%| O|  |TAMS 0x0000000085b00000, 0x0000000085b00000| Untracked 
|  91|0x0000000085b00000, 0x0000000085c00000, 0x0000000085c00000|100%| O|  |TAMS 0x0000000085c00000, 0x0000000085c00000| Untracked 
|  92|0x0000000085c00000, 0x0000000085d00000, 0x0000000085d00000|100%|HS|  |TAMS 0x0000000085d00000, 0x0000000085d00000| Complete 
|  93|0x0000000085d00000, 0x0000000085e00000, 0x0000000085e00000|100%| O|  |TAMS 0x0000000085e00000, 0x0000000085e00000| Untracked 
|  94|0x0000000085e00000, 0x0000000085e00000, 0x0000000085f00000|  0%| F|  |TAMS 0x0000000085e00000, 0x0000000085e00000| Untracked 
|  95|0x0000000085f00000, 0x0000000086000000, 0x0000000086000000|100%| O|  |TAMS 0x0000000086000000, 0x0000000086000000| Untracked 
|  96|0x0000000086000000, 0x0000000086100000, 0x0000000086100000|100%| O|  |TAMS 0x0000000086100000, 0x0000000086100000| Untracked 
|  97|0x0000000086100000, 0x0000000086200000, 0x0000000086200000|100%| O|  |TAMS 0x0000000086200000, 0x0000000086200000| Untracked 
|  98|0x0000000086200000, 0x0000000086300000, 0x0000000086300000|100%| O|  |TAMS 0x0000000086300000, 0x0000000086300000| Untracked 
|  99|0x0000000086300000, 0x0000000086300000, 0x0000000086400000|  0%| F|  |TAMS 0x0000000086300000, 0x0000000086300000| Untracked 
| 100|0x0000000086400000, 0x0000000086500000, 0x0000000086500000|100%| O|  |TAMS 0x0000000086500000, 0x0000000086500000| Untracked 
| 101|0x0000000086500000, 0x0000000086600000, 0x0000000086600000|100%| O|  |TAMS 0x0000000086600000, 0x0000000086600000| Untracked 
| 102|0x0000000086600000, 0x0000000086700000, 0x0000000086700000|100%| O|  |TAMS 0x0000000086700000, 0x0000000086700000| Untracked 
| 103|0x0000000086700000, 0x0000000086800000, 0x0000000086800000|100%|HS|  |TAMS 0x0000000086800000, 0x0000000086800000| Complete 
| 104|0x0000000086800000, 0x0000000086900000, 0x0000000086900000|100%|HS|  |TAMS 0x0000000086900000, 0x0000000086900000| Complete 
| 105|0x0000000086900000, 0x0000000086900000, 0x0000000086a00000|  0%| F|  |TAMS 0x0000000086900000, 0x0000000086900000| Untracked 
| 106|0x0000000086a00000, 0x0000000086b00000, 0x0000000086b00000|100%| O|  |TAMS 0x0000000086b00000, 0x0000000086b00000| Untracked 
| 107|0x0000000086b00000, 0x0000000086c00000, 0x0000000086c00000|100%| O|  |TAMS 0x0000000086c00000, 0x0000000086c00000| Untracked 
| 108|0x0000000086c00000, 0x0000000086d00000, 0x0000000086d00000|100%| O|  |TAMS 0x0000000086d00000, 0x0000000086d00000| Untracked 
| 109|0x0000000086d00000, 0x0000000086e00000, 0x0000000086e00000|100%| O|  |TAMS 0x0000000086e00000, 0x0000000086e00000| Untracked 
| 110|0x0000000086e00000, 0x0000000086f00000, 0x0000000086f00000|100%| O|  |TAMS 0x0000000086e00000, 0x0000000086f00000| Untracked 
| 111|0x0000000086f00000, 0x0000000086f00000, 0x0000000087000000|  0%| F|  |TAMS 0x0000000086f00000, 0x0000000086f00000| Untracked 
| 112|0x0000000087000000, 0x0000000087100000, 0x0000000087100000|100%| O|  |TAMS 0x0000000087100000, 0x0000000087100000| Untracked 
| 113|0x0000000087100000, 0x0000000087200000, 0x0000000087200000|100%| O|  |TAMS 0x0000000087200000, 0x0000000087200000| Untracked 
| 114|0x0000000087200000, 0x0000000087300000, 0x0000000087300000|100%| O|  |TAMS 0x0000000087300000, 0x0000000087300000| Untracked 
| 115|0x0000000087300000, 0x0000000087400000, 0x0000000087400000|100%| O|  |TAMS 0x0000000087400000, 0x0000000087400000| Untracked 
| 116|0x0000000087400000, 0x0000000087500000, 0x0000000087500000|100%| O|  |TAMS 0x0000000087500000, 0x0000000087500000| Untracked 
| 117|0x0000000087500000, 0x0000000087500000, 0x0000000087600000|  0%| F|  |TAMS 0x0000000087500000, 0x0000000087500000| Untracked 
| 118|0x0000000087600000, 0x0000000087700000, 0x0000000087700000|100%| O|  |TAMS 0x0000000087600000, 0x0000000087700000| Untracked 
| 119|0x0000000087700000, 0x0000000087800000, 0x0000000087800000|100%| O|  |TAMS 0x0000000087800000, 0x0000000087800000| Untracked 
| 120|0x0000000087800000, 0x0000000087900000, 0x0000000087900000|100%| O|  |TAMS 0x0000000087900000, 0x0000000087900000| Untracked 
| 121|0x0000000087900000, 0x0000000087a00000, 0x0000000087a00000|100%| O|  |TAMS 0x0000000087a00000, 0x0000000087a00000| Untracked 
| 122|0x0000000087a00000, 0x0000000087a00000, 0x0000000087b00000|  0%| F|  |TAMS 0x0000000087a00000, 0x0000000087a00000| Untracked 
| 123|0x0000000087b00000, 0x0000000087c00000, 0x0000000087c00000|100%| O|  |TAMS 0x0000000087c00000, 0x0000000087c00000| Untracked 
| 124|0x0000000087c00000, 0x0000000087d00000, 0x0000000087d00000|100%| O|  |TAMS 0x0000000087d00000, 0x0000000087d00000| Untracked 
| 125|0x0000000087d00000, 0x0000000087e00000, 0x0000000087e00000|100%| O|  |TAMS 0x0000000087e00000, 0x0000000087e00000| Untracked 
| 126|0x0000000087e00000, 0x0000000087f00000, 0x0000000087f00000|100%| O|  |TAMS 0x0000000087f00000, 0x0000000087f00000| Untracked 
| 127|0x0000000087f00000, 0x0000000088000000, 0x0000000088000000|100%| O|  |TAMS 0x0000000087f00000, 0x0000000088000000| Untracked 
| 128|0x0000000088000000, 0x0000000088100000, 0x0000000088100000|100%| O|  |TAMS 0x0000000088100000, 0x0000000088100000| Untracked 
| 129|0x0000000088100000, 0x0000000088200000, 0x0000000088200000|100%| O|  |TAMS 0x0000000088200000, 0x0000000088200000| Untracked 
| 130|0x0000000088200000, 0x0000000088300000, 0x0000000088300000|100%| O|  |TAMS 0x0000000088300000, 0x0000000088300000| Untracked 
| 131|0x0000000088300000, 0x0000000088400000, 0x0000000088400000|100%| O|  |TAMS 0x0000000088400000, 0x0000000088400000| Untracked 
| 132|0x0000000088400000, 0x0000000088500000, 0x0000000088500000|100%| O|  |TAMS 0x0000000088400000, 0x0000000088500000| Untracked 
| 133|0x0000000088500000, 0x0000000088600000, 0x0000000088600000|100%|HS|  |TAMS 0x0000000088600000, 0x0000000088600000| Complete 
| 134|0x0000000088600000, 0x0000000088700000, 0x0000000088700000|100%|HS|  |TAMS 0x0000000088700000, 0x0000000088700000| Complete 
| 135|0x0000000088700000, 0x0000000088800000, 0x0000000088800000|100%|HC|  |TAMS 0x0000000088800000, 0x0000000088800000| Complete 
| 136|0x0000000088800000, 0x0000000088900000, 0x0000000088900000|100%| O|  |TAMS 0x0000000088900000, 0x0000000088900000| Untracked 
| 137|0x0000000088900000, 0x0000000088a00000, 0x0000000088a00000|100%| O|  |TAMS 0x0000000088a00000, 0x0000000088a00000| Untracked 
| 138|0x0000000088a00000, 0x0000000088a00000, 0x0000000088b00000|  0%| F|  |TAMS 0x0000000088a00000, 0x0000000088a00000| Untracked 
| 139|0x0000000088b00000, 0x0000000088c00000, 0x0000000088c00000|100%| O|  |TAMS 0x0000000088b00000, 0x0000000088c00000| Untracked 
| 140|0x0000000088c00000, 0x0000000088d00000, 0x0000000088d00000|100%|HS|  |TAMS 0x0000000088d00000, 0x0000000088d00000| Complete 
| 141|0x0000000088d00000, 0x0000000088e00000, 0x0000000088e00000|100%|HC|  |TAMS 0x0000000088e00000, 0x0000000088e00000| Complete 
| 142|0x0000000088e00000, 0x0000000088e00000, 0x0000000088f00000|  0%| F|  |TAMS 0x0000000088e00000, 0x0000000088e00000| Untracked 
| 143|0x0000000088f00000, 0x0000000089000000, 0x0000000089000000|100%|HS|  |TAMS 0x0000000089000000, 0x0000000089000000| Complete 
| 144|0x0000000089000000, 0x0000000089100000, 0x0000000089100000|100%|HC|  |TAMS 0x0000000089100000, 0x0000000089100000| Complete 
| 145|0x0000000089100000, 0x0000000089200000, 0x0000000089200000|100%| O|  |TAMS 0x0000000089200000, 0x0000000089200000| Untracked 
| 146|0x0000000089200000, 0x0000000089300000, 0x0000000089300000|100%|HS|  |TAMS 0x0000000089300000, 0x0000000089300000| Complete 
| 147|0x0000000089300000, 0x0000000089400000, 0x0000000089400000|100%|HC|  |TAMS 0x0000000089400000, 0x0000000089400000| Complete 
| 148|0x0000000089400000, 0x0000000089500000, 0x0000000089500000|100%|HC|  |TAMS 0x0000000089500000, 0x0000000089500000| Complete 
| 149|0x0000000089500000, 0x0000000089600000, 0x0000000089600000|100%| O|  |TAMS 0x0000000089500000, 0x0000000089600000| Untracked 
| 150|0x0000000089600000, 0x0000000089700000, 0x0000000089700000|100%| O|  |TAMS 0x0000000089600000, 0x0000000089700000| Untracked 
| 151|0x0000000089700000, 0x0000000089800000, 0x0000000089800000|100%| O|  |TAMS 0x0000000089800000, 0x0000000089800000| Untracked 
| 152|0x0000000089800000, 0x0000000089900000, 0x0000000089900000|100%| O|  |TAMS 0x0000000089900000, 0x0000000089900000| Untracked 
| 153|0x0000000089900000, 0x0000000089a00000, 0x0000000089a00000|100%| O|  |TAMS 0x0000000089900000, 0x0000000089a00000| Untracked 
| 154|0x0000000089a00000, 0x0000000089af8a00, 0x0000000089b00000| 97%| O|  |TAMS 0x0000000089a00000, 0x0000000089af8a00| Untracked 
| 155|0x0000000089b00000, 0x0000000089c00000, 0x0000000089c00000|100%| O|  |TAMS 0x0000000089c00000, 0x0000000089c00000| Untracked 
| 156|0x0000000089c00000, 0x0000000089c00000, 0x0000000089d00000|  0%| F|  |TAMS 0x0000000089c00000, 0x0000000089c00000| Untracked 
| 157|0x0000000089d00000, 0x0000000089e00000, 0x0000000089e00000|100%| O|  |TAMS 0x0000000089e00000, 0x0000000089e00000| Untracked 
| 158|0x0000000089e00000, 0x0000000089f00000, 0x0000000089f00000|100%| O|  |TAMS 0x0000000089f00000, 0x0000000089f00000| Untracked 
| 159|0x0000000089f00000, 0x000000008a000000, 0x000000008a000000|100%| O|  |TAMS 0x000000008a000000, 0x000000008a000000| Untracked 
| 160|0x000000008a000000, 0x000000008a000000, 0x000000008a100000|  0%| F|  |TAMS 0x000000008a000000, 0x000000008a000000| Untracked 
| 161|0x000000008a100000, 0x000000008a100000, 0x000000008a200000|  0%| F|  |TAMS 0x000000008a100000, 0x000000008a100000| Untracked 
| 162|0x000000008a200000, 0x000000008a300000, 0x000000008a300000|100%| O|  |TAMS 0x000000008a300000, 0x000000008a300000| Untracked 
| 163|0x000000008a300000, 0x000000008a300000, 0x000000008a400000|  0%| F|  |TAMS 0x000000008a300000, 0x000000008a300000| Untracked 
| 164|0x000000008a400000, 0x000000008a400000, 0x000000008a500000|  0%| F|  |TAMS 0x000000008a400000, 0x000000008a400000| Untracked 
| 165|0x000000008a500000, 0x000000008a600000, 0x000000008a600000|100%| O|  |TAMS 0x000000008a600000, 0x000000008a600000| Untracked 
| 166|0x000000008a600000, 0x000000008a700000, 0x000000008a700000|100%|HS|  |TAMS 0x000000008a700000, 0x000000008a700000| Complete 
| 167|0x000000008a700000, 0x000000008a800000, 0x000000008a800000|100%|HC|  |TAMS 0x000000008a800000, 0x000000008a800000| Complete 
| 168|0x000000008a800000, 0x000000008a800000, 0x000000008a900000|  0%| F|  |TAMS 0x000000008a800000, 0x000000008a800000| Untracked 
| 169|0x000000008a900000, 0x000000008aa00000, 0x000000008aa00000|100%|HS|  |TAMS 0x000000008aa00000, 0x000000008aa00000| Complete 
| 170|0x000000008aa00000, 0x000000008ab00000, 0x000000008ab00000|100%|HC|  |TAMS 0x000000008ab00000, 0x000000008ab00000| Complete 
| 171|0x000000008ab00000, 0x000000008ac00000, 0x000000008ac00000|100%| O|  |TAMS 0x000000008ac00000, 0x000000008ac00000| Untracked 
| 172|0x000000008ac00000, 0x000000008ac00000, 0x000000008ad00000|  0%| F|  |TAMS 0x000000008ac00000, 0x000000008ac00000| Untracked 
| 173|0x000000008ad00000, 0x000000008ad00000, 0x000000008ae00000|  0%| F|  |TAMS 0x000000008ad00000, 0x000000008ad00000| Untracked 
| 174|0x000000008ae00000, 0x000000008af00000, 0x000000008af00000|100%|HS|  |TAMS 0x000000008af00000, 0x000000008af00000| Complete 
| 175|0x000000008af00000, 0x000000008b000000, 0x000000008b000000|100%|HS|  |TAMS 0x000000008b000000, 0x000000008b000000| Complete 
| 176|0x000000008b000000, 0x000000008b100000, 0x000000008b100000|100%|HS|  |TAMS 0x000000008b100000, 0x000000008b100000| Complete 
| 177|0x000000008b100000, 0x000000008b200000, 0x000000008b200000|100%|HC|  |TAMS 0x000000008b200000, 0x000000008b200000| Complete 
| 178|0x000000008b200000, 0x000000008b300000, 0x000000008b300000|100%|HS|  |TAMS 0x000000008b300000, 0x000000008b300000| Complete 
| 179|0x000000008b300000, 0x000000008b300000, 0x000000008b400000|  0%| F|  |TAMS 0x000000008b300000, 0x000000008b300000| Untracked 
| 180|0x000000008b400000, 0x000000008b400000, 0x000000008b500000|  0%| F|  |TAMS 0x000000008b400000, 0x000000008b400000| Untracked 
| 181|0x000000008b500000, 0x000000008b500000, 0x000000008b600000|  0%| F|  |TAMS 0x000000008b500000, 0x000000008b500000| Untracked 
| 182|0x000000008b600000, 0x000000008b700000, 0x000000008b700000|100%|HS|  |TAMS 0x000000008b700000, 0x000000008b700000| Complete 
| 183|0x000000008b700000, 0x000000008b800000, 0x000000008b800000|100%|HS|  |TAMS 0x000000008b800000, 0x000000008b800000| Complete 
| 184|0x000000008b800000, 0x000000008b800000, 0x000000008b900000|  0%| F|  |TAMS 0x000000008b800000, 0x000000008b800000| Untracked 
| 185|0x000000008b900000, 0x000000008b900000, 0x000000008ba00000|  0%| F|  |TAMS 0x000000008b900000, 0x000000008b900000| Untracked 
| 186|0x000000008ba00000, 0x000000008bb00000, 0x000000008bb00000|100%|HS|  |TAMS 0x000000008bb00000, 0x000000008bb00000| Complete 
| 187|0x000000008bb00000, 0x000000008bc00000, 0x000000008bc00000|100%|HC|  |TAMS 0x000000008bc00000, 0x000000008bc00000| Complete 
| 188|0x000000008bc00000, 0x000000008bd00000, 0x000000008bd00000|100%|HS|  |TAMS 0x000000008bd00000, 0x000000008bd00000| Complete 
| 189|0x000000008bd00000, 0x000000008be00000, 0x000000008be00000|100%| O|  |TAMS 0x000000008be00000, 0x000000008be00000| Untracked 
| 190|0x000000008be00000, 0x000000008bf00000, 0x000000008bf00000|100%|HS|  |TAMS 0x000000008bf00000, 0x000000008bf00000| Complete 
| 191|0x000000008bf00000, 0x000000008c000000, 0x000000008c000000|100%|HS|  |TAMS 0x000000008c000000, 0x000000008c000000| Complete 
| 192|0x000000008c000000, 0x000000008c100000, 0x000000008c100000|100%| O|  |TAMS 0x000000008c100000, 0x000000008c100000| Untracked 
| 193|0x000000008c100000, 0x000000008c100000, 0x000000008c200000|  0%| F|  |TAMS 0x000000008c100000, 0x000000008c100000| Untracked 
| 194|0x000000008c200000, 0x000000008c300000, 0x000000008c300000|100%|HS|  |TAMS 0x000000008c300000, 0x000000008c300000| Complete 
| 195|0x000000008c300000, 0x000000008c400000, 0x000000008c400000|100%|HC|  |TAMS 0x000000008c400000, 0x000000008c400000| Complete 
| 196|0x000000008c400000, 0x000000008c500000, 0x000000008c500000|100%| O|  |TAMS 0x000000008c500000, 0x000000008c500000| Untracked 
| 197|0x000000008c500000, 0x000000008c600000, 0x000000008c600000|100%| O|  |TAMS 0x000000008c600000, 0x000000008c600000| Untracked 
| 198|0x000000008c600000, 0x000000008c700000, 0x000000008c700000|100%| O|  |TAMS 0x000000008c700000, 0x000000008c700000| Untracked 
| 199|0x000000008c700000, 0x000000008c800000, 0x000000008c800000|100%| O|  |TAMS 0x000000008c800000, 0x000000008c800000| Untracked 
| 200|0x000000008c800000, 0x000000008c900000, 0x000000008c900000|100%| O|  |TAMS 0x000000008c900000, 0x000000008c900000| Untracked 
| 201|0x000000008c900000, 0x000000008ca00000, 0x000000008ca00000|100%| O|  |TAMS 0x000000008ca00000, 0x000000008ca00000| Untracked 
| 202|0x000000008ca00000, 0x000000008cb00000, 0x000000008cb00000|100%| O|  |TAMS 0x000000008cb00000, 0x000000008cb00000| Untracked 
| 203|0x000000008cb00000, 0x000000008cc00000, 0x000000008cc00000|100%| O|  |TAMS 0x000000008cc00000, 0x000000008cc00000| Untracked 
| 204|0x000000008cc00000, 0x000000008cd00000, 0x000000008cd00000|100%| O|  |TAMS 0x000000008cd00000, 0x000000008cd00000| Untracked 
| 205|0x000000008cd00000, 0x000000008ce00000, 0x000000008ce00000|100%| O|  |TAMS 0x000000008ce00000, 0x000000008ce00000| Untracked 
| 206|0x000000008ce00000, 0x000000008cf00000, 0x000000008cf00000|100%| O|  |TAMS 0x000000008cf00000, 0x000000008cf00000| Untracked 
| 207|0x000000008cf00000, 0x000000008d000000, 0x000000008d000000|100%| O|  |TAMS 0x000000008d000000, 0x000000008d000000| Untracked 
| 208|0x000000008d000000, 0x000000008d100000, 0x000000008d100000|100%| O|  |TAMS 0x000000008d100000, 0x000000008d100000| Untracked 
| 209|0x000000008d100000, 0x000000008d200000, 0x000000008d200000|100%| O|  |TAMS 0x000000008d200000, 0x000000008d200000| Untracked 
| 210|0x000000008d200000, 0x000000008d300000, 0x000000008d300000|100%| O|  |TAMS 0x000000008d300000, 0x000000008d300000| Untracked 
| 211|0x000000008d300000, 0x000000008d400000, 0x000000008d400000|100%| O|  |TAMS 0x000000008d400000, 0x000000008d400000| Untracked 
| 212|0x000000008d400000, 0x000000008d500000, 0x000000008d500000|100%| O|  |TAMS 0x000000008d500000, 0x000000008d500000| Untracked 
| 213|0x000000008d500000, 0x000000008d600000, 0x000000008d600000|100%| O|  |TAMS 0x000000008d600000, 0x000000008d600000| Untracked 
| 214|0x000000008d600000, 0x000000008d700000, 0x000000008d700000|100%| O|  |TAMS 0x000000008d700000, 0x000000008d700000| Untracked 
| 215|0x000000008d700000, 0x000000008d700000, 0x000000008d800000|  0%| F|  |TAMS 0x000000008d700000, 0x000000008d700000| Untracked 
| 216|0x000000008d800000, 0x000000008d800000, 0x000000008d900000|  0%| F|  |TAMS 0x000000008d800000, 0x000000008d800000| Untracked 
| 217|0x000000008d900000, 0x000000008d900000, 0x000000008da00000|  0%| F|  |TAMS 0x000000008d900000, 0x000000008d900000| Untracked 
| 218|0x000000008da00000, 0x000000008db00000, 0x000000008db00000|100%| O|  |TAMS 0x000000008db00000, 0x000000008db00000| Untracked 
| 219|0x000000008db00000, 0x000000008db00000, 0x000000008dc00000|  0%| F|  |TAMS 0x000000008db00000, 0x000000008db00000| Untracked 
| 220|0x000000008dc00000, 0x000000008dd00000, 0x000000008dd00000|100%| O|  |TAMS 0x000000008dd00000, 0x000000008dd00000| Untracked 
| 221|0x000000008dd00000, 0x000000008de00000, 0x000000008de00000|100%| O|  |TAMS 0x000000008de00000, 0x000000008de00000| Untracked 
| 222|0x000000008de00000, 0x000000008df00000, 0x000000008df00000|100%| O|  |TAMS 0x000000008df00000, 0x000000008df00000| Untracked 
| 223|0x000000008df00000, 0x000000008e000000, 0x000000008e000000|100%| O|  |TAMS 0x000000008e000000, 0x000000008e000000| Untracked 
| 224|0x000000008e000000, 0x000000008e100000, 0x000000008e100000|100%| O|  |TAMS 0x000000008e100000, 0x000000008e100000| Untracked 
| 225|0x000000008e100000, 0x000000008e200000, 0x000000008e200000|100%| O|  |TAMS 0x000000008e200000, 0x000000008e200000| Untracked 
| 226|0x000000008e200000, 0x000000008e300000, 0x000000008e300000|100%| O|  |TAMS 0x000000008e300000, 0x000000008e300000| Untracked 
| 227|0x000000008e300000, 0x000000008e400000, 0x000000008e400000|100%| O|  |TAMS 0x000000008e400000, 0x000000008e400000| Untracked 
| 228|0x000000008e400000, 0x000000008e500000, 0x000000008e500000|100%| O|  |TAMS 0x000000008e500000, 0x000000008e500000| Untracked 
| 229|0x000000008e500000, 0x000000008e600000, 0x000000008e600000|100%| O|  |TAMS 0x000000008e600000, 0x000000008e600000| Untracked 
| 230|0x000000008e600000, 0x000000008e700000, 0x000000008e700000|100%| O|  |TAMS 0x000000008e700000, 0x000000008e700000| Untracked 
| 231|0x000000008e700000, 0x000000008e800000, 0x000000008e800000|100%| O|  |TAMS 0x000000008e800000, 0x000000008e800000| Untracked 
| 232|0x000000008e800000, 0x000000008e900000, 0x000000008e900000|100%| O|  |TAMS 0x000000008e900000, 0x000000008e900000| Untracked 
| 233|0x000000008e900000, 0x000000008ea00000, 0x000000008ea00000|100%| O|  |TAMS 0x000000008ea00000, 0x000000008ea00000| Untracked 
| 234|0x000000008ea00000, 0x000000008eb00000, 0x000000008eb00000|100%| O|  |TAMS 0x000000008eb00000, 0x000000008eb00000| Untracked 
| 235|0x000000008eb00000, 0x000000008ec00000, 0x000000008ec00000|100%| O|  |TAMS 0x000000008ec00000, 0x000000008ec00000| Untracked 
| 236|0x000000008ec00000, 0x000000008ed00000, 0x000000008ed00000|100%| O|  |TAMS 0x000000008ed00000, 0x000000008ed00000| Untracked 
| 237|0x000000008ed00000, 0x000000008ee00000, 0x000000008ee00000|100%| O|  |TAMS 0x000000008ee00000, 0x000000008ee00000| Untracked 
| 238|0x000000008ee00000, 0x000000008ef00000, 0x000000008ef00000|100%| O|  |TAMS 0x000000008ef00000, 0x000000008ef00000| Untracked 
| 239|0x000000008ef00000, 0x000000008f000000, 0x000000008f000000|100%| O|  |TAMS 0x000000008f000000, 0x000000008f000000| Untracked 
| 240|0x000000008f000000, 0x000000008f100000, 0x000000008f100000|100%| O|  |TAMS 0x000000008f100000, 0x000000008f100000| Untracked 
| 241|0x000000008f100000, 0x000000008f200000, 0x000000008f200000|100%| O|  |TAMS 0x000000008f200000, 0x000000008f200000| Untracked 
| 242|0x000000008f200000, 0x000000008f300000, 0x000000008f300000|100%| O|  |TAMS 0x000000008f300000, 0x000000008f300000| Untracked 
| 243|0x000000008f300000, 0x000000008f400000, 0x000000008f400000|100%| O|  |TAMS 0x000000008f400000, 0x000000008f400000| Untracked 
| 244|0x000000008f400000, 0x000000008f500000, 0x000000008f500000|100%| O|  |TAMS 0x000000008f500000, 0x000000008f500000| Untracked 
| 245|0x000000008f500000, 0x000000008f600000, 0x000000008f600000|100%| O|  |TAMS 0x000000008f600000, 0x000000008f600000| Untracked 
| 246|0x000000008f600000, 0x000000008f700000, 0x000000008f700000|100%| O|  |TAMS 0x000000008f700000, 0x000000008f700000| Untracked 
| 247|0x000000008f700000, 0x000000008f800000, 0x000000008f800000|100%| O|  |TAMS 0x000000008f800000, 0x000000008f800000| Untracked 
| 248|0x000000008f800000, 0x000000008f900000, 0x000000008f900000|100%| O|  |TAMS 0x000000008f900000, 0x000000008f900000| Untracked 
| 249|0x000000008f900000, 0x000000008fa00000, 0x000000008fa00000|100%| O|  |TAMS 0x000000008fa00000, 0x000000008fa00000| Untracked 
| 250|0x000000008fa00000, 0x000000008fb00000, 0x000000008fb00000|100%| O|  |TAMS 0x000000008fb00000, 0x000000008fb00000| Untracked 
| 251|0x000000008fb00000, 0x000000008fc00000, 0x000000008fc00000|100%| O|  |TAMS 0x000000008fc00000, 0x000000008fc00000| Untracked 
| 252|0x000000008fc00000, 0x000000008fd00000, 0x000000008fd00000|100%| O|  |TAMS 0x000000008fd00000, 0x000000008fd00000| Untracked 
| 253|0x000000008fd00000, 0x000000008fe00000, 0x000000008fe00000|100%| O|  |TAMS 0x000000008fe00000, 0x000000008fe00000| Untracked 
| 254|0x000000008fe00000, 0x000000008ff00000, 0x000000008ff00000|100%| O|  |TAMS 0x000000008ff00000, 0x000000008ff00000| Untracked 
| 255|0x000000008ff00000, 0x0000000090000000, 0x0000000090000000|100%| O|  |TAMS 0x0000000090000000, 0x0000000090000000| Untracked 
| 256|0x0000000090000000, 0x0000000090100000, 0x0000000090100000|100%| O|  |TAMS 0x0000000090100000, 0x0000000090100000| Untracked 
| 257|0x0000000090100000, 0x0000000090200000, 0x0000000090200000|100%| O|  |TAMS 0x0000000090200000, 0x0000000090200000| Untracked 
| 258|0x0000000090200000, 0x0000000090300000, 0x0000000090300000|100%| O|  |TAMS 0x0000000090300000, 0x0000000090300000| Untracked 
| 259|0x0000000090300000, 0x0000000090400000, 0x0000000090400000|100%| O|  |TAMS 0x0000000090400000, 0x0000000090400000| Untracked 
| 260|0x0000000090400000, 0x0000000090500000, 0x0000000090500000|100%| O|  |TAMS 0x0000000090500000, 0x0000000090500000| Untracked 
| 261|0x0000000090500000, 0x0000000090600000, 0x0000000090600000|100%| O|  |TAMS 0x0000000090600000, 0x0000000090600000| Untracked 
| 262|0x0000000090600000, 0x0000000090700000, 0x0000000090700000|100%| O|  |TAMS 0x0000000090700000, 0x0000000090700000| Untracked 
| 263|0x0000000090700000, 0x0000000090800000, 0x0000000090800000|100%| O|  |TAMS 0x0000000090800000, 0x0000000090800000| Untracked 
| 264|0x0000000090800000, 0x0000000090900000, 0x0000000090900000|100%| O|  |TAMS 0x0000000090900000, 0x0000000090900000| Untracked 
| 265|0x0000000090900000, 0x0000000090a00000, 0x0000000090a00000|100%| O|  |TAMS 0x0000000090a00000, 0x0000000090a00000| Untracked 
| 266|0x0000000090a00000, 0x0000000090b00000, 0x0000000090b00000|100%| O|  |TAMS 0x0000000090b00000, 0x0000000090b00000| Untracked 
| 267|0x0000000090b00000, 0x0000000090c00000, 0x0000000090c00000|100%| O|  |TAMS 0x0000000090c00000, 0x0000000090c00000| Untracked 
| 268|0x0000000090c00000, 0x0000000090c00000, 0x0000000090d00000|  0%| F|  |TAMS 0x0000000090c00000, 0x0000000090c00000| Untracked 
| 269|0x0000000090d00000, 0x0000000090d00000, 0x0000000090e00000|  0%| F|  |TAMS 0x0000000090d00000, 0x0000000090d00000| Untracked 
| 270|0x0000000090e00000, 0x0000000090e00000, 0x0000000090f00000|  0%| F|  |TAMS 0x0000000090e00000, 0x0000000090e00000| Untracked 
| 271|0x0000000090f00000, 0x0000000090f00000, 0x0000000091000000|  0%| F|  |TAMS 0x0000000090f00000, 0x0000000090f00000| Untracked 
| 272|0x0000000091000000, 0x0000000091000000, 0x0000000091100000|  0%| F|  |TAMS 0x0000000091000000, 0x0000000091000000| Untracked 
| 273|0x0000000091100000, 0x0000000091100000, 0x0000000091200000|  0%| F|  |TAMS 0x0000000091100000, 0x0000000091100000| Untracked 
| 274|0x0000000091200000, 0x0000000091200000, 0x0000000091300000|  0%| F|  |TAMS 0x0000000091200000, 0x0000000091200000| Untracked 
| 275|0x0000000091300000, 0x0000000091300000, 0x0000000091400000|  0%| F|  |TAMS 0x0000000091300000, 0x0000000091300000| Untracked 
| 276|0x0000000091400000, 0x0000000091400000, 0x0000000091500000|  0%| F|  |TAMS 0x0000000091400000, 0x0000000091400000| Untracked 
| 277|0x0000000091500000, 0x0000000091500000, 0x0000000091600000|  0%| F|  |TAMS 0x0000000091500000, 0x0000000091500000| Untracked 
| 278|0x0000000091600000, 0x0000000091600000, 0x0000000091700000|  0%| F|  |TAMS 0x0000000091600000, 0x0000000091600000| Untracked 
| 279|0x0000000091700000, 0x0000000091700000, 0x0000000091800000|  0%| F|  |TAMS 0x0000000091700000, 0x0000000091700000| Untracked 
| 280|0x0000000091800000, 0x0000000091800000, 0x0000000091900000|  0%| F|  |TAMS 0x0000000091800000, 0x0000000091800000| Untracked 
| 281|0x0000000091900000, 0x0000000091900000, 0x0000000091a00000|  0%| F|  |TAMS 0x0000000091900000, 0x0000000091900000| Untracked 
| 282|0x0000000091a00000, 0x0000000091a00000, 0x0000000091b00000|  0%| F|  |TAMS 0x0000000091a00000, 0x0000000091a00000| Untracked 
| 283|0x0000000091b00000, 0x0000000091b00000, 0x0000000091c00000|  0%| F|  |TAMS 0x0000000091b00000, 0x0000000091b00000| Untracked 
| 284|0x0000000091c00000, 0x0000000091c00000, 0x0000000091d00000|  0%| F|  |TAMS 0x0000000091c00000, 0x0000000091c00000| Untracked 
| 285|0x0000000091d00000, 0x0000000091d00000, 0x0000000091e00000|  0%| F|  |TAMS 0x0000000091d00000, 0x0000000091d00000| Untracked 
| 286|0x0000000091e00000, 0x0000000091e00000, 0x0000000091f00000|  0%| F|  |TAMS 0x0000000091e00000, 0x0000000091e00000| Untracked 
| 287|0x0000000091f00000, 0x0000000091f00000, 0x0000000092000000|  0%| F|  |TAMS 0x0000000091f00000, 0x0000000091f00000| Untracked 
| 288|0x0000000092000000, 0x0000000092100000, 0x0000000092100000|100%| O|  |TAMS 0x0000000092100000, 0x0000000092100000| Untracked 
| 289|0x0000000092100000, 0x0000000092100000, 0x0000000092200000|  0%| F|  |TAMS 0x0000000092100000, 0x0000000092100000| Untracked 
| 290|0x0000000092200000, 0x0000000092200000, 0x0000000092300000|  0%| F|  |TAMS 0x0000000092200000, 0x0000000092200000| Untracked 
| 291|0x0000000092300000, 0x0000000092300000, 0x0000000092400000|  0%| F|  |TAMS 0x0000000092300000, 0x0000000092300000| Untracked 
| 292|0x0000000092400000, 0x0000000092400000, 0x0000000092500000|  0%| F|  |TAMS 0x0000000092400000, 0x0000000092400000| Untracked 
| 293|0x0000000092500000, 0x0000000092500000, 0x0000000092600000|  0%| F|  |TAMS 0x0000000092500000, 0x0000000092500000| Untracked 
| 294|0x0000000092600000, 0x0000000092600000, 0x0000000092700000|  0%| F|  |TAMS 0x0000000092600000, 0x0000000092600000| Untracked 
| 295|0x0000000092700000, 0x0000000092700000, 0x0000000092800000|  0%| F|  |TAMS 0x0000000092700000, 0x0000000092700000| Untracked 
| 296|0x0000000092800000, 0x0000000092800000, 0x0000000092900000|  0%| F|  |TAMS 0x0000000092800000, 0x0000000092800000| Untracked 
| 297|0x0000000092900000, 0x0000000092900000, 0x0000000092a00000|  0%| F|  |TAMS 0x0000000092900000, 0x0000000092900000| Untracked 
| 298|0x0000000092a00000, 0x0000000092a00000, 0x0000000092b00000|  0%| F|  |TAMS 0x0000000092a00000, 0x0000000092a00000| Untracked 
| 299|0x0000000092b00000, 0x0000000092b00000, 0x0000000092c00000|  0%| F|  |TAMS 0x0000000092b00000, 0x0000000092b00000| Untracked 
| 300|0x0000000092c00000, 0x0000000092c00000, 0x0000000092d00000|  0%| F|  |TAMS 0x0000000092c00000, 0x0000000092c00000| Untracked 
| 301|0x0000000092d00000, 0x0000000092d00000, 0x0000000092e00000|  0%| F|  |TAMS 0x0000000092d00000, 0x0000000092d00000| Untracked 
| 302|0x0000000092e00000, 0x0000000092e00000, 0x0000000092f00000|  0%| F|  |TAMS 0x0000000092e00000, 0x0000000092e00000| Untracked 
| 303|0x0000000092f00000, 0x0000000092f00000, 0x0000000093000000|  0%| F|  |TAMS 0x0000000092f00000, 0x0000000092f00000| Untracked 
| 304|0x0000000093000000, 0x0000000093000000, 0x0000000093100000|  0%| F|  |TAMS 0x0000000093000000, 0x0000000093000000| Untracked 
| 305|0x0000000093100000, 0x0000000093100000, 0x0000000093200000|  0%| F|  |TAMS 0x0000000093100000, 0x0000000093100000| Untracked 
| 306|0x0000000093200000, 0x0000000093200000, 0x0000000093300000|  0%| F|  |TAMS 0x0000000093200000, 0x0000000093200000| Untracked 
| 307|0x0000000093300000, 0x0000000093300000, 0x0000000093400000|  0%| F|  |TAMS 0x0000000093300000, 0x0000000093300000| Untracked 
| 308|0x0000000093400000, 0x0000000093400000, 0x0000000093500000|  0%| F|  |TAMS 0x0000000093400000, 0x0000000093400000| Untracked 
| 309|0x0000000093500000, 0x0000000093500000, 0x0000000093600000|  0%| F|  |TAMS 0x0000000093500000, 0x0000000093500000| Untracked 
| 310|0x0000000093600000, 0x0000000093600000, 0x0000000093700000|  0%| F|  |TAMS 0x0000000093600000, 0x0000000093600000| Untracked 
| 311|0x0000000093700000, 0x0000000093700000, 0x0000000093800000|  0%| F|  |TAMS 0x0000000093700000, 0x0000000093700000| Untracked 
| 312|0x0000000093800000, 0x0000000093800000, 0x0000000093900000|  0%| F|  |TAMS 0x0000000093800000, 0x0000000093800000| Untracked 
| 313|0x0000000093900000, 0x0000000093900000, 0x0000000093a00000|  0%| F|  |TAMS 0x0000000093900000, 0x0000000093900000| Untracked 
| 314|0x0000000093a00000, 0x0000000093a00000, 0x0000000093b00000|  0%| F|  |TAMS 0x0000000093a00000, 0x0000000093a00000| Untracked 
| 315|0x0000000093b00000, 0x0000000093b00000, 0x0000000093c00000|  0%| F|  |TAMS 0x0000000093b00000, 0x0000000093b00000| Untracked 
| 316|0x0000000093c00000, 0x0000000093c00000, 0x0000000093d00000|  0%| F|  |TAMS 0x0000000093c00000, 0x0000000093c00000| Untracked 
| 317|0x0000000093d00000, 0x0000000093d00000, 0x0000000093e00000|  0%| F|  |TAMS 0x0000000093d00000, 0x0000000093d00000| Untracked 
| 318|0x0000000093e00000, 0x0000000093e00000, 0x0000000093f00000|  0%| F|  |TAMS 0x0000000093e00000, 0x0000000093e00000| Untracked 
| 319|0x0000000093f00000, 0x0000000093f00000, 0x0000000094000000|  0%| F|  |TAMS 0x0000000093f00000, 0x0000000093f00000| Untracked 
| 320|0x0000000094000000, 0x0000000094000000, 0x0000000094100000|  0%| F|  |TAMS 0x0000000094000000, 0x0000000094000000| Untracked 
| 321|0x0000000094100000, 0x0000000094100000, 0x0000000094200000|  0%| F|  |TAMS 0x0000000094100000, 0x0000000094100000| Untracked 
| 322|0x0000000094200000, 0x0000000094200000, 0x0000000094300000|  0%| F|  |TAMS 0x0000000094200000, 0x0000000094200000| Untracked 
| 323|0x0000000094300000, 0x0000000094300000, 0x0000000094400000|  0%| F|  |TAMS 0x0000000094300000, 0x0000000094300000| Untracked 
| 324|0x0000000094400000, 0x0000000094400000, 0x0000000094500000|  0%| F|  |TAMS 0x0000000094400000, 0x0000000094400000| Untracked 
| 325|0x0000000094500000, 0x0000000094500000, 0x0000000094600000|  0%| F|  |TAMS 0x0000000094500000, 0x0000000094500000| Untracked 
| 326|0x0000000094600000, 0x0000000094600000, 0x0000000094700000|  0%| F|  |TAMS 0x0000000094600000, 0x0000000094600000| Untracked 
| 327|0x0000000094700000, 0x0000000094700000, 0x0000000094800000|  0%| F|  |TAMS 0x0000000094700000, 0x0000000094700000| Untracked 
| 328|0x0000000094800000, 0x0000000094800000, 0x0000000094900000|  0%| F|  |TAMS 0x0000000094800000, 0x0000000094800000| Untracked 
| 329|0x0000000094900000, 0x0000000094900000, 0x0000000094a00000|  0%| F|  |TAMS 0x0000000094900000, 0x0000000094900000| Untracked 
| 330|0x0000000094a00000, 0x0000000094a00000, 0x0000000094b00000|  0%| F|  |TAMS 0x0000000094a00000, 0x0000000094a00000| Untracked 
| 331|0x0000000094b00000, 0x0000000094b00000, 0x0000000094c00000|  0%| F|  |TAMS 0x0000000094b00000, 0x0000000094b00000| Untracked 
| 332|0x0000000094c00000, 0x0000000094c00000, 0x0000000094d00000|  0%| F|  |TAMS 0x0000000094c00000, 0x0000000094c00000| Untracked 
| 333|0x0000000094d00000, 0x0000000094d00000, 0x0000000094e00000|  0%| F|  |TAMS 0x0000000094d00000, 0x0000000094d00000| Untracked 
| 334|0x0000000094e00000, 0x0000000094e00000, 0x0000000094f00000|  0%| F|  |TAMS 0x0000000094e00000, 0x0000000094e00000| Untracked 
| 335|0x0000000094f00000, 0x0000000094f00000, 0x0000000095000000|  0%| F|  |TAMS 0x0000000094f00000, 0x0000000094f00000| Untracked 
| 336|0x0000000095000000, 0x0000000095000000, 0x0000000095100000|  0%| F|  |TAMS 0x0000000095000000, 0x0000000095000000| Untracked 
| 337|0x0000000095100000, 0x0000000095100000, 0x0000000095200000|  0%| F|  |TAMS 0x0000000095100000, 0x0000000095100000| Untracked 
| 338|0x0000000095200000, 0x0000000095200000, 0x0000000095300000|  0%| F|  |TAMS 0x0000000095200000, 0x0000000095200000| Untracked 
| 339|0x0000000095300000, 0x0000000095300000, 0x0000000095400000|  0%| F|  |TAMS 0x0000000095300000, 0x0000000095300000| Untracked 
| 340|0x0000000095400000, 0x0000000095400000, 0x0000000095500000|  0%| F|  |TAMS 0x0000000095400000, 0x0000000095400000| Untracked 
| 341|0x0000000095500000, 0x0000000095500000, 0x0000000095600000|  0%| F|  |TAMS 0x0000000095500000, 0x0000000095500000| Untracked 
| 342|0x0000000095600000, 0x0000000095600000, 0x0000000095700000|  0%| F|  |TAMS 0x0000000095600000, 0x0000000095600000| Untracked 
| 343|0x0000000095700000, 0x0000000095700000, 0x0000000095800000|  0%| F|  |TAMS 0x0000000095700000, 0x0000000095700000| Untracked 
| 344|0x0000000095800000, 0x0000000095800000, 0x0000000095900000|  0%| F|  |TAMS 0x0000000095800000, 0x0000000095800000| Untracked 
| 345|0x0000000095900000, 0x0000000095900000, 0x0000000095a00000|  0%| F|  |TAMS 0x0000000095900000, 0x0000000095900000| Untracked 
| 346|0x0000000095a00000, 0x0000000095a00000, 0x0000000095b00000|  0%| F|  |TAMS 0x0000000095a00000, 0x0000000095a00000| Untracked 
| 347|0x0000000095b00000, 0x0000000095b00000, 0x0000000095c00000|  0%| F|  |TAMS 0x0000000095b00000, 0x0000000095b00000| Untracked 
| 348|0x0000000095c00000, 0x0000000095c00000, 0x0000000095d00000|  0%| F|  |TAMS 0x0000000095c00000, 0x0000000095c00000| Untracked 
| 349|0x0000000095d00000, 0x0000000095d00000, 0x0000000095e00000|  0%| F|  |TAMS 0x0000000095d00000, 0x0000000095d00000| Untracked 
| 350|0x0000000095e00000, 0x0000000095e00000, 0x0000000095f00000|  0%| F|  |TAMS 0x0000000095e00000, 0x0000000095e00000| Untracked 
| 351|0x0000000095f00000, 0x0000000095f00000, 0x0000000096000000|  0%| F|  |TAMS 0x0000000095f00000, 0x0000000095f00000| Untracked 
| 352|0x0000000096000000, 0x0000000096000000, 0x0000000096100000|  0%| F|  |TAMS 0x0000000096000000, 0x0000000096000000| Untracked 
| 353|0x0000000096100000, 0x0000000096100000, 0x0000000096200000|  0%| F|  |TAMS 0x0000000096100000, 0x0000000096100000| Untracked 
| 354|0x0000000096200000, 0x0000000096200000, 0x0000000096300000|  0%| F|  |TAMS 0x0000000096200000, 0x0000000096200000| Untracked 
| 355|0x0000000096300000, 0x0000000096300000, 0x0000000096400000|  0%| F|  |TAMS 0x0000000096300000, 0x0000000096300000| Untracked 
| 356|0x0000000096400000, 0x0000000096400000, 0x0000000096500000|  0%| F|  |TAMS 0x0000000096400000, 0x0000000096400000| Untracked 
| 357|0x0000000096500000, 0x0000000096500000, 0x0000000096600000|  0%| F|  |TAMS 0x0000000096500000, 0x0000000096500000| Untracked 
| 358|0x0000000096600000, 0x0000000096600000, 0x0000000096700000|  0%| F|  |TAMS 0x0000000096600000, 0x0000000096600000| Untracked 
| 359|0x0000000096700000, 0x0000000096700000, 0x0000000096800000|  0%| F|  |TAMS 0x0000000096700000, 0x0000000096700000| Untracked 
| 360|0x0000000096800000, 0x0000000096800000, 0x0000000096900000|  0%| F|  |TAMS 0x0000000096800000, 0x0000000096800000| Untracked 
| 361|0x0000000096900000, 0x0000000096900000, 0x0000000096a00000|  0%| F|  |TAMS 0x0000000096900000, 0x0000000096900000| Untracked 
| 362|0x0000000096a00000, 0x0000000096a00000, 0x0000000096b00000|  0%| F|  |TAMS 0x0000000096a00000, 0x0000000096a00000| Untracked 
| 363|0x0000000096b00000, 0x0000000096b00000, 0x0000000096c00000|  0%| F|  |TAMS 0x0000000096b00000, 0x0000000096b00000| Untracked 
| 364|0x0000000096c00000, 0x0000000096c00000, 0x0000000096d00000|  0%| F|  |TAMS 0x0000000096c00000, 0x0000000096c00000| Untracked 
| 365|0x0000000096d00000, 0x0000000096d00000, 0x0000000096e00000|  0%| F|  |TAMS 0x0000000096d00000, 0x0000000096d00000| Untracked 
| 366|0x0000000096e00000, 0x0000000096e00000, 0x0000000096f00000|  0%| F|  |TAMS 0x0000000096e00000, 0x0000000096e00000| Untracked 
| 367|0x0000000096f00000, 0x0000000096f00000, 0x0000000097000000|  0%| F|  |TAMS 0x0000000096f00000, 0x0000000096f00000| Untracked 
| 368|0x0000000097000000, 0x0000000097000000, 0x0000000097100000|  0%| F|  |TAMS 0x0000000097000000, 0x0000000097000000| Untracked 
| 369|0x0000000097100000, 0x0000000097100000, 0x0000000097200000|  0%| F|  |TAMS 0x0000000097100000, 0x0000000097100000| Untracked 
| 370|0x0000000097200000, 0x0000000097200000, 0x0000000097300000|  0%| F|  |TAMS 0x0000000097200000, 0x0000000097200000| Untracked 
| 371|0x0000000097300000, 0x0000000097300000, 0x0000000097400000|  0%| F|  |TAMS 0x0000000097300000, 0x0000000097300000| Untracked 
| 372|0x0000000097400000, 0x0000000097400000, 0x0000000097500000|  0%| F|  |TAMS 0x0000000097400000, 0x0000000097400000| Untracked 
| 373|0x0000000097500000, 0x0000000097500000, 0x0000000097600000|  0%| F|  |TAMS 0x0000000097500000, 0x0000000097500000| Untracked 
| 374|0x0000000097600000, 0x0000000097600000, 0x0000000097700000|  0%| F|  |TAMS 0x0000000097600000, 0x0000000097600000| Untracked 
| 375|0x0000000097700000, 0x0000000097700000, 0x0000000097800000|  0%| F|  |TAMS 0x0000000097700000, 0x0000000097700000| Untracked 
| 376|0x0000000097800000, 0x0000000097800000, 0x0000000097900000|  0%| F|  |TAMS 0x0000000097800000, 0x0000000097800000| Untracked 
| 377|0x0000000097900000, 0x0000000097900000, 0x0000000097a00000|  0%| F|  |TAMS 0x0000000097900000, 0x0000000097900000| Untracked 
| 378|0x0000000097a00000, 0x0000000097a00000, 0x0000000097b00000|  0%| F|  |TAMS 0x0000000097a00000, 0x0000000097a00000| Untracked 
| 379|0x0000000097b00000, 0x0000000097b00000, 0x0000000097c00000|  0%| F|  |TAMS 0x0000000097b00000, 0x0000000097b00000| Untracked 
| 380|0x0000000097c00000, 0x0000000097c00000, 0x0000000097d00000|  0%| F|  |TAMS 0x0000000097c00000, 0x0000000097c00000| Untracked 
| 381|0x0000000097d00000, 0x0000000097d00000, 0x0000000097e00000|  0%| F|  |TAMS 0x0000000097d00000, 0x0000000097d00000| Untracked 
| 382|0x0000000097e00000, 0x0000000097e00000, 0x0000000097f00000|  0%| F|  |TAMS 0x0000000097e00000, 0x0000000097e00000| Untracked 
| 383|0x0000000097f00000, 0x0000000097f00000, 0x0000000098000000|  0%| F|  |TAMS 0x0000000097f00000, 0x0000000097f00000| Untracked 
| 384|0x0000000098000000, 0x0000000098000000, 0x0000000098100000|  0%| F|  |TAMS 0x0000000098000000, 0x0000000098000000| Untracked 
| 385|0x0000000098100000, 0x0000000098100000, 0x0000000098200000|  0%| F|  |TAMS 0x0000000098100000, 0x0000000098100000| Untracked 
| 386|0x0000000098200000, 0x0000000098200000, 0x0000000098300000|  0%| F|  |TAMS 0x0000000098200000, 0x0000000098200000| Untracked 
| 387|0x0000000098300000, 0x0000000098300000, 0x0000000098400000|  0%| F|  |TAMS 0x0000000098300000, 0x0000000098300000| Untracked 
| 388|0x0000000098400000, 0x0000000098400000, 0x0000000098500000|  0%| F|  |TAMS 0x0000000098400000, 0x0000000098400000| Untracked 
| 389|0x0000000098500000, 0x0000000098500000, 0x0000000098600000|  0%| F|  |TAMS 0x0000000098500000, 0x0000000098500000| Untracked 
| 390|0x0000000098600000, 0x0000000098600000, 0x0000000098700000|  0%| F|  |TAMS 0x0000000098600000, 0x0000000098600000| Untracked 
| 391|0x0000000098700000, 0x0000000098700000, 0x0000000098800000|  0%| F|  |TAMS 0x0000000098700000, 0x0000000098700000| Untracked 
| 392|0x0000000098800000, 0x0000000098800000, 0x0000000098900000|  0%| F|  |TAMS 0x0000000098800000, 0x0000000098800000| Untracked 
| 393|0x0000000098900000, 0x0000000098900000, 0x0000000098a00000|  0%| F|  |TAMS 0x0000000098900000, 0x0000000098900000| Untracked 
| 394|0x0000000098a00000, 0x0000000098a00000, 0x0000000098b00000|  0%| F|  |TAMS 0x0000000098a00000, 0x0000000098a00000| Untracked 
| 395|0x0000000098b00000, 0x0000000098b00000, 0x0000000098c00000|  0%| F|  |TAMS 0x0000000098b00000, 0x0000000098b00000| Untracked 
| 396|0x0000000098c00000, 0x0000000098c00000, 0x0000000098d00000|  0%| F|  |TAMS 0x0000000098c00000, 0x0000000098c00000| Untracked 
| 397|0x0000000098d00000, 0x0000000098d00000, 0x0000000098e00000|  0%| F|  |TAMS 0x0000000098d00000, 0x0000000098d00000| Untracked 
| 398|0x0000000098e00000, 0x0000000098e00000, 0x0000000098f00000|  0%| F|  |TAMS 0x0000000098e00000, 0x0000000098e00000| Untracked 
| 399|0x0000000098f00000, 0x0000000098f00000, 0x0000000099000000|  0%| F|  |TAMS 0x0000000098f00000, 0x0000000098f00000| Untracked 
| 400|0x0000000099000000, 0x0000000099000000, 0x0000000099100000|  0%| F|  |TAMS 0x0000000099000000, 0x0000000099000000| Untracked 
| 401|0x0000000099100000, 0x0000000099100000, 0x0000000099200000|  0%| F|  |TAMS 0x0000000099100000, 0x0000000099100000| Untracked 
| 402|0x0000000099200000, 0x0000000099200000, 0x0000000099300000|  0%| F|  |TAMS 0x0000000099200000, 0x0000000099200000| Untracked 
| 403|0x0000000099300000, 0x0000000099300000, 0x0000000099400000|  0%| F|  |TAMS 0x0000000099300000, 0x0000000099300000| Untracked 
| 404|0x0000000099400000, 0x0000000099400000, 0x0000000099500000|  0%| F|  |TAMS 0x0000000099400000, 0x0000000099400000| Untracked 
| 405|0x0000000099500000, 0x0000000099500000, 0x0000000099600000|  0%| F|  |TAMS 0x0000000099500000, 0x0000000099500000| Untracked 
| 406|0x0000000099600000, 0x0000000099600000, 0x0000000099700000|  0%| F|  |TAMS 0x0000000099600000, 0x0000000099600000| Untracked 
| 407|0x0000000099700000, 0x0000000099700000, 0x0000000099800000|  0%| F|  |TAMS 0x0000000099700000, 0x0000000099700000| Untracked 
| 408|0x0000000099800000, 0x0000000099800000, 0x0000000099900000|  0%| F|  |TAMS 0x0000000099800000, 0x0000000099800000| Untracked 
| 409|0x0000000099900000, 0x0000000099900000, 0x0000000099a00000|  0%| F|  |TAMS 0x0000000099900000, 0x0000000099900000| Untracked 
| 410|0x0000000099a00000, 0x0000000099a00000, 0x0000000099b00000|  0%| F|  |TAMS 0x0000000099a00000, 0x0000000099a00000| Untracked 
| 411|0x0000000099b00000, 0x0000000099b00000, 0x0000000099c00000|  0%| F|  |TAMS 0x0000000099b00000, 0x0000000099b00000| Untracked 
| 412|0x0000000099c00000, 0x0000000099c00000, 0x0000000099d00000|  0%| F|  |TAMS 0x0000000099c00000, 0x0000000099c00000| Untracked 
| 413|0x0000000099d00000, 0x0000000099d00000, 0x0000000099e00000|  0%| F|  |TAMS 0x0000000099d00000, 0x0000000099d00000| Untracked 
| 414|0x0000000099e00000, 0x0000000099e00000, 0x0000000099f00000|  0%| F|  |TAMS 0x0000000099e00000, 0x0000000099e00000| Untracked 
| 415|0x0000000099f00000, 0x0000000099f00000, 0x000000009a000000|  0%| F|  |TAMS 0x0000000099f00000, 0x0000000099f00000| Untracked 
| 416|0x000000009a000000, 0x000000009a000000, 0x000000009a100000|  0%| F|  |TAMS 0x000000009a000000, 0x000000009a000000| Untracked 
| 417|0x000000009a100000, 0x000000009a100000, 0x000000009a200000|  0%| F|  |TAMS 0x000000009a100000, 0x000000009a100000| Untracked 
| 418|0x000000009a200000, 0x000000009a200000, 0x000000009a300000|  0%| F|  |TAMS 0x000000009a200000, 0x000000009a200000| Untracked 
| 419|0x000000009a300000, 0x000000009a300000, 0x000000009a400000|  0%| F|  |TAMS 0x000000009a300000, 0x000000009a300000| Untracked 
| 420|0x000000009a400000, 0x000000009a400000, 0x000000009a500000|  0%| F|  |TAMS 0x000000009a400000, 0x000000009a400000| Untracked 
| 421|0x000000009a500000, 0x000000009a500000, 0x000000009a600000|  0%| F|  |TAMS 0x000000009a500000, 0x000000009a500000| Untracked 
| 422|0x000000009a600000, 0x000000009a600000, 0x000000009a700000|  0%| F|  |TAMS 0x000000009a600000, 0x000000009a600000| Untracked 
| 423|0x000000009a700000, 0x000000009a700000, 0x000000009a800000|  0%| F|  |TAMS 0x000000009a700000, 0x000000009a700000| Untracked 
| 424|0x000000009a800000, 0x000000009a800000, 0x000000009a900000|  0%| F|  |TAMS 0x000000009a800000, 0x000000009a800000| Untracked 
| 425|0x000000009a900000, 0x000000009a900000, 0x000000009aa00000|  0%| F|  |TAMS 0x000000009a900000, 0x000000009a900000| Untracked 
| 426|0x000000009aa00000, 0x000000009aa00000, 0x000000009ab00000|  0%| F|  |TAMS 0x000000009aa00000, 0x000000009aa00000| Untracked 
| 427|0x000000009ab00000, 0x000000009ab00000, 0x000000009ac00000|  0%| F|  |TAMS 0x000000009ab00000, 0x000000009ab00000| Untracked 
| 428|0x000000009ac00000, 0x000000009ac00000, 0x000000009ad00000|  0%| F|  |TAMS 0x000000009ac00000, 0x000000009ac00000| Untracked 
| 429|0x000000009ad00000, 0x000000009ad00000, 0x000000009ae00000|  0%| F|  |TAMS 0x000000009ad00000, 0x000000009ad00000| Untracked 
| 430|0x000000009ae00000, 0x000000009ae00000, 0x000000009af00000|  0%| F|  |TAMS 0x000000009ae00000, 0x000000009ae00000| Untracked 
| 431|0x000000009af00000, 0x000000009af00000, 0x000000009b000000|  0%| F|  |TAMS 0x000000009af00000, 0x000000009af00000| Untracked 
| 432|0x000000009b000000, 0x000000009b000000, 0x000000009b100000|  0%| F|  |TAMS 0x000000009b000000, 0x000000009b000000| Untracked 
| 433|0x000000009b100000, 0x000000009b100000, 0x000000009b200000|  0%| F|  |TAMS 0x000000009b100000, 0x000000009b100000| Untracked 
| 434|0x000000009b200000, 0x000000009b200000, 0x000000009b300000|  0%| F|  |TAMS 0x000000009b200000, 0x000000009b200000| Untracked 
| 435|0x000000009b300000, 0x000000009b300000, 0x000000009b400000|  0%| F|  |TAMS 0x000000009b300000, 0x000000009b300000| Untracked 
| 436|0x000000009b400000, 0x000000009b400000, 0x000000009b500000|  0%| F|  |TAMS 0x000000009b400000, 0x000000009b400000| Untracked 
| 437|0x000000009b500000, 0x000000009b500000, 0x000000009b600000|  0%| F|  |TAMS 0x000000009b500000, 0x000000009b500000| Untracked 
| 438|0x000000009b600000, 0x000000009b600000, 0x000000009b700000|  0%| F|  |TAMS 0x000000009b600000, 0x000000009b600000| Untracked 
| 439|0x000000009b700000, 0x000000009b700000, 0x000000009b800000|  0%| F|  |TAMS 0x000000009b700000, 0x000000009b700000| Untracked 
| 440|0x000000009b800000, 0x000000009b800000, 0x000000009b900000|  0%| F|  |TAMS 0x000000009b800000, 0x000000009b800000| Untracked 
| 441|0x000000009b900000, 0x000000009b900000, 0x000000009ba00000|  0%| F|  |TAMS 0x000000009b900000, 0x000000009b900000| Untracked 
| 442|0x000000009ba00000, 0x000000009ba00000, 0x000000009bb00000|  0%| F|  |TAMS 0x000000009ba00000, 0x000000009ba00000| Untracked 
| 443|0x000000009bb00000, 0x000000009bb00000, 0x000000009bc00000|  0%| F|  |TAMS 0x000000009bb00000, 0x000000009bb00000| Untracked 
| 444|0x000000009bc00000, 0x000000009bc00000, 0x000000009bd00000|  0%| F|  |TAMS 0x000000009bc00000, 0x000000009bc00000| Untracked 
| 445|0x000000009bd00000, 0x000000009bd00000, 0x000000009be00000|  0%| F|  |TAMS 0x000000009bd00000, 0x000000009bd00000| Untracked 
| 446|0x000000009be00000, 0x000000009be00000, 0x000000009bf00000|  0%| F|  |TAMS 0x000000009be00000, 0x000000009be00000| Untracked 
| 447|0x000000009bf00000, 0x000000009bf00000, 0x000000009c000000|  0%| F|  |TAMS 0x000000009bf00000, 0x000000009bf00000| Untracked 
| 448|0x000000009c000000, 0x000000009c000000, 0x000000009c100000|  0%| F|  |TAMS 0x000000009c000000, 0x000000009c000000| Untracked 
| 449|0x000000009c100000, 0x000000009c100000, 0x000000009c200000|  0%| F|  |TAMS 0x000000009c100000, 0x000000009c100000| Untracked 
| 450|0x000000009c200000, 0x000000009c200000, 0x000000009c300000|  0%| F|  |TAMS 0x000000009c200000, 0x000000009c200000| Untracked 
| 451|0x000000009c300000, 0x000000009c300000, 0x000000009c400000|  0%| F|  |TAMS 0x000000009c300000, 0x000000009c300000| Untracked 
| 452|0x000000009c400000, 0x000000009c400000, 0x000000009c500000|  0%| F|  |TAMS 0x000000009c400000, 0x000000009c400000| Untracked 
| 453|0x000000009c500000, 0x000000009c500000, 0x000000009c600000|  0%| F|  |TAMS 0x000000009c500000, 0x000000009c500000| Untracked 
| 454|0x000000009c600000, 0x000000009c600000, 0x000000009c700000|  0%| F|  |TAMS 0x000000009c600000, 0x000000009c600000| Untracked 
| 455|0x000000009c700000, 0x000000009c700000, 0x000000009c800000|  0%| F|  |TAMS 0x000000009c700000, 0x000000009c700000| Untracked 
| 456|0x000000009c800000, 0x000000009c800000, 0x000000009c900000|  0%| F|  |TAMS 0x000000009c800000, 0x000000009c800000| Untracked 
| 457|0x000000009c900000, 0x000000009c900000, 0x000000009ca00000|  0%| F|  |TAMS 0x000000009c900000, 0x000000009c900000| Untracked 
| 458|0x000000009ca00000, 0x000000009ca00000, 0x000000009cb00000|  0%| F|  |TAMS 0x000000009ca00000, 0x000000009ca00000| Untracked 
| 459|0x000000009cb00000, 0x000000009cb00000, 0x000000009cc00000|  0%| F|  |TAMS 0x000000009cb00000, 0x000000009cb00000| Untracked 
| 460|0x000000009cc00000, 0x000000009cc00000, 0x000000009cd00000|  0%| F|  |TAMS 0x000000009cc00000, 0x000000009cc00000| Untracked 
| 461|0x000000009cd00000, 0x000000009cd00000, 0x000000009ce00000|  0%| F|  |TAMS 0x000000009cd00000, 0x000000009cd00000| Untracked 
| 462|0x000000009ce00000, 0x000000009ce00000, 0x000000009cf00000|  0%| F|  |TAMS 0x000000009ce00000, 0x000000009ce00000| Untracked 
| 463|0x000000009cf00000, 0x000000009cf00000, 0x000000009d000000|  0%| F|  |TAMS 0x000000009cf00000, 0x000000009cf00000| Untracked 
| 464|0x000000009d000000, 0x000000009d000000, 0x000000009d100000|  0%| F|  |TAMS 0x000000009d000000, 0x000000009d000000| Untracked 
| 465|0x000000009d100000, 0x000000009d100000, 0x000000009d200000|  0%| F|  |TAMS 0x000000009d100000, 0x000000009d100000| Untracked 
| 466|0x000000009d200000, 0x000000009d200000, 0x000000009d300000|  0%| F|  |TAMS 0x000000009d200000, 0x000000009d200000| Untracked 
| 467|0x000000009d300000, 0x000000009d300000, 0x000000009d400000|  0%| F|  |TAMS 0x000000009d300000, 0x000000009d300000| Untracked 
| 468|0x000000009d400000, 0x000000009d400000, 0x000000009d500000|  0%| F|  |TAMS 0x000000009d400000, 0x000000009d400000| Untracked 
| 469|0x000000009d500000, 0x000000009d500000, 0x000000009d600000|  0%| F|  |TAMS 0x000000009d500000, 0x000000009d500000| Untracked 
| 470|0x000000009d600000, 0x000000009d600000, 0x000000009d700000|  0%| F|  |TAMS 0x000000009d600000, 0x000000009d600000| Untracked 
| 471|0x000000009d700000, 0x000000009d700000, 0x000000009d800000|  0%| F|  |TAMS 0x000000009d700000, 0x000000009d700000| Untracked 
| 472|0x000000009d800000, 0x000000009d800000, 0x000000009d900000|  0%| F|  |TAMS 0x000000009d800000, 0x000000009d800000| Untracked 
| 473|0x000000009d900000, 0x000000009d900000, 0x000000009da00000|  0%| F|  |TAMS 0x000000009d900000, 0x000000009d900000| Untracked 
| 474|0x000000009da00000, 0x000000009da00000, 0x000000009db00000|  0%| F|  |TAMS 0x000000009da00000, 0x000000009da00000| Untracked 
| 475|0x000000009db00000, 0x000000009db00000, 0x000000009dc00000|  0%| F|  |TAMS 0x000000009db00000, 0x000000009db00000| Untracked 
| 476|0x000000009dc00000, 0x000000009dc00000, 0x000000009dd00000|  0%| F|  |TAMS 0x000000009dc00000, 0x000000009dc00000| Untracked 
| 477|0x000000009dd00000, 0x000000009dd00000, 0x000000009de00000|  0%| F|  |TAMS 0x000000009dd00000, 0x000000009dd00000| Untracked 
| 478|0x000000009de00000, 0x000000009de00000, 0x000000009df00000|  0%| F|  |TAMS 0x000000009de00000, 0x000000009de00000| Untracked 
| 479|0x000000009df00000, 0x000000009df00000, 0x000000009e000000|  0%| F|  |TAMS 0x000000009df00000, 0x000000009df00000| Untracked 
| 480|0x000000009e000000, 0x000000009e000000, 0x000000009e100000|  0%| F|  |TAMS 0x000000009e000000, 0x000000009e000000| Untracked 
| 481|0x000000009e100000, 0x000000009e100000, 0x000000009e200000|  0%| F|  |TAMS 0x000000009e100000, 0x000000009e100000| Untracked 
| 482|0x000000009e200000, 0x000000009e200000, 0x000000009e300000|  0%| F|  |TAMS 0x000000009e200000, 0x000000009e200000| Untracked 
| 483|0x000000009e300000, 0x000000009e300000, 0x000000009e400000|  0%| F|  |TAMS 0x000000009e300000, 0x000000009e300000| Untracked 
| 484|0x000000009e400000, 0x000000009e400000, 0x000000009e500000|  0%| F|  |TAMS 0x000000009e400000, 0x000000009e400000| Untracked 
| 485|0x000000009e500000, 0x000000009e500000, 0x000000009e600000|  0%| F|  |TAMS 0x000000009e500000, 0x000000009e500000| Untracked 
| 486|0x000000009e600000, 0x000000009e600000, 0x000000009e700000|  0%| F|  |TAMS 0x000000009e600000, 0x000000009e600000| Untracked 
| 487|0x000000009e700000, 0x000000009e700000, 0x000000009e800000|  0%| F|  |TAMS 0x000000009e700000, 0x000000009e700000| Untracked 
| 488|0x000000009e800000, 0x000000009e800000, 0x000000009e900000|  0%| F|  |TAMS 0x000000009e800000, 0x000000009e800000| Untracked 
| 489|0x000000009e900000, 0x000000009e900000, 0x000000009ea00000|  0%| F|  |TAMS 0x000000009e900000, 0x000000009e900000| Untracked 
| 490|0x000000009ea00000, 0x000000009ea00000, 0x000000009eb00000|  0%| F|  |TAMS 0x000000009ea00000, 0x000000009ea00000| Untracked 
| 491|0x000000009eb00000, 0x000000009eb00000, 0x000000009ec00000|  0%| F|  |TAMS 0x000000009eb00000, 0x000000009eb00000| Untracked 
| 492|0x000000009ec00000, 0x000000009ed00000, 0x000000009ed00000|100%| S|CS|TAMS 0x000000009ec00000, 0x000000009ec00000| Complete 
| 493|0x000000009ed00000, 0x000000009ee00000, 0x000000009ee00000|100%| S|CS|TAMS 0x000000009ed00000, 0x000000009ed00000| Complete 
| 494|0x000000009ee00000, 0x000000009ef00000, 0x000000009ef00000|100%| S|CS|TAMS 0x000000009ee00000, 0x000000009ee00000| Complete 
| 495|0x000000009ef00000, 0x000000009f000000, 0x000000009f000000|100%| S|CS|TAMS 0x000000009ef00000, 0x000000009ef00000| Complete 
| 496|0x000000009f000000, 0x000000009f100000, 0x000000009f100000|100%| S|CS|TAMS 0x000000009f000000, 0x000000009f000000| Complete 
| 497|0x000000009f100000, 0x000000009f200000, 0x000000009f200000|100%| S|CS|TAMS 0x000000009f100000, 0x000000009f100000| Complete 
| 498|0x000000009f200000, 0x000000009f300000, 0x000000009f300000|100%| S|CS|TAMS 0x000000009f200000, 0x000000009f200000| Complete 
| 499|0x000000009f300000, 0x000000009f400000, 0x000000009f400000|100%| S|CS|TAMS 0x000000009f300000, 0x000000009f300000| Complete 
| 500|0x000000009f400000, 0x000000009f500000, 0x000000009f500000|100%| S|CS|TAMS 0x000000009f400000, 0x000000009f400000| Complete 
| 501|0x000000009f500000, 0x000000009f600000, 0x000000009f600000|100%| S|CS|TAMS 0x000000009f500000, 0x000000009f500000| Complete 
| 502|0x000000009f600000, 0x000000009f700000, 0x000000009f700000|100%| S|CS|TAMS 0x000000009f600000, 0x000000009f600000| Complete 
| 503|0x000000009f700000, 0x000000009f800000, 0x000000009f800000|100%| S|CS|TAMS 0x000000009f700000, 0x000000009f700000| Complete 
| 504|0x000000009f800000, 0x000000009f900000, 0x000000009f900000|100%| S|CS|TAMS 0x000000009f800000, 0x000000009f800000| Complete 
| 505|0x000000009f900000, 0x000000009fa00000, 0x000000009fa00000|100%| S|CS|TAMS 0x000000009f900000, 0x000000009f900000| Complete 
| 506|0x000000009fa00000, 0x000000009fb00000, 0x000000009fb00000|100%| S|CS|TAMS 0x000000009fa00000, 0x000000009fa00000| Complete 
| 507|0x000000009fb00000, 0x000000009fc00000, 0x000000009fc00000|100%| S|CS|TAMS 0x000000009fb00000, 0x000000009fb00000| Complete 
| 508|0x000000009fc00000, 0x000000009fc00000, 0x000000009fd00000|  0%| F|  |TAMS 0x000000009fc00000, 0x000000009fc00000| Untracked 
| 509|0x000000009fd00000, 0x000000009fd00000, 0x000000009fe00000|  0%| F|  |TAMS 0x000000009fd00000, 0x000000009fd00000| Untracked 
| 510|0x000000009fe00000, 0x000000009fe00000, 0x000000009ff00000|  0%| F|  |TAMS 0x000000009fe00000, 0x000000009fe00000| Untracked 
| 511|0x000000009ff00000, 0x000000009ff00000, 0x00000000a0000000|  0%| F|  |TAMS 0x000000009ff00000, 0x000000009ff00000| Untracked 
| 512|0x00000000a0000000, 0x00000000a0000000, 0x00000000a0100000|  0%| F|  |TAMS 0x00000000a0000000, 0x00000000a0000000| Untracked 
| 513|0x00000000a0100000, 0x00000000a0100000, 0x00000000a0200000|  0%| F|  |TAMS 0x00000000a0100000, 0x00000000a0100000| Untracked 
| 514|0x00000000a0200000, 0x00000000a0200000, 0x00000000a0300000|  0%| F|  |TAMS 0x00000000a0200000, 0x00000000a0200000| Untracked 
| 515|0x00000000a0300000, 0x00000000a0300000, 0x00000000a0400000|  0%| F|  |TAMS 0x00000000a0300000, 0x00000000a0300000| Untracked 
| 516|0x00000000a0400000, 0x00000000a0400000, 0x00000000a0500000|  0%| F|  |TAMS 0x00000000a0400000, 0x00000000a0400000| Untracked 
| 517|0x00000000a0500000, 0x00000000a0500000, 0x00000000a0600000|  0%| F|  |TAMS 0x00000000a0500000, 0x00000000a0500000| Untracked 
| 518|0x00000000a0600000, 0x00000000a0600000, 0x00000000a0700000|  0%| F|  |TAMS 0x00000000a0600000, 0x00000000a0600000| Untracked 
| 519|0x00000000a0700000, 0x00000000a0700000, 0x00000000a0800000|  0%| F|  |TAMS 0x00000000a0700000, 0x00000000a0700000| Untracked 
| 520|0x00000000a0800000, 0x00000000a0800000, 0x00000000a0900000|  0%| F|  |TAMS 0x00000000a0800000, 0x00000000a0800000| Untracked 
| 521|0x00000000a0900000, 0x00000000a0900000, 0x00000000a0a00000|  0%| F|  |TAMS 0x00000000a0900000, 0x00000000a0900000| Untracked 
| 522|0x00000000a0a00000, 0x00000000a0a00000, 0x00000000a0b00000|  0%| F|  |TAMS 0x00000000a0a00000, 0x00000000a0a00000| Untracked 
| 523|0x00000000a0b00000, 0x00000000a0b00000, 0x00000000a0c00000|  0%| F|  |TAMS 0x00000000a0b00000, 0x00000000a0b00000| Untracked 
| 524|0x00000000a0c00000, 0x00000000a0c00000, 0x00000000a0d00000|  0%| F|  |TAMS 0x00000000a0c00000, 0x00000000a0c00000| Untracked 
| 525|0x00000000a0d00000, 0x00000000a0d00000, 0x00000000a0e00000|  0%| F|  |TAMS 0x00000000a0d00000, 0x00000000a0d00000| Untracked 
| 526|0x00000000a0e00000, 0x00000000a0e00000, 0x00000000a0f00000|  0%| F|  |TAMS 0x00000000a0e00000, 0x00000000a0e00000| Untracked 
| 527|0x00000000a0f00000, 0x00000000a0f00000, 0x00000000a1000000|  0%| F|  |TAMS 0x00000000a0f00000, 0x00000000a0f00000| Untracked 
| 528|0x00000000a1000000, 0x00000000a1000000, 0x00000000a1100000|  0%| F|  |TAMS 0x00000000a1000000, 0x00000000a1000000| Untracked 
| 529|0x00000000a1100000, 0x00000000a1100000, 0x00000000a1200000|  0%| F|  |TAMS 0x00000000a1100000, 0x00000000a1100000| Untracked 
| 530|0x00000000a1200000, 0x00000000a1200000, 0x00000000a1300000|  0%| F|  |TAMS 0x00000000a1200000, 0x00000000a1200000| Untracked 
| 531|0x00000000a1300000, 0x00000000a1300000, 0x00000000a1400000|  0%| F|  |TAMS 0x00000000a1300000, 0x00000000a1300000| Untracked 
| 532|0x00000000a1400000, 0x00000000a1400000, 0x00000000a1500000|  0%| F|  |TAMS 0x00000000a1400000, 0x00000000a1400000| Untracked 
| 533|0x00000000a1500000, 0x00000000a1500000, 0x00000000a1600000|  0%| F|  |TAMS 0x00000000a1500000, 0x00000000a1500000| Untracked 
| 534|0x00000000a1600000, 0x00000000a1600000, 0x00000000a1700000|  0%| F|  |TAMS 0x00000000a1600000, 0x00000000a1600000| Untracked 
| 535|0x00000000a1700000, 0x00000000a1700000, 0x00000000a1800000|  0%| F|  |TAMS 0x00000000a1700000, 0x00000000a1700000| Untracked 
| 536|0x00000000a1800000, 0x00000000a1800000, 0x00000000a1900000|  0%| F|  |TAMS 0x00000000a1800000, 0x00000000a1800000| Untracked 
| 537|0x00000000a1900000, 0x00000000a1900000, 0x00000000a1a00000|  0%| F|  |TAMS 0x00000000a1900000, 0x00000000a1900000| Untracked 
| 538|0x00000000a1a00000, 0x00000000a1a00000, 0x00000000a1b00000|  0%| F|  |TAMS 0x00000000a1a00000, 0x00000000a1a00000| Untracked 
| 539|0x00000000a1b00000, 0x00000000a1b00000, 0x00000000a1c00000|  0%| F|  |TAMS 0x00000000a1b00000, 0x00000000a1b00000| Untracked 
| 540|0x00000000a1c00000, 0x00000000a1c00000, 0x00000000a1d00000|  0%| F|  |TAMS 0x00000000a1c00000, 0x00000000a1c00000| Untracked 
| 541|0x00000000a1d00000, 0x00000000a1d00000, 0x00000000a1e00000|  0%| F|  |TAMS 0x00000000a1d00000, 0x00000000a1d00000| Untracked 
| 542|0x00000000a1e00000, 0x00000000a1e00000, 0x00000000a1f00000|  0%| F|  |TAMS 0x00000000a1e00000, 0x00000000a1e00000| Untracked 
| 543|0x00000000a1f00000, 0x00000000a1f00000, 0x00000000a2000000|  0%| F|  |TAMS 0x00000000a1f00000, 0x00000000a1f00000| Untracked 
| 544|0x00000000a2000000, 0x00000000a2000000, 0x00000000a2100000|  0%| F|  |TAMS 0x00000000a2000000, 0x00000000a2000000| Untracked 
| 545|0x00000000a2100000, 0x00000000a2100000, 0x00000000a2200000|  0%| F|  |TAMS 0x00000000a2100000, 0x00000000a2100000| Untracked 
| 546|0x00000000a2200000, 0x00000000a2200000, 0x00000000a2300000|  0%| F|  |TAMS 0x00000000a2200000, 0x00000000a2200000| Untracked 
| 547|0x00000000a2300000, 0x00000000a2300000, 0x00000000a2400000|  0%| F|  |TAMS 0x00000000a2300000, 0x00000000a2300000| Untracked 
| 548|0x00000000a2400000, 0x00000000a2400000, 0x00000000a2500000|  0%| F|  |TAMS 0x00000000a2400000, 0x00000000a2400000| Untracked 
| 549|0x00000000a2500000, 0x00000000a2500000, 0x00000000a2600000|  0%| F|  |TAMS 0x00000000a2500000, 0x00000000a2500000| Untracked 
| 550|0x00000000a2600000, 0x00000000a2600000, 0x00000000a2700000|  0%| F|  |TAMS 0x00000000a2600000, 0x00000000a2600000| Untracked 
| 551|0x00000000a2700000, 0x00000000a2700000, 0x00000000a2800000|  0%| F|  |TAMS 0x00000000a2700000, 0x00000000a2700000| Untracked 
| 552|0x00000000a2800000, 0x00000000a2800000, 0x00000000a2900000|  0%| F|  |TAMS 0x00000000a2800000, 0x00000000a2800000| Untracked 
| 553|0x00000000a2900000, 0x00000000a2900000, 0x00000000a2a00000|  0%| F|  |TAMS 0x00000000a2900000, 0x00000000a2900000| Untracked 
| 554|0x00000000a2a00000, 0x00000000a2a00000, 0x00000000a2b00000|  0%| F|  |TAMS 0x00000000a2a00000, 0x00000000a2a00000| Untracked 
| 555|0x00000000a2b00000, 0x00000000a2b00000, 0x00000000a2c00000|  0%| F|  |TAMS 0x00000000a2b00000, 0x00000000a2b00000| Untracked 
| 556|0x00000000a2c00000, 0x00000000a2c00000, 0x00000000a2d00000|  0%| F|  |TAMS 0x00000000a2c00000, 0x00000000a2c00000| Untracked 
| 557|0x00000000a2d00000, 0x00000000a2d00000, 0x00000000a2e00000|  0%| F|  |TAMS 0x00000000a2d00000, 0x00000000a2d00000| Untracked 
| 558|0x00000000a2e00000, 0x00000000a2e00000, 0x00000000a2f00000|  0%| F|  |TAMS 0x00000000a2e00000, 0x00000000a2e00000| Untracked 
| 559|0x00000000a2f00000, 0x00000000a2f00000, 0x00000000a3000000|  0%| F|  |TAMS 0x00000000a2f00000, 0x00000000a2f00000| Untracked 
| 560|0x00000000a3000000, 0x00000000a3000000, 0x00000000a3100000|  0%| F|  |TAMS 0x00000000a3000000, 0x00000000a3000000| Untracked 
| 561|0x00000000a3100000, 0x00000000a3100000, 0x00000000a3200000|  0%| F|  |TAMS 0x00000000a3100000, 0x00000000a3100000| Untracked 
| 562|0x00000000a3200000, 0x00000000a3200000, 0x00000000a3300000|  0%| F|  |TAMS 0x00000000a3200000, 0x00000000a3200000| Untracked 
| 563|0x00000000a3300000, 0x00000000a3300000, 0x00000000a3400000|  0%| F|  |TAMS 0x00000000a3300000, 0x00000000a3300000| Untracked 
| 564|0x00000000a3400000, 0x00000000a3400000, 0x00000000a3500000|  0%| F|  |TAMS 0x00000000a3400000, 0x00000000a3400000| Untracked 
| 565|0x00000000a3500000, 0x00000000a3500000, 0x00000000a3600000|  0%| F|  |TAMS 0x00000000a3500000, 0x00000000a3500000| Untracked 
| 566|0x00000000a3600000, 0x00000000a3600000, 0x00000000a3700000|  0%| F|  |TAMS 0x00000000a3600000, 0x00000000a3600000| Untracked 
| 567|0x00000000a3700000, 0x00000000a3700000, 0x00000000a3800000|  0%| F|  |TAMS 0x00000000a3700000, 0x00000000a3700000| Untracked 
| 568|0x00000000a3800000, 0x00000000a3800000, 0x00000000a3900000|  0%| F|  |TAMS 0x00000000a3800000, 0x00000000a3800000| Untracked 
| 569|0x00000000a3900000, 0x00000000a3900000, 0x00000000a3a00000|  0%| F|  |TAMS 0x00000000a3900000, 0x00000000a3900000| Untracked 
| 570|0x00000000a3a00000, 0x00000000a3a00000, 0x00000000a3b00000|  0%| F|  |TAMS 0x00000000a3a00000, 0x00000000a3a00000| Untracked 
| 571|0x00000000a3b00000, 0x00000000a3b00000, 0x00000000a3c00000|  0%| F|  |TAMS 0x00000000a3b00000, 0x00000000a3b00000| Untracked 
| 572|0x00000000a3c00000, 0x00000000a3c00000, 0x00000000a3d00000|  0%| F|  |TAMS 0x00000000a3c00000, 0x00000000a3c00000| Untracked 
| 573|0x00000000a3d00000, 0x00000000a3d00000, 0x00000000a3e00000|  0%| F|  |TAMS 0x00000000a3d00000, 0x00000000a3d00000| Untracked 
| 574|0x00000000a3e00000, 0x00000000a3e00000, 0x00000000a3f00000|  0%| F|  |TAMS 0x00000000a3e00000, 0x00000000a3e00000| Untracked 
| 575|0x00000000a3f00000, 0x00000000a3f00000, 0x00000000a4000000|  0%| F|  |TAMS 0x00000000a3f00000, 0x00000000a3f00000| Untracked 
| 576|0x00000000a4000000, 0x00000000a4000000, 0x00000000a4100000|  0%| F|  |TAMS 0x00000000a4000000, 0x00000000a4000000| Untracked 
| 577|0x00000000a4100000, 0x00000000a4100000, 0x00000000a4200000|  0%| F|  |TAMS 0x00000000a4100000, 0x00000000a4100000| Untracked 
| 578|0x00000000a4200000, 0x00000000a4200000, 0x00000000a4300000|  0%| F|  |TAMS 0x00000000a4200000, 0x00000000a4200000| Untracked 
| 579|0x00000000a4300000, 0x00000000a4300000, 0x00000000a4400000|  0%| F|  |TAMS 0x00000000a4300000, 0x00000000a4300000| Untracked 
| 580|0x00000000a4400000, 0x00000000a4400000, 0x00000000a4500000|  0%| F|  |TAMS 0x00000000a4400000, 0x00000000a4400000| Untracked 
| 581|0x00000000a4500000, 0x00000000a4500000, 0x00000000a4600000|  0%| F|  |TAMS 0x00000000a4500000, 0x00000000a4500000| Untracked 
| 582|0x00000000a4600000, 0x00000000a4600000, 0x00000000a4700000|  0%| F|  |TAMS 0x00000000a4600000, 0x00000000a4600000| Untracked 
| 583|0x00000000a4700000, 0x00000000a4700000, 0x00000000a4800000|  0%| F|  |TAMS 0x00000000a4700000, 0x00000000a4700000| Untracked 
| 584|0x00000000a4800000, 0x00000000a4800000, 0x00000000a4900000|  0%| F|  |TAMS 0x00000000a4800000, 0x00000000a4800000| Untracked 
| 585|0x00000000a4900000, 0x00000000a4900000, 0x00000000a4a00000|  0%| F|  |TAMS 0x00000000a4900000, 0x00000000a4900000| Untracked 
| 586|0x00000000a4a00000, 0x00000000a4a00000, 0x00000000a4b00000|  0%| F|  |TAMS 0x00000000a4a00000, 0x00000000a4a00000| Untracked 
| 587|0x00000000a4b00000, 0x00000000a4b00000, 0x00000000a4c00000|  0%| F|  |TAMS 0x00000000a4b00000, 0x00000000a4b00000| Untracked 
| 588|0x00000000a4c00000, 0x00000000a4c00000, 0x00000000a4d00000|  0%| F|  |TAMS 0x00000000a4c00000, 0x00000000a4c00000| Untracked 
| 589|0x00000000a4d00000, 0x00000000a4d00000, 0x00000000a4e00000|  0%| F|  |TAMS 0x00000000a4d00000, 0x00000000a4d00000| Untracked 
| 590|0x00000000a4e00000, 0x00000000a4e00000, 0x00000000a4f00000|  0%| F|  |TAMS 0x00000000a4e00000, 0x00000000a4e00000| Untracked 
| 591|0x00000000a4f00000, 0x00000000a4f00000, 0x00000000a5000000|  0%| F|  |TAMS 0x00000000a4f00000, 0x00000000a4f00000| Untracked 
| 592|0x00000000a5000000, 0x00000000a5000000, 0x00000000a5100000|  0%| F|  |TAMS 0x00000000a5000000, 0x00000000a5000000| Untracked 
| 593|0x00000000a5100000, 0x00000000a5100000, 0x00000000a5200000|  0%| F|  |TAMS 0x00000000a5100000, 0x00000000a5100000| Untracked 
| 594|0x00000000a5200000, 0x00000000a5200000, 0x00000000a5300000|  0%| F|  |TAMS 0x00000000a5200000, 0x00000000a5200000| Untracked 
| 595|0x00000000a5300000, 0x00000000a5300000, 0x00000000a5400000|  0%| F|  |TAMS 0x00000000a5300000, 0x00000000a5300000| Untracked 
| 596|0x00000000a5400000, 0x00000000a5400000, 0x00000000a5500000|  0%| F|  |TAMS 0x00000000a5400000, 0x00000000a5400000| Untracked 
| 597|0x00000000a5500000, 0x00000000a5500000, 0x00000000a5600000|  0%| F|  |TAMS 0x00000000a5500000, 0x00000000a5500000| Untracked 
| 598|0x00000000a5600000, 0x00000000a5600000, 0x00000000a5700000|  0%| F|  |TAMS 0x00000000a5600000, 0x00000000a5600000| Untracked 
| 599|0x00000000a5700000, 0x00000000a5700000, 0x00000000a5800000|  0%| F|  |TAMS 0x00000000a5700000, 0x00000000a5700000| Untracked 
| 600|0x00000000a5800000, 0x00000000a5800000, 0x00000000a5900000|  0%| F|  |TAMS 0x00000000a5800000, 0x00000000a5800000| Untracked 
| 601|0x00000000a5900000, 0x00000000a5900000, 0x00000000a5a00000|  0%| F|  |TAMS 0x00000000a5900000, 0x00000000a5900000| Untracked 
| 602|0x00000000a5a00000, 0x00000000a5a00000, 0x00000000a5b00000|  0%| F|  |TAMS 0x00000000a5a00000, 0x00000000a5a00000| Untracked 
| 603|0x00000000a5b00000, 0x00000000a5b00000, 0x00000000a5c00000|  0%| F|  |TAMS 0x00000000a5b00000, 0x00000000a5b00000| Untracked 
| 604|0x00000000a5c00000, 0x00000000a5c00000, 0x00000000a5d00000|  0%| F|  |TAMS 0x00000000a5c00000, 0x00000000a5c00000| Untracked 
| 605|0x00000000a5d00000, 0x00000000a5d00000, 0x00000000a5e00000|  0%| F|  |TAMS 0x00000000a5d00000, 0x00000000a5d00000| Untracked 
| 606|0x00000000a5e00000, 0x00000000a5e00000, 0x00000000a5f00000|  0%| F|  |TAMS 0x00000000a5e00000, 0x00000000a5e00000| Untracked 
| 607|0x00000000a5f00000, 0x00000000a5f00000, 0x00000000a6000000|  0%| F|  |TAMS 0x00000000a5f00000, 0x00000000a5f00000| Untracked 
| 608|0x00000000a6000000, 0x00000000a6000000, 0x00000000a6100000|  0%| F|  |TAMS 0x00000000a6000000, 0x00000000a6000000| Untracked 
| 609|0x00000000a6100000, 0x00000000a6100000, 0x00000000a6200000|  0%| F|  |TAMS 0x00000000a6100000, 0x00000000a6100000| Untracked 
| 610|0x00000000a6200000, 0x00000000a6200000, 0x00000000a6300000|  0%| F|  |TAMS 0x00000000a6200000, 0x00000000a6200000| Untracked 
| 611|0x00000000a6300000, 0x00000000a6300000, 0x00000000a6400000|  0%| F|  |TAMS 0x00000000a6300000, 0x00000000a6300000| Untracked 
| 612|0x00000000a6400000, 0x00000000a6400000, 0x00000000a6500000|  0%| F|  |TAMS 0x00000000a6400000, 0x00000000a6400000| Untracked 
| 613|0x00000000a6500000, 0x00000000a6500000, 0x00000000a6600000|  0%| F|  |TAMS 0x00000000a6500000, 0x00000000a6500000| Untracked 
| 614|0x00000000a6600000, 0x00000000a6600000, 0x00000000a6700000|  0%| F|  |TAMS 0x00000000a6600000, 0x00000000a6600000| Untracked 
| 615|0x00000000a6700000, 0x00000000a6700000, 0x00000000a6800000|  0%| F|  |TAMS 0x00000000a6700000, 0x00000000a6700000| Untracked 
| 616|0x00000000a6800000, 0x00000000a6800000, 0x00000000a6900000|  0%| F|  |TAMS 0x00000000a6800000, 0x00000000a6800000| Untracked 
| 617|0x00000000a6900000, 0x00000000a6900000, 0x00000000a6a00000|  0%| F|  |TAMS 0x00000000a6900000, 0x00000000a6900000| Untracked 
| 618|0x00000000a6a00000, 0x00000000a6a00000, 0x00000000a6b00000|  0%| F|  |TAMS 0x00000000a6a00000, 0x00000000a6a00000| Untracked 
| 619|0x00000000a6b00000, 0x00000000a6b00000, 0x00000000a6c00000|  0%| F|  |TAMS 0x00000000a6b00000, 0x00000000a6b00000| Untracked 
| 620|0x00000000a6c00000, 0x00000000a6c00000, 0x00000000a6d00000|  0%| F|  |TAMS 0x00000000a6c00000, 0x00000000a6c00000| Untracked 
| 621|0x00000000a6d00000, 0x00000000a6d00000, 0x00000000a6e00000|  0%| F|  |TAMS 0x00000000a6d00000, 0x00000000a6d00000| Untracked 
| 622|0x00000000a6e00000, 0x00000000a6e00000, 0x00000000a6f00000|  0%| F|  |TAMS 0x00000000a6e00000, 0x00000000a6e00000| Untracked 
| 623|0x00000000a6f00000, 0x00000000a6f00000, 0x00000000a7000000|  0%| F|  |TAMS 0x00000000a6f00000, 0x00000000a6f00000| Untracked 
| 624|0x00000000a7000000, 0x00000000a7000000, 0x00000000a7100000|  0%| F|  |TAMS 0x00000000a7000000, 0x00000000a7000000| Untracked 
| 625|0x00000000a7100000, 0x00000000a7100000, 0x00000000a7200000|  0%| F|  |TAMS 0x00000000a7100000, 0x00000000a7100000| Untracked 
| 626|0x00000000a7200000, 0x00000000a7200000, 0x00000000a7300000|  0%| F|  |TAMS 0x00000000a7200000, 0x00000000a7200000| Untracked 
| 627|0x00000000a7300000, 0x00000000a7300000, 0x00000000a7400000|  0%| F|  |TAMS 0x00000000a7300000, 0x00000000a7300000| Untracked 
| 628|0x00000000a7400000, 0x00000000a7400000, 0x00000000a7500000|  0%| F|  |TAMS 0x00000000a7400000, 0x00000000a7400000| Untracked 
| 629|0x00000000a7500000, 0x00000000a7500000, 0x00000000a7600000|  0%| F|  |TAMS 0x00000000a7500000, 0x00000000a7500000| Untracked 
| 630|0x00000000a7600000, 0x00000000a7600000, 0x00000000a7700000|  0%| F|  |TAMS 0x00000000a7600000, 0x00000000a7600000| Untracked 
| 631|0x00000000a7700000, 0x00000000a7700000, 0x00000000a7800000|  0%| F|  |TAMS 0x00000000a7700000, 0x00000000a7700000| Untracked 
| 632|0x00000000a7800000, 0x00000000a7800000, 0x00000000a7900000|  0%| F|  |TAMS 0x00000000a7800000, 0x00000000a7800000| Untracked 
| 633|0x00000000a7900000, 0x00000000a7900000, 0x00000000a7a00000|  0%| F|  |TAMS 0x00000000a7900000, 0x00000000a7900000| Untracked 
| 634|0x00000000a7a00000, 0x00000000a7a00000, 0x00000000a7b00000|  0%| F|  |TAMS 0x00000000a7a00000, 0x00000000a7a00000| Untracked 
| 635|0x00000000a7b00000, 0x00000000a7b00000, 0x00000000a7c00000|  0%| F|  |TAMS 0x00000000a7b00000, 0x00000000a7b00000| Untracked 
| 636|0x00000000a7c00000, 0x00000000a7c00000, 0x00000000a7d00000|  0%| F|  |TAMS 0x00000000a7c00000, 0x00000000a7c00000| Untracked 
| 637|0x00000000a7d00000, 0x00000000a7d00000, 0x00000000a7e00000|  0%| F|  |TAMS 0x00000000a7d00000, 0x00000000a7d00000| Untracked 
| 638|0x00000000a7e00000, 0x00000000a7e00000, 0x00000000a7f00000|  0%| F|  |TAMS 0x00000000a7e00000, 0x00000000a7e00000| Untracked 
| 639|0x00000000a7f00000, 0x00000000a7f00000, 0x00000000a8000000|  0%| F|  |TAMS 0x00000000a7f00000, 0x00000000a7f00000| Untracked 
| 640|0x00000000a8000000, 0x00000000a8000000, 0x00000000a8100000|  0%| F|  |TAMS 0x00000000a8000000, 0x00000000a8000000| Untracked 
| 641|0x00000000a8100000, 0x00000000a8100000, 0x00000000a8200000|  0%| F|  |TAMS 0x00000000a8100000, 0x00000000a8100000| Untracked 
| 642|0x00000000a8200000, 0x00000000a8200000, 0x00000000a8300000|  0%| F|  |TAMS 0x00000000a8200000, 0x00000000a8200000| Untracked 
| 643|0x00000000a8300000, 0x00000000a8300000, 0x00000000a8400000|  0%| F|  |TAMS 0x00000000a8300000, 0x00000000a8300000| Untracked 
| 644|0x00000000a8400000, 0x00000000a8400000, 0x00000000a8500000|  0%| F|  |TAMS 0x00000000a8400000, 0x00000000a8400000| Untracked 
| 645|0x00000000a8500000, 0x00000000a8500000, 0x00000000a8600000|  0%| F|  |TAMS 0x00000000a8500000, 0x00000000a8500000| Untracked 
| 646|0x00000000a8600000, 0x00000000a8600000, 0x00000000a8700000|  0%| F|  |TAMS 0x00000000a8600000, 0x00000000a8600000| Untracked 
| 647|0x00000000a8700000, 0x00000000a8700000, 0x00000000a8800000|  0%| F|  |TAMS 0x00000000a8700000, 0x00000000a8700000| Untracked 
| 648|0x00000000a8800000, 0x00000000a8800000, 0x00000000a8900000|  0%| F|  |TAMS 0x00000000a8800000, 0x00000000a8800000| Untracked 
| 649|0x00000000a8900000, 0x00000000a8900000, 0x00000000a8a00000|  0%| F|  |TAMS 0x00000000a8900000, 0x00000000a8900000| Untracked 
| 650|0x00000000a8a00000, 0x00000000a8a00000, 0x00000000a8b00000|  0%| F|  |TAMS 0x00000000a8a00000, 0x00000000a8a00000| Untracked 
| 651|0x00000000a8b00000, 0x00000000a8b00000, 0x00000000a8c00000|  0%| F|  |TAMS 0x00000000a8b00000, 0x00000000a8b00000| Untracked 
| 652|0x00000000a8c00000, 0x00000000a8c00000, 0x00000000a8d00000|  0%| F|  |TAMS 0x00000000a8c00000, 0x00000000a8c00000| Untracked 
| 653|0x00000000a8d00000, 0x00000000a8d00000, 0x00000000a8e00000|  0%| F|  |TAMS 0x00000000a8d00000, 0x00000000a8d00000| Untracked 
| 654|0x00000000a8e00000, 0x00000000a8e00000, 0x00000000a8f00000|  0%| F|  |TAMS 0x00000000a8e00000, 0x00000000a8e00000| Untracked 
| 655|0x00000000a8f00000, 0x00000000a8f00000, 0x00000000a9000000|  0%| F|  |TAMS 0x00000000a8f00000, 0x00000000a8f00000| Untracked 
| 656|0x00000000a9000000, 0x00000000a9000000, 0x00000000a9100000|  0%| F|  |TAMS 0x00000000a9000000, 0x00000000a9000000| Untracked 
| 657|0x00000000a9100000, 0x00000000a9100000, 0x00000000a9200000|  0%| F|  |TAMS 0x00000000a9100000, 0x00000000a9100000| Untracked 
| 658|0x00000000a9200000, 0x00000000a9200000, 0x00000000a9300000|  0%| F|  |TAMS 0x00000000a9200000, 0x00000000a9200000| Untracked 
| 659|0x00000000a9300000, 0x00000000a9300000, 0x00000000a9400000|  0%| F|  |TAMS 0x00000000a9300000, 0x00000000a9300000| Untracked 
| 660|0x00000000a9400000, 0x00000000a9400000, 0x00000000a9500000|  0%| F|  |TAMS 0x00000000a9400000, 0x00000000a9400000| Untracked 
| 661|0x00000000a9500000, 0x00000000a9500000, 0x00000000a9600000|  0%| F|  |TAMS 0x00000000a9500000, 0x00000000a9500000| Untracked 
| 662|0x00000000a9600000, 0x00000000a9600000, 0x00000000a9700000|  0%| F|  |TAMS 0x00000000a9600000, 0x00000000a9600000| Untracked 
| 663|0x00000000a9700000, 0x00000000a9700000, 0x00000000a9800000|  0%| F|  |TAMS 0x00000000a9700000, 0x00000000a9700000| Untracked 
| 664|0x00000000a9800000, 0x00000000a9800000, 0x00000000a9900000|  0%| F|  |TAMS 0x00000000a9800000, 0x00000000a9800000| Untracked 
| 665|0x00000000a9900000, 0x00000000a9900000, 0x00000000a9a00000|  0%| F|  |TAMS 0x00000000a9900000, 0x00000000a9900000| Untracked 
| 666|0x00000000a9a00000, 0x00000000a9a00000, 0x00000000a9b00000|  0%| F|  |TAMS 0x00000000a9a00000, 0x00000000a9a00000| Untracked 
| 667|0x00000000a9b00000, 0x00000000a9b00000, 0x00000000a9c00000|  0%| F|  |TAMS 0x00000000a9b00000, 0x00000000a9b00000| Untracked 
| 668|0x00000000a9c00000, 0x00000000a9c00000, 0x00000000a9d00000|  0%| F|  |TAMS 0x00000000a9c00000, 0x00000000a9c00000| Untracked 
| 669|0x00000000a9d00000, 0x00000000a9d00000, 0x00000000a9e00000|  0%| F|  |TAMS 0x00000000a9d00000, 0x00000000a9d00000| Untracked 
| 670|0x00000000a9e00000, 0x00000000a9e00000, 0x00000000a9f00000|  0%| F|  |TAMS 0x00000000a9e00000, 0x00000000a9e00000| Untracked 
| 671|0x00000000a9f00000, 0x00000000a9f00000, 0x00000000aa000000|  0%| F|  |TAMS 0x00000000a9f00000, 0x00000000a9f00000| Untracked 
| 672|0x00000000aa000000, 0x00000000aa000000, 0x00000000aa100000|  0%| F|  |TAMS 0x00000000aa000000, 0x00000000aa000000| Untracked 
| 673|0x00000000aa100000, 0x00000000aa100000, 0x00000000aa200000|  0%| F|  |TAMS 0x00000000aa100000, 0x00000000aa100000| Untracked 
| 674|0x00000000aa200000, 0x00000000aa200000, 0x00000000aa300000|  0%| F|  |TAMS 0x00000000aa200000, 0x00000000aa200000| Untracked 
| 675|0x00000000aa300000, 0x00000000aa300000, 0x00000000aa400000|  0%| F|  |TAMS 0x00000000aa300000, 0x00000000aa300000| Untracked 
| 676|0x00000000aa400000, 0x00000000aa400000, 0x00000000aa500000|  0%| F|  |TAMS 0x00000000aa400000, 0x00000000aa400000| Untracked 
| 677|0x00000000aa500000, 0x00000000aa500000, 0x00000000aa600000|  0%| F|  |TAMS 0x00000000aa500000, 0x00000000aa500000| Untracked 
| 678|0x00000000aa600000, 0x00000000aa600000, 0x00000000aa700000|  0%| F|  |TAMS 0x00000000aa600000, 0x00000000aa600000| Untracked 
| 679|0x00000000aa700000, 0x00000000aa700000, 0x00000000aa800000|  0%| F|  |TAMS 0x00000000aa700000, 0x00000000aa700000| Untracked 
| 680|0x00000000aa800000, 0x00000000aa800000, 0x00000000aa900000|  0%| F|  |TAMS 0x00000000aa800000, 0x00000000aa800000| Untracked 
| 681|0x00000000aa900000, 0x00000000aa900000, 0x00000000aaa00000|  0%| F|  |TAMS 0x00000000aa900000, 0x00000000aa900000| Untracked 
| 682|0x00000000aaa00000, 0x00000000aaa00000, 0x00000000aab00000|  0%| F|  |TAMS 0x00000000aaa00000, 0x00000000aaa00000| Untracked 
| 683|0x00000000aab00000, 0x00000000aab00000, 0x00000000aac00000|  0%| F|  |TAMS 0x00000000aab00000, 0x00000000aab00000| Untracked 
| 684|0x00000000aac00000, 0x00000000aac00000, 0x00000000aad00000|  0%| F|  |TAMS 0x00000000aac00000, 0x00000000aac00000| Untracked 
| 685|0x00000000aad00000, 0x00000000aad00000, 0x00000000aae00000|  0%| F|  |TAMS 0x00000000aad00000, 0x00000000aad00000| Untracked 
| 686|0x00000000aae00000, 0x00000000aae00000, 0x00000000aaf00000|  0%| F|  |TAMS 0x00000000aae00000, 0x00000000aae00000| Untracked 
| 687|0x00000000aaf00000, 0x00000000aaf00000, 0x00000000ab000000|  0%| F|  |TAMS 0x00000000aaf00000, 0x00000000aaf00000| Untracked 
| 688|0x00000000ab000000, 0x00000000ab000000, 0x00000000ab100000|  0%| F|  |TAMS 0x00000000ab000000, 0x00000000ab000000| Untracked 
| 689|0x00000000ab100000, 0x00000000ab100000, 0x00000000ab200000|  0%| F|  |TAMS 0x00000000ab100000, 0x00000000ab100000| Untracked 
| 690|0x00000000ab200000, 0x00000000ab200000, 0x00000000ab300000|  0%| F|  |TAMS 0x00000000ab200000, 0x00000000ab200000| Untracked 
| 691|0x00000000ab300000, 0x00000000ab300000, 0x00000000ab400000|  0%| F|  |TAMS 0x00000000ab300000, 0x00000000ab300000| Untracked 
| 692|0x00000000ab400000, 0x00000000ab400000, 0x00000000ab500000|  0%| F|  |TAMS 0x00000000ab400000, 0x00000000ab400000| Untracked 
| 693|0x00000000ab500000, 0x00000000ab500000, 0x00000000ab600000|  0%| F|  |TAMS 0x00000000ab500000, 0x00000000ab500000| Untracked 
| 694|0x00000000ab600000, 0x00000000ab600000, 0x00000000ab700000|  0%| F|  |TAMS 0x00000000ab600000, 0x00000000ab600000| Untracked 
| 695|0x00000000ab700000, 0x00000000ab700000, 0x00000000ab800000|  0%| F|  |TAMS 0x00000000ab700000, 0x00000000ab700000| Untracked 
| 696|0x00000000ab800000, 0x00000000ab800000, 0x00000000ab900000|  0%| F|  |TAMS 0x00000000ab800000, 0x00000000ab800000| Untracked 
| 697|0x00000000ab900000, 0x00000000ab900000, 0x00000000aba00000|  0%| F|  |TAMS 0x00000000ab900000, 0x00000000ab900000| Untracked 
| 698|0x00000000aba00000, 0x00000000aba00000, 0x00000000abb00000|  0%| F|  |TAMS 0x00000000aba00000, 0x00000000aba00000| Untracked 
| 699|0x00000000abb00000, 0x00000000abb00000, 0x00000000abc00000|  0%| F|  |TAMS 0x00000000abb00000, 0x00000000abb00000| Untracked 
| 700|0x00000000abc00000, 0x00000000abc00000, 0x00000000abd00000|  0%| F|  |TAMS 0x00000000abc00000, 0x00000000abc00000| Untracked 
| 701|0x00000000abd00000, 0x00000000abd00000, 0x00000000abe00000|  0%| F|  |TAMS 0x00000000abd00000, 0x00000000abd00000| Untracked 
| 702|0x00000000abe00000, 0x00000000abe00000, 0x00000000abf00000|  0%| F|  |TAMS 0x00000000abe00000, 0x00000000abe00000| Untracked 
| 703|0x00000000abf00000, 0x00000000abf00000, 0x00000000ac000000|  0%| F|  |TAMS 0x00000000abf00000, 0x00000000abf00000| Untracked 
| 704|0x00000000ac000000, 0x00000000ac000000, 0x00000000ac100000|  0%| F|  |TAMS 0x00000000ac000000, 0x00000000ac000000| Untracked 
| 705|0x00000000ac100000, 0x00000000ac100000, 0x00000000ac200000|  0%| F|  |TAMS 0x00000000ac100000, 0x00000000ac100000| Untracked 
| 706|0x00000000ac200000, 0x00000000ac200000, 0x00000000ac300000|  0%| F|  |TAMS 0x00000000ac200000, 0x00000000ac200000| Untracked 
| 707|0x00000000ac300000, 0x00000000ac300000, 0x00000000ac400000|  0%| F|  |TAMS 0x00000000ac300000, 0x00000000ac300000| Untracked 
| 708|0x00000000ac400000, 0x00000000ac400000, 0x00000000ac500000|  0%| F|  |TAMS 0x00000000ac400000, 0x00000000ac400000| Untracked 
| 709|0x00000000ac500000, 0x00000000ac500000, 0x00000000ac600000|  0%| F|  |TAMS 0x00000000ac500000, 0x00000000ac500000| Untracked 
| 710|0x00000000ac600000, 0x00000000ac600000, 0x00000000ac700000|  0%| F|  |TAMS 0x00000000ac600000, 0x00000000ac600000| Untracked 
| 711|0x00000000ac700000, 0x00000000ac700000, 0x00000000ac800000|  0%| F|  |TAMS 0x00000000ac700000, 0x00000000ac700000| Untracked 
| 712|0x00000000ac800000, 0x00000000ac800000, 0x00000000ac900000|  0%| F|  |TAMS 0x00000000ac800000, 0x00000000ac800000| Untracked 
| 713|0x00000000ac900000, 0x00000000ac900000, 0x00000000aca00000|  0%| F|  |TAMS 0x00000000ac900000, 0x00000000ac900000| Untracked 
| 714|0x00000000aca00000, 0x00000000aca00000, 0x00000000acb00000|  0%| F|  |TAMS 0x00000000aca00000, 0x00000000aca00000| Untracked 
| 715|0x00000000acb00000, 0x00000000acb00000, 0x00000000acc00000|  0%| F|  |TAMS 0x00000000acb00000, 0x00000000acb00000| Untracked 
| 716|0x00000000acc00000, 0x00000000acc00000, 0x00000000acd00000|  0%| F|  |TAMS 0x00000000acc00000, 0x00000000acc00000| Untracked 
| 717|0x00000000acd00000, 0x00000000acd00000, 0x00000000ace00000|  0%| F|  |TAMS 0x00000000acd00000, 0x00000000acd00000| Untracked 
| 718|0x00000000ace00000, 0x00000000ace00000, 0x00000000acf00000|  0%| F|  |TAMS 0x00000000ace00000, 0x00000000ace00000| Untracked 
| 719|0x00000000acf00000, 0x00000000acf00000, 0x00000000ad000000|  0%| F|  |TAMS 0x00000000acf00000, 0x00000000acf00000| Untracked 
| 720|0x00000000ad000000, 0x00000000ad000000, 0x00000000ad100000|  0%| F|  |TAMS 0x00000000ad000000, 0x00000000ad000000| Untracked 
| 721|0x00000000ad100000, 0x00000000ad100000, 0x00000000ad200000|  0%| F|  |TAMS 0x00000000ad100000, 0x00000000ad100000| Untracked 
| 722|0x00000000ad200000, 0x00000000ad200000, 0x00000000ad300000|  0%| F|  |TAMS 0x00000000ad200000, 0x00000000ad200000| Untracked 
| 723|0x00000000ad300000, 0x00000000ad300000, 0x00000000ad400000|  0%| F|  |TAMS 0x00000000ad300000, 0x00000000ad300000| Untracked 
| 724|0x00000000ad400000, 0x00000000ad400000, 0x00000000ad500000|  0%| F|  |TAMS 0x00000000ad400000, 0x00000000ad400000| Untracked 
| 725|0x00000000ad500000, 0x00000000ad500000, 0x00000000ad600000|  0%| F|  |TAMS 0x00000000ad500000, 0x00000000ad500000| Untracked 
| 726|0x00000000ad600000, 0x00000000ad600000, 0x00000000ad700000|  0%| F|  |TAMS 0x00000000ad600000, 0x00000000ad600000| Untracked 
| 727|0x00000000ad700000, 0x00000000ad700000, 0x00000000ad800000|  0%| F|  |TAMS 0x00000000ad700000, 0x00000000ad700000| Untracked 
| 728|0x00000000ad800000, 0x00000000ad800000, 0x00000000ad900000|  0%| F|  |TAMS 0x00000000ad800000, 0x00000000ad800000| Untracked 
| 729|0x00000000ad900000, 0x00000000ad900000, 0x00000000ada00000|  0%| F|  |TAMS 0x00000000ad900000, 0x00000000ad900000| Untracked 
| 730|0x00000000ada00000, 0x00000000ada00000, 0x00000000adb00000|  0%| F|  |TAMS 0x00000000ada00000, 0x00000000ada00000| Untracked 
| 731|0x00000000adb00000, 0x00000000adb00000, 0x00000000adc00000|  0%| F|  |TAMS 0x00000000adb00000, 0x00000000adb00000| Untracked 
| 732|0x00000000adc00000, 0x00000000adc00000, 0x00000000add00000|  0%| F|  |TAMS 0x00000000adc00000, 0x00000000adc00000| Untracked 
| 733|0x00000000add00000, 0x00000000add00000, 0x00000000ade00000|  0%| F|  |TAMS 0x00000000add00000, 0x00000000add00000| Untracked 
| 734|0x00000000ade00000, 0x00000000ade00000, 0x00000000adf00000|  0%| F|  |TAMS 0x00000000ade00000, 0x00000000ade00000| Untracked 
| 735|0x00000000adf00000, 0x00000000adf00000, 0x00000000ae000000|  0%| F|  |TAMS 0x00000000adf00000, 0x00000000adf00000| Untracked 
| 736|0x00000000ae000000, 0x00000000ae000000, 0x00000000ae100000|  0%| F|  |TAMS 0x00000000ae000000, 0x00000000ae000000| Untracked 
| 737|0x00000000ae100000, 0x00000000ae100000, 0x00000000ae200000|  0%| F|  |TAMS 0x00000000ae100000, 0x00000000ae100000| Untracked 
| 738|0x00000000ae200000, 0x00000000ae200000, 0x00000000ae300000|  0%| F|  |TAMS 0x00000000ae200000, 0x00000000ae200000| Untracked 
| 739|0x00000000ae300000, 0x00000000ae300000, 0x00000000ae400000|  0%| F|  |TAMS 0x00000000ae300000, 0x00000000ae300000| Untracked 
| 740|0x00000000ae400000, 0x00000000ae400000, 0x00000000ae500000|  0%| F|  |TAMS 0x00000000ae400000, 0x00000000ae400000| Untracked 
| 741|0x00000000ae500000, 0x00000000ae500000, 0x00000000ae600000|  0%| F|  |TAMS 0x00000000ae500000, 0x00000000ae500000| Untracked 
| 742|0x00000000ae600000, 0x00000000ae600000, 0x00000000ae700000|  0%| F|  |TAMS 0x00000000ae600000, 0x00000000ae600000| Untracked 
| 743|0x00000000ae700000, 0x00000000ae700000, 0x00000000ae800000|  0%| F|  |TAMS 0x00000000ae700000, 0x00000000ae700000| Untracked 
| 744|0x00000000ae800000, 0x00000000ae800000, 0x00000000ae900000|  0%| F|  |TAMS 0x00000000ae800000, 0x00000000ae800000| Untracked 
| 745|0x00000000ae900000, 0x00000000ae900000, 0x00000000aea00000|  0%| F|  |TAMS 0x00000000ae900000, 0x00000000ae900000| Untracked 
| 746|0x00000000aea00000, 0x00000000aea00000, 0x00000000aeb00000|  0%| F|  |TAMS 0x00000000aea00000, 0x00000000aea00000| Untracked 
| 747|0x00000000aeb00000, 0x00000000aeb00000, 0x00000000aec00000|  0%| F|  |TAMS 0x00000000aeb00000, 0x00000000aeb00000| Untracked 
| 748|0x00000000aec00000, 0x00000000aec00000, 0x00000000aed00000|  0%| F|  |TAMS 0x00000000aec00000, 0x00000000aec00000| Untracked 
| 749|0x00000000aed00000, 0x00000000aed00000, 0x00000000aee00000|  0%| F|  |TAMS 0x00000000aed00000, 0x00000000aed00000| Untracked 
| 750|0x00000000aee00000, 0x00000000aee00000, 0x00000000aef00000|  0%| F|  |TAMS 0x00000000aee00000, 0x00000000aee00000| Untracked 
| 751|0x00000000aef00000, 0x00000000aef00000, 0x00000000af000000|  0%| F|  |TAMS 0x00000000aef00000, 0x00000000aef00000| Untracked 
| 752|0x00000000af000000, 0x00000000af000000, 0x00000000af100000|  0%| F|  |TAMS 0x00000000af000000, 0x00000000af000000| Untracked 
| 753|0x00000000af100000, 0x00000000af100000, 0x00000000af200000|  0%| F|  |TAMS 0x00000000af100000, 0x00000000af100000| Untracked 
| 754|0x00000000af200000, 0x00000000af200000, 0x00000000af300000|  0%| F|  |TAMS 0x00000000af200000, 0x00000000af200000| Untracked 
| 755|0x00000000af300000, 0x00000000af300000, 0x00000000af400000|  0%| F|  |TAMS 0x00000000af300000, 0x00000000af300000| Untracked 
| 756|0x00000000af400000, 0x00000000af400000, 0x00000000af500000|  0%| F|  |TAMS 0x00000000af400000, 0x00000000af400000| Untracked 
| 757|0x00000000af500000, 0x00000000af500000, 0x00000000af600000|  0%| F|  |TAMS 0x00000000af500000, 0x00000000af500000| Untracked 
| 758|0x00000000af600000, 0x00000000af600000, 0x00000000af700000|  0%| F|  |TAMS 0x00000000af600000, 0x00000000af600000| Untracked 
| 759|0x00000000af700000, 0x00000000af700000, 0x00000000af800000|  0%| F|  |TAMS 0x00000000af700000, 0x00000000af700000| Untracked 
| 760|0x00000000af800000, 0x00000000af800000, 0x00000000af900000|  0%| F|  |TAMS 0x00000000af800000, 0x00000000af800000| Untracked 
| 761|0x00000000af900000, 0x00000000af900000, 0x00000000afa00000|  0%| F|  |TAMS 0x00000000af900000, 0x00000000af900000| Untracked 
| 762|0x00000000afa00000, 0x00000000afa00000, 0x00000000afb00000|  0%| F|  |TAMS 0x00000000afa00000, 0x00000000afa00000| Untracked 
| 763|0x00000000afb00000, 0x00000000afb00000, 0x00000000afc00000|  0%| F|  |TAMS 0x00000000afb00000, 0x00000000afb00000| Untracked 
| 764|0x00000000afc00000, 0x00000000afc00000, 0x00000000afd00000|  0%| F|  |TAMS 0x00000000afc00000, 0x00000000afc00000| Untracked 
| 765|0x00000000afd00000, 0x00000000afd00000, 0x00000000afe00000|  0%| F|  |TAMS 0x00000000afd00000, 0x00000000afd00000| Untracked 
| 766|0x00000000afe00000, 0x00000000afe00000, 0x00000000aff00000|  0%| F|  |TAMS 0x00000000afe00000, 0x00000000afe00000| Untracked 
| 767|0x00000000aff00000, 0x00000000aff00000, 0x00000000b0000000|  0%| F|  |TAMS 0x00000000aff00000, 0x00000000aff00000| Untracked 
| 768|0x00000000b0000000, 0x00000000b0000000, 0x00000000b0100000|  0%| F|  |TAMS 0x00000000b0000000, 0x00000000b0000000| Untracked 
| 769|0x00000000b0100000, 0x00000000b0100000, 0x00000000b0200000|  0%| F|  |TAMS 0x00000000b0100000, 0x00000000b0100000| Untracked 
| 770|0x00000000b0200000, 0x00000000b0200000, 0x00000000b0300000|  0%| F|  |TAMS 0x00000000b0200000, 0x00000000b0200000| Untracked 
| 771|0x00000000b0300000, 0x00000000b0300000, 0x00000000b0400000|  0%| F|  |TAMS 0x00000000b0300000, 0x00000000b0300000| Untracked 
| 772|0x00000000b0400000, 0x00000000b0400000, 0x00000000b0500000|  0%| F|  |TAMS 0x00000000b0400000, 0x00000000b0400000| Untracked 
| 773|0x00000000b0500000, 0x00000000b0500000, 0x00000000b0600000|  0%| F|  |TAMS 0x00000000b0500000, 0x00000000b0500000| Untracked 
| 774|0x00000000b0600000, 0x00000000b0600000, 0x00000000b0700000|  0%| F|  |TAMS 0x00000000b0600000, 0x00000000b0600000| Untracked 
| 775|0x00000000b0700000, 0x00000000b0700000, 0x00000000b0800000|  0%| F|  |TAMS 0x00000000b0700000, 0x00000000b0700000| Untracked 
| 776|0x00000000b0800000, 0x00000000b0800000, 0x00000000b0900000|  0%| F|  |TAMS 0x00000000b0800000, 0x00000000b0800000| Untracked 
| 777|0x00000000b0900000, 0x00000000b0900000, 0x00000000b0a00000|  0%| F|  |TAMS 0x00000000b0900000, 0x00000000b0900000| Untracked 
| 778|0x00000000b0a00000, 0x00000000b0a00000, 0x00000000b0b00000|  0%| F|  |TAMS 0x00000000b0a00000, 0x00000000b0a00000| Untracked 
| 779|0x00000000b0b00000, 0x00000000b0b00000, 0x00000000b0c00000|  0%| F|  |TAMS 0x00000000b0b00000, 0x00000000b0b00000| Untracked 
| 780|0x00000000b0c00000, 0x00000000b0c00000, 0x00000000b0d00000|  0%| F|  |TAMS 0x00000000b0c00000, 0x00000000b0c00000| Untracked 
| 781|0x00000000b0d00000, 0x00000000b0d00000, 0x00000000b0e00000|  0%| F|  |TAMS 0x00000000b0d00000, 0x00000000b0d00000| Untracked 
| 782|0x00000000b0e00000, 0x00000000b0e00000, 0x00000000b0f00000|  0%| F|  |TAMS 0x00000000b0e00000, 0x00000000b0e00000| Untracked 
| 783|0x00000000b0f00000, 0x00000000b0f00000, 0x00000000b1000000|  0%| F|  |TAMS 0x00000000b0f00000, 0x00000000b0f00000| Untracked 
| 784|0x00000000b1000000, 0x00000000b1000000, 0x00000000b1100000|  0%| F|  |TAMS 0x00000000b1000000, 0x00000000b1000000| Untracked 
| 785|0x00000000b1100000, 0x00000000b1100000, 0x00000000b1200000|  0%| F|  |TAMS 0x00000000b1100000, 0x00000000b1100000| Untracked 
| 786|0x00000000b1200000, 0x00000000b1200000, 0x00000000b1300000|  0%| F|  |TAMS 0x00000000b1200000, 0x00000000b1200000| Untracked 
| 787|0x00000000b1300000, 0x00000000b1300000, 0x00000000b1400000|  0%| F|  |TAMS 0x00000000b1300000, 0x00000000b1300000| Untracked 
| 788|0x00000000b1400000, 0x00000000b1400000, 0x00000000b1500000|  0%| F|  |TAMS 0x00000000b1400000, 0x00000000b1400000| Untracked 
| 789|0x00000000b1500000, 0x00000000b1500000, 0x00000000b1600000|  0%| F|  |TAMS 0x00000000b1500000, 0x00000000b1500000| Untracked 
| 790|0x00000000b1600000, 0x00000000b1600000, 0x00000000b1700000|  0%| F|  |TAMS 0x00000000b1600000, 0x00000000b1600000| Untracked 
| 791|0x00000000b1700000, 0x00000000b1700000, 0x00000000b1800000|  0%| F|  |TAMS 0x00000000b1700000, 0x00000000b1700000| Untracked 
| 792|0x00000000b1800000, 0x00000000b1800000, 0x00000000b1900000|  0%| F|  |TAMS 0x00000000b1800000, 0x00000000b1800000| Untracked 
| 793|0x00000000b1900000, 0x00000000b1900000, 0x00000000b1a00000|  0%| F|  |TAMS 0x00000000b1900000, 0x00000000b1900000| Untracked 
| 794|0x00000000b1a00000, 0x00000000b1a00000, 0x00000000b1b00000|  0%| F|  |TAMS 0x00000000b1a00000, 0x00000000b1a00000| Untracked 
| 795|0x00000000b1b00000, 0x00000000b1b00000, 0x00000000b1c00000|  0%| F|  |TAMS 0x00000000b1b00000, 0x00000000b1b00000| Untracked 
| 796|0x00000000b1c00000, 0x00000000b1c00000, 0x00000000b1d00000|  0%| F|  |TAMS 0x00000000b1c00000, 0x00000000b1c00000| Untracked 
| 797|0x00000000b1d00000, 0x00000000b1d00000, 0x00000000b1e00000|  0%| F|  |TAMS 0x00000000b1d00000, 0x00000000b1d00000| Untracked 
| 798|0x00000000b1e00000, 0x00000000b1e00000, 0x00000000b1f00000|  0%| F|  |TAMS 0x00000000b1e00000, 0x00000000b1e00000| Untracked 
| 799|0x00000000b1f00000, 0x00000000b1f00000, 0x00000000b2000000|  0%| F|  |TAMS 0x00000000b1f00000, 0x00000000b1f00000| Untracked 
| 800|0x00000000b2000000, 0x00000000b2000000, 0x00000000b2100000|  0%| F|  |TAMS 0x00000000b2000000, 0x00000000b2000000| Untracked 
| 801|0x00000000b2100000, 0x00000000b2100000, 0x00000000b2200000|  0%| F|  |TAMS 0x00000000b2100000, 0x00000000b2100000| Untracked 
| 802|0x00000000b2200000, 0x00000000b2200000, 0x00000000b2300000|  0%| F|  |TAMS 0x00000000b2200000, 0x00000000b2200000| Untracked 
| 803|0x00000000b2300000, 0x00000000b2300000, 0x00000000b2400000|  0%| F|  |TAMS 0x00000000b2300000, 0x00000000b2300000| Untracked 
| 804|0x00000000b2400000, 0x00000000b2400000, 0x00000000b2500000|  0%| F|  |TAMS 0x00000000b2400000, 0x00000000b2400000| Untracked 
| 805|0x00000000b2500000, 0x00000000b2500000, 0x00000000b2600000|  0%| F|  |TAMS 0x00000000b2500000, 0x00000000b2500000| Untracked 
| 806|0x00000000b2600000, 0x00000000b2600000, 0x00000000b2700000|  0%| F|  |TAMS 0x00000000b2600000, 0x00000000b2600000| Untracked 
| 807|0x00000000b2700000, 0x00000000b2700000, 0x00000000b2800000|  0%| F|  |TAMS 0x00000000b2700000, 0x00000000b2700000| Untracked 
| 808|0x00000000b2800000, 0x00000000b2800000, 0x00000000b2900000|  0%| F|  |TAMS 0x00000000b2800000, 0x00000000b2800000| Untracked 
| 809|0x00000000b2900000, 0x00000000b2900000, 0x00000000b2a00000|  0%| F|  |TAMS 0x00000000b2900000, 0x00000000b2900000| Untracked 
| 810|0x00000000b2a00000, 0x00000000b2a00000, 0x00000000b2b00000|  0%| F|  |TAMS 0x00000000b2a00000, 0x00000000b2a00000| Untracked 
| 811|0x00000000b2b00000, 0x00000000b2b00000, 0x00000000b2c00000|  0%| F|  |TAMS 0x00000000b2b00000, 0x00000000b2b00000| Untracked 
| 812|0x00000000b2c00000, 0x00000000b2c00000, 0x00000000b2d00000|  0%| F|  |TAMS 0x00000000b2c00000, 0x00000000b2c00000| Untracked 
| 813|0x00000000b2d00000, 0x00000000b2d00000, 0x00000000b2e00000|  0%| F|  |TAMS 0x00000000b2d00000, 0x00000000b2d00000| Untracked 
| 814|0x00000000b2e00000, 0x00000000b2e00000, 0x00000000b2f00000|  0%| F|  |TAMS 0x00000000b2e00000, 0x00000000b2e00000| Untracked 
| 815|0x00000000b2f00000, 0x00000000b2f00000, 0x00000000b3000000|  0%| F|  |TAMS 0x00000000b2f00000, 0x00000000b2f00000| Untracked 
| 816|0x00000000b3000000, 0x00000000b3000000, 0x00000000b3100000|  0%| F|  |TAMS 0x00000000b3000000, 0x00000000b3000000| Untracked 
| 817|0x00000000b3100000, 0x00000000b3100000, 0x00000000b3200000|  0%| F|  |TAMS 0x00000000b3100000, 0x00000000b3100000| Untracked 
| 818|0x00000000b3200000, 0x00000000b3200000, 0x00000000b3300000|  0%| F|  |TAMS 0x00000000b3200000, 0x00000000b3200000| Untracked 
| 819|0x00000000b3300000, 0x00000000b3300000, 0x00000000b3400000|  0%| F|  |TAMS 0x00000000b3300000, 0x00000000b3300000| Untracked 
| 820|0x00000000b3400000, 0x00000000b3400000, 0x00000000b3500000|  0%| F|  |TAMS 0x00000000b3400000, 0x00000000b3400000| Untracked 
| 821|0x00000000b3500000, 0x00000000b3500000, 0x00000000b3600000|  0%| F|  |TAMS 0x00000000b3500000, 0x00000000b3500000| Untracked 
| 822|0x00000000b3600000, 0x00000000b3600000, 0x00000000b3700000|  0%| F|  |TAMS 0x00000000b3600000, 0x00000000b3600000| Untracked 
| 823|0x00000000b3700000, 0x00000000b3700000, 0x00000000b3800000|  0%| F|  |TAMS 0x00000000b3700000, 0x00000000b3700000| Untracked 
| 824|0x00000000b3800000, 0x00000000b3800000, 0x00000000b3900000|  0%| F|  |TAMS 0x00000000b3800000, 0x00000000b3800000| Untracked 
| 825|0x00000000b3900000, 0x00000000b3900000, 0x00000000b3a00000|  0%| F|  |TAMS 0x00000000b3900000, 0x00000000b3900000| Untracked 
| 826|0x00000000b3a00000, 0x00000000b3a00000, 0x00000000b3b00000|  0%| F|  |TAMS 0x00000000b3a00000, 0x00000000b3a00000| Untracked 
| 827|0x00000000b3b00000, 0x00000000b3b00000, 0x00000000b3c00000|  0%| F|  |TAMS 0x00000000b3b00000, 0x00000000b3b00000| Untracked 
| 828|0x00000000b3c00000, 0x00000000b3c00000, 0x00000000b3d00000|  0%| F|  |TAMS 0x00000000b3c00000, 0x00000000b3c00000| Untracked 
| 829|0x00000000b3d00000, 0x00000000b3d00000, 0x00000000b3e00000|  0%| F|  |TAMS 0x00000000b3d00000, 0x00000000b3d00000| Untracked 
| 830|0x00000000b3e00000, 0x00000000b3e00000, 0x00000000b3f00000|  0%| F|  |TAMS 0x00000000b3e00000, 0x00000000b3e00000| Untracked 
| 831|0x00000000b3f00000, 0x00000000b3f00000, 0x00000000b4000000|  0%| F|  |TAMS 0x00000000b3f00000, 0x00000000b3f00000| Untracked 
| 832|0x00000000b4000000, 0x00000000b4000000, 0x00000000b4100000|  0%| F|  |TAMS 0x00000000b4000000, 0x00000000b4000000| Untracked 
| 833|0x00000000b4100000, 0x00000000b4100000, 0x00000000b4200000|  0%| F|  |TAMS 0x00000000b4100000, 0x00000000b4100000| Untracked 
| 834|0x00000000b4200000, 0x00000000b4200000, 0x00000000b4300000|  0%| F|  |TAMS 0x00000000b4200000, 0x00000000b4200000| Untracked 
| 835|0x00000000b4300000, 0x00000000b4300000, 0x00000000b4400000|  0%| F|  |TAMS 0x00000000b4300000, 0x00000000b4300000| Untracked 
| 836|0x00000000b4400000, 0x00000000b4400000, 0x00000000b4500000|  0%| F|  |TAMS 0x00000000b4400000, 0x00000000b4400000| Untracked 
| 837|0x00000000b4500000, 0x00000000b4500000, 0x00000000b4600000|  0%| F|  |TAMS 0x00000000b4500000, 0x00000000b4500000| Untracked 
| 838|0x00000000b4600000, 0x00000000b4600000, 0x00000000b4700000|  0%| F|  |TAMS 0x00000000b4600000, 0x00000000b4600000| Untracked 
| 839|0x00000000b4700000, 0x00000000b4700000, 0x00000000b4800000|  0%| F|  |TAMS 0x00000000b4700000, 0x00000000b4700000| Untracked 
| 840|0x00000000b4800000, 0x00000000b4800000, 0x00000000b4900000|  0%| F|  |TAMS 0x00000000b4800000, 0x00000000b4800000| Untracked 
| 841|0x00000000b4900000, 0x00000000b4900000, 0x00000000b4a00000|  0%| F|  |TAMS 0x00000000b4900000, 0x00000000b4900000| Untracked 
| 842|0x00000000b4a00000, 0x00000000b4a00000, 0x00000000b4b00000|  0%| F|  |TAMS 0x00000000b4a00000, 0x00000000b4a00000| Untracked 
| 843|0x00000000b4b00000, 0x00000000b4b00000, 0x00000000b4c00000|  0%| F|  |TAMS 0x00000000b4b00000, 0x00000000b4b00000| Untracked 
| 844|0x00000000b4c00000, 0x00000000b4c00000, 0x00000000b4d00000|  0%| F|  |TAMS 0x00000000b4c00000, 0x00000000b4c00000| Untracked 
| 845|0x00000000b4d00000, 0x00000000b4d00000, 0x00000000b4e00000|  0%| F|  |TAMS 0x00000000b4d00000, 0x00000000b4d00000| Untracked 
| 846|0x00000000b4e00000, 0x00000000b4e00000, 0x00000000b4f00000|  0%| F|  |TAMS 0x00000000b4e00000, 0x00000000b4e00000| Untracked 
| 847|0x00000000b4f00000, 0x00000000b4f00000, 0x00000000b5000000|  0%| F|  |TAMS 0x00000000b4f00000, 0x00000000b4f00000| Untracked 
| 848|0x00000000b5000000, 0x00000000b5000000, 0x00000000b5100000|  0%| F|  |TAMS 0x00000000b5000000, 0x00000000b5000000| Untracked 
| 849|0x00000000b5100000, 0x00000000b5100000, 0x00000000b5200000|  0%| F|  |TAMS 0x00000000b5100000, 0x00000000b5100000| Untracked 
| 850|0x00000000b5200000, 0x00000000b5200000, 0x00000000b5300000|  0%| F|  |TAMS 0x00000000b5200000, 0x00000000b5200000| Untracked 
| 851|0x00000000b5300000, 0x00000000b5300000, 0x00000000b5400000|  0%| F|  |TAMS 0x00000000b5300000, 0x00000000b5300000| Untracked 
| 852|0x00000000b5400000, 0x00000000b5400000, 0x00000000b5500000|  0%| F|  |TAMS 0x00000000b5400000, 0x00000000b5400000| Untracked 
| 853|0x00000000b5500000, 0x00000000b5500000, 0x00000000b5600000|  0%| F|  |TAMS 0x00000000b5500000, 0x00000000b5500000| Untracked 
| 854|0x00000000b5600000, 0x00000000b5600000, 0x00000000b5700000|  0%| F|  |TAMS 0x00000000b5600000, 0x00000000b5600000| Untracked 
| 855|0x00000000b5700000, 0x00000000b5700000, 0x00000000b5800000|  0%| F|  |TAMS 0x00000000b5700000, 0x00000000b5700000| Untracked 
| 856|0x00000000b5800000, 0x00000000b5800000, 0x00000000b5900000|  0%| F|  |TAMS 0x00000000b5800000, 0x00000000b5800000| Untracked 
| 857|0x00000000b5900000, 0x00000000b5900000, 0x00000000b5a00000|  0%| F|  |TAMS 0x00000000b5900000, 0x00000000b5900000| Untracked 
| 858|0x00000000b5a00000, 0x00000000b5a00000, 0x00000000b5b00000|  0%| F|  |TAMS 0x00000000b5a00000, 0x00000000b5a00000| Untracked 
| 859|0x00000000b5b00000, 0x00000000b5b00000, 0x00000000b5c00000|  0%| F|  |TAMS 0x00000000b5b00000, 0x00000000b5b00000| Untracked 
| 860|0x00000000b5c00000, 0x00000000b5c00000, 0x00000000b5d00000|  0%| F|  |TAMS 0x00000000b5c00000, 0x00000000b5c00000| Untracked 
| 861|0x00000000b5d00000, 0x00000000b5d00000, 0x00000000b5e00000|  0%| F|  |TAMS 0x00000000b5d00000, 0x00000000b5d00000| Untracked 
| 862|0x00000000b5e00000, 0x00000000b5e00000, 0x00000000b5f00000|  0%| F|  |TAMS 0x00000000b5e00000, 0x00000000b5e00000| Untracked 
| 863|0x00000000b5f00000, 0x00000000b5f00000, 0x00000000b6000000|  0%| F|  |TAMS 0x00000000b5f00000, 0x00000000b5f00000| Untracked 
| 864|0x00000000b6000000, 0x00000000b6000000, 0x00000000b6100000|  0%| F|  |TAMS 0x00000000b6000000, 0x00000000b6000000| Untracked 
|1114|0x00000000c5a00000, 0x00000000c5a00000, 0x00000000c5b00000|  0%| F|  |TAMS 0x00000000c5a00000, 0x00000000c5a00000| Untracked 
|1115|0x00000000c5b00000, 0x00000000c5b00000, 0x00000000c5c00000|  0%| F|  |TAMS 0x00000000c5b00000, 0x00000000c5b00000| Untracked 
|1116|0x00000000c5c00000, 0x00000000c5c00000, 0x00000000c5d00000|  0%| F|  |TAMS 0x00000000c5c00000, 0x00000000c5c00000| Untracked 
|1117|0x00000000c5d00000, 0x00000000c5d00000, 0x00000000c5e00000|  0%| F|  |TAMS 0x00000000c5d00000, 0x00000000c5d00000| Untracked 
|2043|0x00000000ffb00000, 0x00000000ffb00000, 0x00000000ffc00000|  0%| F|  |TAMS 0x00000000ffb00000, 0x00000000ffb00000| Untracked 

Card table byte_map: [0x000002079ced0000,0x000002079d2d0000] _byte_map_base: 0x000002079cad0000

Marking Bits (Prev, Next): (CMBitMap*) 0x0000020785f42a50, (CMBitMap*) 0x0000020785f42a10
 Prev Bits: [0x000002079f6d0000, 0x00000207a16d0000)
 Next Bits: [0x000002079d6d0000, 0x000002079f6d0000)

Polling page: 0x0000020783eb0000

Metaspace:

Usage:
  Non-class:    127.58 MB used.
      Class:     18.87 MB used.
       Both:    146.45 MB used.

Virtual space:
  Non-class space:      192.00 MB reserved,     128.50 MB ( 67%) committed,  3 nodes.
      Class space:        1.00 GB reserved,      19.88 MB (  2%) committed,  1 nodes.
             Both:        1.19 GB reserved,     148.38 MB ( 12%) committed. 

Chunk freelists:
   Non-Class:  15.38 MB
       Class:  12.13 MB
        Both:  27.51 MB

MaxMetaspaceSize: unlimited
CompressedClassSpaceSize: 1.00 GB
Initial GC threshold: 21.00 MB
Current GC threshold: 246.81 MB
CDS: on
MetaspaceReclaimPolicy: balanced
 - commit_granule_bytes: 65536.
 - commit_granule_words: 8192.
 - virtual_space_node_default_size: 8388608.
 - enlarge_chunks_in_place: 1.
 - new_chunks_are_fully_committed: 0.
 - uncommit_free_chunks: 1.
 - use_allocation_guard: 0.
 - handle_deallocations: 1.


Internal statistics:

num_allocs_failed_limit: 9.
num_arena_births: 4538.
num_arena_deaths: 970.
num_vsnodes_births: 4.
num_vsnodes_deaths: 0.
num_space_committed: 2396.
num_space_uncommitted: 24.
num_chunks_returned_to_freelist: 1431.
num_chunks_taken_from_freelist: 12038.
num_chunk_merges: 571.
num_chunk_splits: 7056.
num_chunks_enlarged: 3806.
num_inconsistent_stats: 0.

CodeHeap 'non-profiled nmethods': size=120000Kb used=32123Kb max_used=32123Kb free=87876Kb
 bounds [0x0000020795270000, 0x00000207971d0000, 0x000002079c7a0000]
CodeHeap 'profiled nmethods': size=120000Kb used=54889Kb max_used=55000Kb free=65111Kb
 bounds [0x000002078d7a0000, 0x0000020790da0000, 0x0000020794cd0000]
CodeHeap 'non-nmethods': size=5760Kb used=1844Kb max_used=1928Kb free=3915Kb
 bounds [0x0000020794cd0000, 0x0000020794f40000, 0x0000020795270000]
 total_blobs=30605 nmethods=29673 adapters=843
 compilation: enabled
              stopped_count=0, restarted_count=0
 full_count=0

Compilation events (20 events):
Event: 7438.521 Thread 0x00000207a40e3010 42419       4       com.sun.org.apache.xerces.internal.impl.XMLEntityManager::getRecognizedProperties (10 bytes)
Event: 7438.521 Thread 0x00000207edc65050 42420       4       com.sun.org.apache.xerces.internal.impl.XMLErrorReporter::getRecognizedFeatures (10 bytes)
Event: 7438.521 Thread 0x00000207a40e3010 nmethod 42419 0x00000207971c9b90 code [0x00000207971c9d20, 0x00000207971c9e38]
Event: 7438.521 Thread 0x00000207edc65050 nmethod 42420 0x00000207971c9f10 code [0x00000207971ca0a0, 0x00000207971ca198]
Event: 7438.521 Thread 0x00000207a40e3010 42421       4       com.sun.org.apache.xerces.internal.impl.XMLErrorReporter::getRecognizedProperties (10 bytes)
Event: 7438.521 Thread 0x00000207edc65050 42422       4       com.sun.org.apache.xerces.internal.impl.XMLErrorReporter::getFeatureDefault (36 bytes)
Event: 7438.522 Thread 0x00000207edc65050 nmethod 42422 0x00000207971ca290 code [0x00000207971ca400, 0x00000207971ca5b8]
Event: 7438.522 Thread 0x00000207edc65050 42423       4       com.sun.org.apache.xerces.internal.impl.XMLDTDScannerImpl::getRecognizedFeatures (10 bytes)
Event: 7438.522 Thread 0x00000207a40e3010 nmethod 42421 0x00000207971ca690 code [0x00000207971ca820, 0x00000207971ca918]
Event: 7438.522 Thread 0x00000207a40e3010 42424       4       com.sun.org.apache.xerces.internal.impl.XMLErrorReporter::getPropertyDefault (36 bytes)
Event: 7438.523 Thread 0x00000207edc65050 nmethod 42423 0x00000207971caa10 code [0x00000207971caba0, 0x00000207971cacb8]
Event: 7438.523 Thread 0x00000207edc65050 42425       4       com.sun.org.apache.xerces.internal.impl.XMLDTDScannerImpl::<init> (137 bytes)
Event: 7438.523 Thread 0x00000207a40e3010 nmethod 42424 0x00000207971cad90 code [0x00000207971caf00, 0x00000207971cb0b8]
Event: 7438.531 Thread 0x00000207a40ec690 42427       3       com.android.ide.common.resources.configuration.LocaleQualifier::setRegionSegment (66 bytes)
Event: 7438.534 Thread 0x00000207a40ec690 nmethod 42427 0x000002078e0d1110 code [0x000002078e0d1560, 0x000002078e0d3898]
Event: 7438.534 Thread 0x00000207a40ec690 42426       3       com.android.ide.common.resources.configuration.LocaleQualifier::isRegionSegment (95 bytes)
Event: 7438.535 Thread 0x00000207a40ec690 nmethod 42426 0x000002078f5a7310 code [0x000002078f5a7820, 0x000002078f5a9fd8]
Event: 7438.553 Thread 0x00000207edc65050 nmethod 42425 0x00000207971cb190 code [0x00000207971cb3c0, 0x00000207971cd2e8]
Event: 7438.557 Thread 0x00000207edc65050 42428       4       com.sun.org.apache.xerces.internal.impl.XMLScanner::reset (140 bytes)
Event: 7438.565 Thread 0x00000207edc65050 nmethod 42428 0x00000207971cda10 code [0x00000207971cdc60, 0x00000207971ce5a0]

GC Heap History (20 events):
Event: 7336.493 GC heap after
{Heap after GC invocations=176 (full 0):
 garbage-first heap   total 890880K, used 222493K [0x0000000080000000, 0x0000000100000000)
  region size 1024K, 1 young (1024K), 1 survivors (1024K)
 Metaspace       used 148137K, committed 149696K, reserved 1179648K
  class space    used 19053K, committed 19776K, reserved 1048576K
}
Event: 7394.354 GC heap before
{Heap before GC invocations=176 (full 0):
 garbage-first heap   total 890880K, used 429341K [0x0000000080000000, 0x0000000100000000)
  region size 1024K, 205 young (209920K), 1 survivors (1024K)
 Metaspace       used 149750K, committed 151808K, reserved 1245184K
  class space    used 19344K, committed 20352K, reserved 1048576K
}
Event: 7394.377 GC heap after
{Heap after GC invocations=177 (full 0):
 garbage-first heap   total 890880K, used 238475K [0x0000000080000000, 0x0000000100000000)
  region size 1024K, 17 young (17408K), 17 survivors (17408K)
 Metaspace       used 149750K, committed 151808K, reserved 1245184K
  class space    used 19344K, committed 20352K, reserved 1048576K
}
Event: 7396.781 GC heap before
{Heap before GC invocations=178 (full 0):
 garbage-first heap   total 669696K, used 595851K [0x0000000080000000, 0x0000000100000000)
  region size 1024K, 363 young (371712K), 17 survivors (17408K)
 Metaspace       used 149302K, committed 151616K, reserved 1245184K
  class space    used 19278K, committed 20352K, reserved 1048576K
}
Event: 7396.813 GC heap after
{Heap after GC invocations=179 (full 0):
 garbage-first heap   total 669696K, used 203415K [0x0000000080000000, 0x0000000100000000)
  region size 1024K, 31 young (31744K), 31 survivors (31744K)
 Metaspace       used 149302K, committed 151616K, reserved 1245184K
  class space    used 19278K, committed 20352K, reserved 1048576K
}
Event: 7396.816 GC heap before
{Heap before GC invocations=179 (full 0):
 garbage-first heap   total 669696K, used 204439K [0x0000000080000000, 0x0000000100000000)
  region size 1024K, 32 young (32768K), 31 survivors (31744K)
 Metaspace       used 149302K, committed 151616K, reserved 1245184K
  class space    used 19278K, committed 20352K, reserved 1048576K
}
Event: 7396.857 GC heap after
{Heap after GC invocations=180 (full 0):
 garbage-first heap   total 669696K, used 184294K [0x0000000080000000, 0x0000000100000000)
  region size 1024K, 4 young (4096K), 4 survivors (4096K)
 Metaspace       used 149302K, committed 151616K, reserved 1245184K
  class space    used 19278K, committed 20352K, reserved 1048576K
}
Event: 7396.875 GC heap before
{Heap before GC invocations=180 (full 0):
 garbage-first heap   total 669696K, used 192486K [0x0000000080000000, 0x0000000100000000)
  region size 1024K, 13 young (13312K), 4 survivors (4096K)
 Metaspace       used 149302K, committed 151616K, reserved 1245184K
  class space    used 19278K, committed 20352K, reserved 1048576K
}
Event: 7396.880 GC heap after
{Heap after GC invocations=181 (full 0):
 garbage-first heap   total 669696K, used 184154K [0x0000000080000000, 0x0000000100000000)
  region size 1024K, 4 young (4096K), 4 survivors (4096K)
 Metaspace       used 149302K, committed 151616K, reserved 1245184K
  class space    used 19278K, committed 20352K, reserved 1048576K
}
Event: 7398.194 GC heap before
{Heap before GC invocations=182 (full 0):
 garbage-first heap   total 669696K, used 514906K [0x0000000080000000, 0x0000000100000000)
  region size 1024K, 303 young (310272K), 4 survivors (4096K)
 Metaspace       used 149327K, committed 151616K, reserved 1245184K
  class space    used 19278K, committed 20352K, reserved 1048576K
}
Event: 7398.265 GC heap after
{Heap after GC invocations=183 (full 0):
 garbage-first heap   total 669696K, used 279872K [0x0000000080000000, 0x0000000100000000)
  region size 1024K, 38 young (38912K), 38 survivors (38912K)
 Metaspace       used 149327K, committed 151616K, reserved 1245184K
  class space    used 19278K, committed 20352K, reserved 1048576K
}
Event: 7398.270 GC heap before
{Heap before GC invocations=183 (full 0):
 garbage-first heap   total 669696K, used 280896K [0x0000000080000000, 0x0000000100000000)
  region size 1024K, 39 young (39936K), 38 survivors (38912K)
 Metaspace       used 149327K, committed 151616K, reserved 1245184K
  class space    used 19278K, committed 20352K, reserved 1048576K
}
Event: 7398.310 GC heap after
{Heap after GC invocations=184 (full 0):
 garbage-first heap   total 669696K, used 275456K [0x0000000080000000, 0x0000000100000000)
  region size 1024K, 4 young (4096K), 4 survivors (4096K)
 Metaspace       used 149327K, committed 151616K, reserved 1245184K
  class space    used 19278K, committed 20352K, reserved 1048576K
}
Event: 7398.416 GC heap before
{Heap before GC invocations=184 (full 0):
 garbage-first heap   total 669696K, used 314368K [0x0000000080000000, 0x0000000100000000)
  region size 1024K, 43 young (44032K), 4 survivors (4096K)
 Metaspace       used 149333K, committed 151616K, reserved 1245184K
  class space    used 19278K, committed 20352K, reserved 1048576K
}
Event: 7398.426 GC heap after
{Heap after GC invocations=185 (full 0):
 garbage-first heap   total 669696K, used 281785K [0x0000000080000000, 0x0000000100000000)
  region size 1024K, 11 young (11264K), 11 survivors (11264K)
 Metaspace       used 149333K, committed 151616K, reserved 1245184K
  class space    used 19278K, committed 20352K, reserved 1048576K
}
Event: 7434.779 GC heap before
{Heap before GC invocations=186 (full 0):
 garbage-first heap   total 669696K, used 513209K [0x0000000080000000, 0x0000000100000000)
  region size 1024K, 216 young (221184K), 11 survivors (11264K)
 Metaspace       used 149836K, committed 151872K, reserved 1245184K
  class space    used 19322K, committed 20352K, reserved 1048576K
}
Event: 7434.786 GC heap after
{Heap after GC invocations=187 (full 0):
 garbage-first heap   total 669696K, used 264626K [0x0000000080000000, 0x0000000100000000)
  region size 1024K, 6 young (6144K), 6 survivors (6144K)
 Metaspace       used 149836K, committed 151872K, reserved 1245184K
  class space    used 19322K, committed 20352K, reserved 1048576K
}
Event: 7434.891 GC heap before
{Heap before GC invocations=187 (full 0):
 garbage-first heap   total 669696K, used 291250K [0x0000000080000000, 0x0000000100000000)
  region size 1024K, 32 young (32768K), 6 survivors (6144K)
 Metaspace       used 149852K, committed 151872K, reserved 1245184K
  class space    used 19322K, committed 20352K, reserved 1048576K
}
Event: 7434.905 GC heap after
{Heap after GC invocations=188 (full 0):
 garbage-first heap   total 669696K, used 245879K [0x0000000080000000, 0x0000000100000000)
  region size 1024K, 3 young (3072K), 3 survivors (3072K)
 Metaspace       used 149852K, committed 151872K, reserved 1245184K
  class space    used 19322K, committed 20352K, reserved 1048576K
}
Event: 7438.573 GC heap before
{Heap before GC invocations=188 (full 0):
 garbage-first heap   total 669696K, used 390263K [0x0000000080000000, 0x0000000100000000)
  region size 1024K, 146 young (149504K), 3 survivors (3072K)
 Metaspace       used 149961K, committed 151936K, reserved 1245184K
  class space    used 19322K, committed 20352K, reserved 1048576K
}

Deoptimization events (20 events):
Event: 7398.143 Thread 0x00000207f6fb2930 Uncommon trap: trap_request=0xffffffbe fr.pc=0x000002079704f648 relative=0x0000000000004608
Event: 7398.143 Thread 0x00000207f6fb2930 Uncommon trap: reason=profile_predicate action=maybe_recompile pc=0x000002079704f648 method=com.android.tools.r8.graph.s0.<init>(Lcom/android/tools/r8/graph/H2;)V @ 118 c2
Event: 7398.143 Thread 0x00000207f6fb2930 DEOPT PACKING pc=0x000002079704f648 sp=0x00000037e11ff090
Event: 7398.143 Thread 0x00000207f6fb2930 DEOPT UNPACKING pc=0x0000020794d25ba3 sp=0x00000037e11fef68 mode 2
Event: 7398.143 Thread 0x00000207f6fb2930 Uncommon trap: trap_request=0xffffffbe fr.pc=0x000002079705ff74 relative=0x0000000000002db4
Event: 7398.143 Thread 0x00000207f6fb2930 Uncommon trap: reason=profile_predicate action=maybe_recompile pc=0x000002079705ff74 method=com.android.tools.r8.graph.s0.<init>(Lcom/android/tools/r8/graph/H2;)V @ 118 c2
Event: 7398.143 Thread 0x00000207f6fb2930 DEOPT PACKING pc=0x000002079705ff74 sp=0x00000037e11fef10
Event: 7398.143 Thread 0x00000207f6fb2930 DEOPT UNPACKING pc=0x0000020794d25ba3 sp=0x00000037e11fef18 mode 2
Event: 7400.882 Thread 0x00000207ed2f2eb0 DEOPT PACKING pc=0x000002078fba5053 sp=0x00000037deef95c0
Event: 7400.882 Thread 0x00000207ed2f2eb0 DEOPT UNPACKING pc=0x0000020794d266e3 sp=0x00000037deef8a18 mode 0
Event: 7401.022 Thread 0x00000207ed2f2eb0 Uncommon trap: trap_request=0xffffff6e fr.pc=0x0000020797072744 relative=0x00000000000029e4
Event: 7401.022 Thread 0x00000207ed2f2eb0 Uncommon trap: reason=loop_limit_check action=maybe_recompile pc=0x0000020797072744 method=java.text.DecimalFormat.subformatNumber(Ljava/lang/StringBuffer;Ljava/text/Format$FieldDelegate;ZZIIII)V @ 779 c2
Event: 7401.022 Thread 0x00000207ed2f2eb0 DEOPT PACKING pc=0x0000020797072744 sp=0x00000037deef99e0
Event: 7401.022 Thread 0x00000207ed2f2eb0 DEOPT UNPACKING pc=0x0000020794d25ba3 sp=0x00000037deef9938 mode 2
Event: 7438.250 Thread 0x00000207a4514990 Uncommon trap: trap_request=0xffffffdc fr.pc=0x00000207971a3e1c relative=0x0000000000001b9c
Event: 7438.250 Thread 0x00000207a4514990 Uncommon trap: reason=class_check action=make_not_entrant pc=0x00000207971a3e1c method=com.google.common.collect.Platform.copy([Ljava/lang/Object;II[Ljava/lang/Object;)[Ljava/lang/Object; @ 7 c2
Event: 7438.250 Thread 0x00000207a4514990 DEOPT PACKING pc=0x00000207971a3e1c sp=0x00000037dbdf8b30
Event: 7438.250 Thread 0x00000207a4514990 DEOPT UNPACKING pc=0x0000020794d25ba3 sp=0x00000037dbdf8a18 mode 2
Event: 7438.254 Thread 0x00000207a4514990 DEOPT PACKING pc=0x000002078fd83407 sp=0x00000037dbdf8630
Event: 7438.254 Thread 0x00000207a4514990 DEOPT UNPACKING pc=0x0000020794d266e3 sp=0x00000037dbdf79b8 mode 0

Classes unloaded (20 events):
Event: 7394.527 Thread 0x00000207a40c7080 Unloading class 0x00000207a71c8400 'jdk/internal/reflect/GeneratedSerializationConstructorAccessor296'
Event: 7394.527 Thread 0x00000207a40c7080 Unloading class 0x00000207a7049c00 'jdk/internal/reflect/GeneratedSerializationConstructorAccessor294'
Event: 7394.527 Thread 0x00000207a40c7080 Unloading class 0x00000207a7049800 'jdk/internal/reflect/GeneratedSerializationConstructorAccessor293'
Event: 7394.527 Thread 0x00000207a40c7080 Unloading class 0x00000207a7049400 'jdk/internal/reflect/GeneratedSerializationConstructorAccessor292'
Event: 7394.527 Thread 0x00000207a40c7080 Unloading class 0x00000207a7049000 'jdk/internal/reflect/GeneratedSerializationConstructorAccessor291'
Event: 7394.527 Thread 0x00000207a40c7080 Unloading class 0x00000207a7050c00 'jdk/internal/reflect/GeneratedSerializationConstructorAccessor290'
Event: 7394.527 Thread 0x00000207a40c7080 Unloading class 0x00000207a7050800 'jdk/internal/reflect/GeneratedSerializationConstructorAccessor289'
Event: 7394.527 Thread 0x00000207a40c7080 Unloading class 0x00000207a7050400 'jdk/internal/reflect/GeneratedSerializationConstructorAccessor288'
Event: 7394.527 Thread 0x00000207a40c7080 Unloading class 0x00000207a7050000 'jdk/internal/reflect/GeneratedSerializationConstructorAccessor287'
Event: 7394.527 Thread 0x00000207a40c7080 Unloading class 0x00000207a70b0c00 'jdk/internal/reflect/GeneratedSerializationConstructorAccessor286'
Event: 7394.527 Thread 0x00000207a40c7080 Unloading class 0x00000207a70b0800 'jdk/internal/reflect/GeneratedSerializationConstructorAccessor285'
Event: 7394.527 Thread 0x00000207a40c7080 Unloading class 0x00000207a70b0400 'jdk/internal/reflect/GeneratedSerializationConstructorAccessor284'
Event: 7394.527 Thread 0x00000207a40c7080 Unloading class 0x00000207a70b0000 'jdk/internal/reflect/GeneratedSerializationConstructorAccessor283'
Event: 7394.527 Thread 0x00000207a40c7080 Unloading class 0x00000207a70ccc00 'jdk/internal/reflect/GeneratedSerializationConstructorAccessor282'
Event: 7394.527 Thread 0x00000207a40c7080 Unloading class 0x00000207a70cc800 'jdk/internal/reflect/GeneratedSerializationConstructorAccessor281'
Event: 7394.527 Thread 0x00000207a40c7080 Unloading class 0x00000207a70cc400 'jdk/internal/reflect/GeneratedSerializationConstructorAccessor280'
Event: 7394.527 Thread 0x00000207a40c7080 Unloading class 0x00000207a70cc000 'jdk/internal/reflect/GeneratedSerializationConstructorAccessor279'
Event: 7394.527 Thread 0x00000207a40c7080 Unloading class 0x00000207a70f0c00 'jdk/internal/reflect/GeneratedSerializationConstructorAccessor278'
Event: 7394.527 Thread 0x00000207a40c7080 Unloading class 0x00000207a70f0800 'jdk/internal/reflect/GeneratedSerializationConstructorAccessor277'
Event: 7394.527 Thread 0x00000207a40c7080 Unloading class 0x00000207a70f0400 'jdk/internal/reflect/GeneratedSerializationConstructorAccessor276'

Classes redefined (0 events):
No events

Internal exceptions (20 events):
Event: 7438.354 Thread 0x00000207a4514990 Exception <a 'sun/nio/fs/WindowsException'{0x00000000a29be148}> (0x00000000a29be148) 
thrown [s\open\src\hotspot\share\prims\jni.cpp, line 516]
Event: 7438.355 Thread 0x00000207a4514990 Exception <a 'sun/nio/fs/WindowsException'{0x00000000a29c6428}> (0x00000000a29c6428) 
thrown [s\open\src\hotspot\share\prims\jni.cpp, line 516]
Event: 7438.355 Thread 0x00000207a4514990 Exception <a 'sun/nio/fs/WindowsException'{0x00000000a29c78d8}> (0x00000000a29c78d8) 
thrown [s\open\src\hotspot\share\prims\jni.cpp, line 516]
Event: 7438.355 Thread 0x00000207a4514990 Exception <a 'sun/nio/fs/WindowsException'{0x00000000a29c8dd8}> (0x00000000a29c8dd8) 
thrown [s\open\src\hotspot\share\prims\jni.cpp, line 516]
Event: 7438.355 Thread 0x00000207a4514990 Exception <a 'sun/nio/fs/WindowsException'{0x00000000a29ca2d8}> (0x00000000a29ca2d8) 
thrown [s\open\src\hotspot\share\prims\jni.cpp, line 516]
Event: 7438.381 Thread 0x00000207ee2db120 Exception <a 'sun/nio/fs/WindowsException'{0x00000000a2455028}> (0x00000000a2455028) 
thrown [s\open\src\hotspot\share\prims\jni.cpp, line 516]
Event: 7438.385 Thread 0x00000207ee2db120 Exception <a 'sun/nio/fs/WindowsException'{0x00000000a246e230}> (0x00000000a246e230) 
thrown [s\open\src\hotspot\share\prims\jni.cpp, line 516]
Event: 7438.385 Thread 0x00000207ee2db120 Exception <a 'sun/nio/fs/WindowsException'{0x00000000a246f0e8}> (0x00000000a246f0e8) 
thrown [s\open\src\hotspot\share\prims\jni.cpp, line 516]
Event: 7438.385 Thread 0x00000207ee2db120 Exception <a 'sun/nio/fs/WindowsException'{0x00000000a246f178}> (0x00000000a246f178) 
thrown [s\open\src\hotspot\share\prims\jni.cpp, line 516]
Event: 7438.385 Thread 0x00000207ee2db120 Exception <a 'sun/nio/fs/WindowsException'{0x00000000a246f3c0}> (0x00000000a246f3c0) 
thrown [s\open\src\hotspot\share\prims\jni.cpp, line 516]
Event: 7438.386 Thread 0x00000207ed2f1560 Exception <a 'sun/nio/fs/WindowsException'{0x00000000a2303680}> (0x00000000a2303680) 
thrown [s\open\src\hotspot\share\prims\jni.cpp, line 516]
Event: 7438.431 Thread 0x00000207ee2da700 Exception <a 'sun/nio/fs/WindowsException'{0x00000000a19fa000}> (0x00000000a19fa000) 
thrown [s\open\src\hotspot\share\prims\jni.cpp, line 516]
Event: 7438.431 Thread 0x00000207ee2da700 Exception <a 'sun/nio/fs/WindowsException'{0x00000000a19fae98}> (0x00000000a19fae98) 
thrown [s\open\src\hotspot\share\prims\jni.cpp, line 516]
Event: 7438.431 Thread 0x00000207ee2da700 Exception <a 'sun/nio/fs/WindowsException'{0x00000000a19faf28}> (0x00000000a19faf28) 
thrown [s\open\src\hotspot\share\prims\jni.cpp, line 516]
Event: 7438.431 Thread 0x00000207ee2da700 Exception <a 'sun/nio/fs/WindowsException'{0x00000000a19fb140}> (0x00000000a19fb140) 
thrown [s\open\src\hotspot\share\prims\jni.cpp, line 516]
Event: 7438.438 Thread 0x00000207ee2da700 Exception <a 'sun/nio/fs/WindowsException'{0x00000000a1835820}> (0x00000000a1835820) 
thrown [s\open\src\hotspot\share\prims\jni.cpp, line 516]
Event: 7438.438 Thread 0x00000207ee2da700 Exception <a 'sun/nio/fs/WindowsException'{0x00000000a1836700}> (0x00000000a1836700) 
thrown [s\open\src\hotspot\share\prims\jni.cpp, line 516]
Event: 7438.438 Thread 0x00000207ee2da700 Exception <a 'sun/nio/fs/WindowsException'{0x00000000a1836790}> (0x00000000a1836790) 
thrown [s\open\src\hotspot\share\prims\jni.cpp, line 516]
Event: 7438.438 Thread 0x00000207ee2da700 Exception <a 'sun/nio/fs/WindowsException'{0x00000000a1836a20}> (0x00000000a1836a20) 
thrown [s\open\src\hotspot\share\prims\jni.cpp, line 516]
Event: 7438.438 Thread 0x00000207ee2da700 Exception <a 'sun/nio/fs/WindowsException'{0x00000000a1839670}> (0x00000000a1839670) 
thrown [s\open\src\hotspot\share\prims\jni.cpp, line 516]

VM Operations (20 events):
Event: 7398.777 Executing VM operation: G1Concurrent done
Event: 7399.791 Executing VM operation: Cleanup
Event: 7399.791 Executing VM operation: Cleanup done
Event: 7400.471 Executing VM operation: HandshakeAllThreads
Event: 7400.471 Executing VM operation: HandshakeAllThreads done
Event: 7400.862 Executing VM operation: ICBufferFull
Event: 7400.862 Executing VM operation: ICBufferFull done
Event: 7401.872 Executing VM operation: Cleanup
Event: 7401.872 Executing VM operation: Cleanup done
Event: 7404.908 Executing VM operation: Cleanup
Event: 7404.909 Executing VM operation: Cleanup done
Event: 7411.959 Executing VM operation: Cleanup
Event: 7411.959 Executing VM operation: Cleanup done
Event: 7434.779 Executing VM operation: G1CollectForAllocation
Event: 7434.786 Executing VM operation: G1CollectForAllocation done
Event: 7434.891 Executing VM operation: G1CollectForAllocation
Event: 7434.905 Executing VM operation: G1CollectForAllocation done
Event: 7435.918 Executing VM operation: Cleanup
Event: 7435.918 Executing VM operation: Cleanup done
Event: 7438.573 Executing VM operation: G1TryInitiateConcMark

Events (20 events):
Event: 7438.294 Thread 0x00000207eacfb720 Thread added: 0x00000207eacfb720
Event: 7438.294 Thread 0x00000207a4569f60 Thread added: 0x00000207a4569f60
Event: 7438.376 Thread 0x00000207a456e130 Thread added: 0x00000207a456e130
Event: 7438.377 Thread 0x00000207ee2dac10 Thread added: 0x00000207ee2dac10
Event: 7438.377 Thread 0x00000207ee2dbb40 Thread added: 0x00000207ee2dbb40
Event: 7438.377 Thread 0x00000207ee2da700 Thread added: 0x00000207ee2da700
Event: 7438.377 Thread 0x00000207ee2dc050 Thread added: 0x00000207ee2dc050
Event: 7438.377 Thread 0x00000207ee2dcf80 Thread added: 0x00000207ee2dcf80
Event: 7438.377 Thread 0x00000207ee2db120 Thread added: 0x00000207ee2db120
Event: 7438.377 Thread 0x00000207ed3084f0 Thread added: 0x00000207ed3084f0
Event: 7438.378 Thread 0x00000207ed2f29a0 Thread added: 0x00000207ed2f29a0
Event: 7438.386 Thread 0x00000207ed2f1560 Thread added: 0x00000207ed2f1560
Event: 7438.414 Thread 0x00000207ee948a10 Thread added: 0x00000207ee948a10
Event: 7438.414 Thread 0x00000207ee949e50 Thread added: 0x00000207ee949e50
Event: 7438.414 Thread 0x00000207ee948f20 Thread added: 0x00000207ee948f20
Event: 7438.415 Thread 0x00000207eacfc140 Thread added: 0x00000207eacfc140
Event: 7438.415 Thread 0x00000207f67c0120 Thread added: 0x00000207f67c0120
Event: 7438.415 Thread 0x00000207f67c1050 Thread added: 0x00000207f67c1050
Event: 7438.415 Thread 0x00000207f67c1560 Thread added: 0x00000207f67c1560
Event: 7438.423 Thread 0x00000207f67bfc10 Thread added: 0x00000207f67bfc10


Dynamic libraries:
0x00007ff6ce830000 - 0x00007ff6ce840000 	C:\Program Files\Java\jdk-17\bin\java.exe
0x00007ffa61930000 - 0x00007ffa61b47000 	C:\WINDOWS\SYSTEM32\ntdll.dll
0x00007ffa60480000 - 0x00007ffa60544000 	C:\WINDOWS\System32\KERNEL32.DLL
0x00007ffa5ec30000 - 0x00007ffa5f002000 	C:\WINDOWS\System32\KERNELBASE.dll
0x00007ffa5f1f0000 - 0x00007ffa5f301000 	C:\WINDOWS\System32\ucrtbase.dll
0x00007ffa418f0000 - 0x00007ffa4190b000 	C:\Program Files\Java\jdk-17\bin\VCRUNTIME140.dll
0x00007ffa41910000 - 0x00007ffa41929000 	C:\Program Files\Java\jdk-17\bin\jli.dll
0x00007ffa5fa10000 - 0x00007ffa5fac1000 	C:\WINDOWS\System32\ADVAPI32.dll
0x00007ffa5fc30000 - 0x00007ffa5fcd7000 	C:\WINDOWS\System32\msvcrt.dll
0x00007ffa5fad0000 - 0x00007ffa5fb78000 	C:\WINDOWS\System32\sechost.dll
0x00007ffa5ea20000 - 0x00007ffa5ea48000 	C:\WINDOWS\System32\bcrypt.dll
0x00007ffa61630000 - 0x00007ffa61744000 	C:\WINDOWS\System32\RPCRT4.dll
0x00007ffa5fe40000 - 0x00007ffa5fff1000 	C:\WINDOWS\System32\USER32.dll
0x00007ffa5ec00000 - 0x00007ffa5ec26000 	C:\WINDOWS\System32\win32u.dll
0x00007ffa41930000 - 0x00007ffa41bcb000 	C:\WINDOWS\WinSxS\amd64_microsoft.windows.common-controls_6595b64144ccf1df_6.0.22621.5547_none_27104afb73855772\COMCTL32.dll
0x00007ffa5fce0000 - 0x00007ffa5fd09000 	C:\WINDOWS\System32\GDI32.dll
0x00007ffa5ea50000 - 0x00007ffa5eb73000 	C:\WINDOWS\System32\gdi32full.dll
0x00007ffa5f010000 - 0x00007ffa5f0aa000 	C:\WINDOWS\System32\msvcp_win.dll
0x00007ffa57800000 - 0x00007ffa5780a000 	C:\WINDOWS\SYSTEM32\VERSION.dll
0x00007ffa613a0000 - 0x00007ffa613d1000 	C:\WINDOWS\System32\IMM32.DLL
0x00007ffa418e0000 - 0x00007ffa418ec000 	C:\Program Files\Java\jdk-17\bin\vcruntime140_1.dll
0x00007ffa124c0000 - 0x00007ffa1254e000 	C:\Program Files\Java\jdk-17\bin\msvcp140.dll
0x00007ffa10ad0000 - 0x00007ffa116b0000 	C:\Program Files\Java\jdk-17\bin\server\jvm.dll
0x00007ffa60960000 - 0x00007ffa60968000 	C:\WINDOWS\System32\PSAPI.DLL
0x00007ffa418d0000 - 0x00007ffa418d9000 	C:\WINDOWS\SYSTEM32\WSOCK32.dll
0x00007ffa615b0000 - 0x00007ffa61621000 	C:\WINDOWS\System32\WS2_32.dll
0x00007ffa57ab0000 - 0x00007ffa57ae4000 	C:\WINDOWS\SYSTEM32\WINMM.dll
0x00007ffa5da30000 - 0x00007ffa5da48000 	C:\WINDOWS\SYSTEM32\kernel.appcore.dll
0x00007ffa414b0000 - 0x00007ffa414ba000 	C:\Program Files\Java\jdk-17\bin\jimage.dll
0x00007ffa5c3b0000 - 0x00007ffa5c5e3000 	C:\WINDOWS\SYSTEM32\DBGHELP.DLL
0x00007ffa60550000 - 0x00007ffa608e3000 	C:\WINDOWS\System32\combase.dll
0x00007ffa5f930000 - 0x00007ffa5fa07000 	C:\WINDOWS\System32\OLEAUT32.dll
0x00007ffa40180000 - 0x00007ffa401b2000 	C:\WINDOWS\SYSTEM32\dbgcore.DLL
0x00007ffa5f540000 - 0x00007ffa5f5bb000 	C:\WINDOWS\System32\bcryptPrimitives.dll
0x00007ffa1cd20000 - 0x00007ffa1cd2e000 	C:\Program Files\Java\jdk-17\bin\instrument.dll
0x00007ffa40ef0000 - 0x00007ffa40f15000 	C:\Program Files\Java\jdk-17\bin\java.dll
0x00007ffa11f00000 - 0x00007ffa11fd7000 	C:\Program Files\Java\jdk-17\bin\jsvml.dll
0x00007ffa60ad0000 - 0x00007ffa61372000 	C:\WINDOWS\System32\SHELL32.dll
0x00007ffa5f0b0000 - 0x00007ffa5f1ef000 	C:\WINDOWS\System32\wintypes.dll
0x00007ffa5c900000 - 0x00007ffa5d21d000 	C:\WINDOWS\SYSTEM32\windows.storage.dll
0x00007ffa5fd20000 - 0x00007ffa5fe2c000 	C:\WINDOWS\System32\SHCORE.dll
0x00007ffa61540000 - 0x00007ffa615a9000 	C:\WINDOWS\System32\shlwapi.dll
0x00007ffa5e950000 - 0x00007ffa5e97b000 	C:\WINDOWS\SYSTEM32\profapi.dll
0x00007ffa1cd30000 - 0x00007ffa1cd48000 	C:\Program Files\Java\jdk-17\bin\zip.dll
0x00007ffa41490000 - 0x00007ffa414a9000 	C:\Program Files\Java\jdk-17\bin\net.dll
0x00007ffa5b220000 - 0x00007ffa5b34c000 	C:\WINDOWS\SYSTEM32\WINHTTP.dll
0x00007ffa5ded0000 - 0x00007ffa5df39000 	C:\WINDOWS\system32\mswsock.dll
0x00007ffa1cd90000 - 0x00007ffa1cda6000 	C:\Program Files\Java\jdk-17\bin\nio.dll
0x00007ffa411c0000 - 0x00007ffa411d0000 	C:\Program Files\Java\jdk-17\bin\verify.dll
0x00007ff9ded80000 - 0x00007ff9deda7000 	C:\Users\arnab bandyopadhyay\.gradle\native\c067742578af261105cb4f569cf0c3c89f3d7b1fecec35dd04571415982c5e48\windows-amd64\native-platform.dll
0x00007ff9dd930000 - 0x00007ff9dda74000 	C:\Users\arnab bandyopadhyay\.gradle\native\100fb08df4bc3b14c8652ba06237920a3bd2aa13389f12d3474272988ae205f9\windows-amd64\native-platform-file-events.dll
0x00007ffa410e0000 - 0x00007ffa410ea000 	C:\Program Files\Java\jdk-17\bin\management.dll
0x00007ffa40ee0000 - 0x00007ffa40eeb000 	C:\Program Files\Java\jdk-17\bin\management_ext.dll
0x00007ffa5e130000 - 0x00007ffa5e14b000 	C:\WINDOWS\SYSTEM32\CRYPTSP.dll
0x00007ffa5d990000 - 0x00007ffa5d9c7000 	C:\WINDOWS\system32\rsaenh.dll
0x00007ffa5dfc0000 - 0x00007ffa5dfe8000 	C:\WINDOWS\SYSTEM32\USERENV.dll
0x00007ffa5e120000 - 0x00007ffa5e12c000 	C:\WINDOWS\SYSTEM32\CRYPTBASE.dll
0x00007ffa5d480000 - 0x00007ffa5d4ad000 	C:\WINDOWS\SYSTEM32\IPHLPAPI.DLL
0x00007ffa5fe30000 - 0x00007ffa5fe39000 	C:\WINDOWS\System32\NSI.dll
0x00007ffa579e0000 - 0x00007ffa579f9000 	C:\WINDOWS\SYSTEM32\dhcpcsvc6.DLL
0x00007ffa579a0000 - 0x00007ffa579bf000 	C:\WINDOWS\SYSTEM32\dhcpcsvc.DLL
0x00007ffa5d4f0000 - 0x00007ffa5d5e8000 	C:\WINDOWS\SYSTEM32\DNSAPI.dll
0x00007ffa1cd10000 - 0x00007ffa1cd1e000 	C:\Program Files\Java\jdk-17\bin\sunmscapi.dll
0x00007ffa5f3d0000 - 0x00007ffa5f537000 	C:\WINDOWS\System32\CRYPT32.dll
0x00007ffa5e2e0000 - 0x00007ffa5e30d000 	C:\WINDOWS\SYSTEM32\ncrypt.dll
0x00007ffa5e2a0000 - 0x00007ffa5e2d7000 	C:\WINDOWS\SYSTEM32\NTASN1.dll
0x00007ff9e1cf0000 - 0x00007ff9e1cf8000 	C:\WINDOWS\system32\wshunix.dll
0x00007ffa5db60000 - 0x00007ffa5db94000 	C:\WINDOWS\SYSTEM32\ntmarta.dll

dbghelp: loaded successfully - version: 4.0.5 - missing functions: none
symbol engine: initialized successfully - sym options: 0x614 - pdb path: .;C:\Program Files\Java\jdk-17\bin;C:\WINDOWS\SYSTEM32;C:\WINDOWS\WinSxS\amd64_microsoft.windows.common-controls_6595b64144ccf1df_6.0.22621.5547_none_27104afb73855772;C:\Program Files\Java\jdk-17\bin\server;C:\Users\arnab bandyopadhyay\.gradle\native\c067742578af261105cb4f569cf0c3c89f3d7b1fecec35dd04571415982c5e48\windows-amd64;C:\Users\arnab bandyopadhyay\.gradle\native\100fb08df4bc3b14c8652ba06237920a3bd2aa13389f12d3474272988ae205f9\windows-amd64

VM Arguments:
jvm_args: --add-opens=java.base/java.lang=ALL-UNNAMED --add-opens=java.base/java.lang.invoke=ALL-UNNAMED --add-opens=java.base/java.util=ALL-UNNAMED --add-opens=java.prefs/java.util.prefs=ALL-UNNAMED --add-exports=jdk.compiler/com.sun.tools.javac.api=ALL-UNNAMED --add-exports=jdk.compiler/com.sun.tools.javac.util=ALL-UNNAMED --add-opens=java.base/java.util=ALL-UNNAMED --add-opens=java.prefs/java.util.prefs=ALL-UNNAMED --add-opens=java.base/java.nio.charset=ALL-UNNAMED --add-opens=java.base/java.net=ALL-UNNAMED --add-opens=java.base/java.util.concurrent.atomic=ALL-UNNAMED --add-opens=java.xml/javax.xml.namespace=ALL-UNNAMED -Xmx2048m -Dfile.encoding=UTF-8 -Duser.country=IN -Duser.language=en -Duser.variant -javaagent:C:\Users\arnab bandyopadhyay\.gradle\wrapper\dists\gradle-8.11.1-bin\bpt9gzteqjrbo1mjrsomdt32c\gradle-8.11.1\lib\agents\gradle-instrumentation-agent-8.11.1.jar 
java_command: org.gradle.launcher.daemon.bootstrap.GradleDaemon 8.11.1
java_class_path (initial): C:\Users\arnab bandyopadhyay\.gradle\wrapper\dists\gradle-8.11.1-bin\bpt9gzteqjrbo1mjrsomdt32c\gradle-8.11.1\lib\gradle-daemon-main-8.11.1.jar
Launcher Type: SUN_STANDARD

[Global flags]
     intx CICompilerCount                          = 4                                         {product} {ergonomic}
     uint ConcGCThreads                            = 2                                         {product} {ergonomic}
     uint G1ConcRefinementThreads                  = 8                                         {product} {ergonomic}
   size_t G1HeapRegionSize                         = 1048576                                   {product} {ergonomic}
    uintx GCDrainStackTargetSize                   = 64                                        {product} {ergonomic}
   size_t InitialHeapSize                          = 130023424                                 {product} {ergonomic}
   size_t MarkStackSize                            = 4194304                                   {product} {ergonomic}
   size_t MaxHeapSize                              = 2147483648                                {product} {command line}
   size_t MaxNewSize                               = 1287651328                                {product} {ergonomic}
   size_t MinHeapDeltaBytes                        = 1048576                                   {product} {ergonomic}
   size_t MinHeapSize                              = 8388608                                   {product} {ergonomic}
    uintx NonNMethodCodeHeapSize                   = 5839372                                {pd product} {ergonomic}
    uintx NonProfiledCodeHeapSize                  = 122909434                              {pd product} {ergonomic}
    uintx ProfiledCodeHeapSize                     = 122909434                              {pd product} {ergonomic}
    uintx ReservedCodeCacheSize                    = 251658240                              {pd product} {ergonomic}
     bool SegmentedCodeCache                       = true                                      {product} {ergonomic}
   size_t SoftMaxHeapSize                          = 2147483648                             {manageable} {ergonomic}
     bool UseCompressedClassPointers               = true                           {product lp64_product} {ergonomic}
     bool UseCompressedOops                        = true                           {product lp64_product} {ergonomic}
     bool UseG1GC                                  = true                                      {product} {ergonomic}
     bool UseLargePagesIndividualAllocation        = false                                  {pd product} {ergonomic}

Logging:
Log output configuration:
 #0: stdout all=warning uptime,level,tags
 #1: stderr all=off uptime,level,tags

Environment Variables:
JAVA_HOME=C:\Program Files\Java\jdk-17
CLASSPATH=I:\School-Management-App\\gradle\wrapper\gradle-wrapper.jar
PATH=C:\Program Files\Java\jdk-17;C:\Program Files\Python313\Scripts\;C:\Program Files\Python313\;C:\WINDOWS\system32;C:\WINDOWS;C:\WINDOWS\System32\Wbem;C:\WINDOWS\System32\WindowsPowerShell\v1.0\;C:\WINDOWS\System32\OpenSSH\;C:\MinGW\bin;C:\MinGW\bin;C:\Program Files\Git\cmd;C:\Program Files\Git\bin;C:\Program Files\MongoDB\Server\8.0\bin;C:\Android\platform-tools;C:\Program Files\nodejs\;C:\Program Files\MongoDB\Server\8.0\bin;C:\Program Files\PostgreSQL\17\bin;C:\Program Files\Java\jdk-17\bin;C:\Android\cmdline-tools\latest\bin;C:\Android\build-tools;C:\Users\arnab bandyopadhyay\AppData\Local\Programs\Python\Python311\Scripts\;C:\Users\arnab bandyopadhyay\AppData\Local\Programs\Python\Python311\;C:\Users\arnab bandyopadhyay\AppData\Local\Programs\Python\Launcher\;C:\Users\arnab bandyopadhyay\AppData\Local\Microsoft\WindowsApps;C:\Users\arnab bandyopadhyay\AppData\Local\Programs\Microsoft VS Code\bin;C:\Users\arnab bandyopadhyay\AppData\Local\Programs\mongosh\;C:\Android\cmdline-tools\latest\bin;C:\Android\platform-tools;C:\Android\ndk\27.1.12297006;C:\Users\arnab bandyopadhyay\AppData\Roaming\npm;C:\Android\build-tools;C:\Program Files\PostgreSQL\17\bin;C:\Android\emulator;;c:\Users\arnab bandyopadhyay\AppData\Roaming\Code\User\globalStorage\github.copilot-chat\debugCommand
USERNAME=arnab bandyopadhyay
LANG=en_US.UTF-8
OS=Windows_NT
PROCESSOR_IDENTIFIER=Intel64 Family 6 Model 140 Stepping 1, GenuineIntel



---------------  S Y S T E M  ---------------

OS:
 Windows 11 , 64 bit Build 22621 (10.0.22621.5415)
OS uptime: 0 days 2:10 hours
Hyper-V role detected

CPU: total 8 (initial active 8) (4 cores per cpu, 2 threads per core) family 6 model 140 stepping 1 microcode 0xb4, cx8, cmov, fxsr, ht, mmx, 3dnowpref, sse, sse2, sse3, ssse3, sse4.1, sse4.2, popcnt, lzcnt, tsc, tscinvbit, avx, avx2, aes, erms, clmul, bmi1, bmi2, adx, avx512f, avx512dq, avx512cd, avx512bw, avx512vl, sha, fma, vzeroupper, avx512_vpopcntdq, avx512_vpclmulqdq, avx512_vaes, avx512_vnni, clflush, clflushopt, clwb, avx512_vbmi2, avx512_vbmi, hv

Memory: 4k page, system-wide physical 7834M (661M free)
TotalPageFile size 13672M (AvailPageFile size 262M)
current process WorkingSet (physical memory assigned to process): 1004M, peak: 1320M
current process commit charge ("private bytes"): 1372M, peak: 1621M

vm_info: Java HotSpot(TM) 64-Bit Server VM (17.0.12+8-LTS-286) for windows-amd64 JRE (17.0.12+8-LTS-286), built on Jun  5 2024 06:46:59 by "mach5one" with MS VC++ 17.6 (VS2022)

END.
