#
# There is insufficient memory for the Java Runtime Environment to continue.
# Native memory allocation (mmap) failed to map 646971392 bytes for G1 virtual space
# Possible reasons:
#   The system is out of physical RAM or swap space
#   The process is running with CompressedOops enabled, and the Java Heap may be blocking the growth of the native heap
# Possible solutions:
#   Reduce memory load on the system
#   Increase physical memory or swap space
#   Check if swap backing store is full
#   Decrease Java heap size (-Xmx/-Xms)
#   Decrease number of Java threads
#   Decrease Java thread stack sizes (-Xss)
#   Set larger code cache with -XX:ReservedCodeCacheSize=
#   JVM is running with Unscaled Compressed Oops mode in which the Java heap is
#     placed in the first 4GB address space. The Java Heap base address is the
#     maximum limit for the native heap growth. Please use -XX:HeapBaseMinAddress
#     to set the Java Heap base and to place the Java Heap above 4GB virtual address.
# This output file may be truncated or incomplete.
#
#  Out of Memory Error (os_windows.cpp:3548), pid=8656, tid=4776
#
# JRE version: Java(TM) SE Runtime Environment (17.0.12+8) (build 17.0.12+8-LTS-286)
# Java VM: Java HotSpot(TM) 64-Bit Server VM (17.0.12+8-LTS-286, mixed mode, sharing, tiered, compressed oops, compressed class ptrs, g1 gc, windows-amd64)
# No core dump will be written. Minidumps are not enabled by default on client versions of Windows
#

---------------  S U M M A R Y ------------

Command Line: --add-opens=java.base/java.lang=ALL-UNNAMED --add-opens=java.base/java.lang.invoke=ALL-UNNAMED --add-opens=java.base/java.util=ALL-UNNAMED --add-opens=java.prefs/java.util.prefs=ALL-UNNAMED --add-exports=jdk.compiler/com.sun.tools.javac.api=ALL-UNNAMED --add-exports=jdk.compiler/com.sun.tools.javac.util=ALL-UNNAMED --add-opens=java.base/java.util=ALL-UNNAMED --add-opens=java.prefs/java.util.prefs=ALL-UNNAMED --add-opens=java.base/java.nio.charset=ALL-UNNAMED --add-opens=java.base/java.net=ALL-UNNAMED --add-opens=java.base/java.util.concurrent.atomic=ALL-UNNAMED --add-opens=java.xml/javax.xml.namespace=ALL-UNNAMED -Xmx2048m -Dfile.encoding=UTF-8 -Duser.country=IN -Duser.language=en -Duser.variant -javaagent:C:\Users\arnab bandyopadhyay\.gradle\wrapper\dists\gradle-8.11.1-bin\bpt9gzteqjrbo1mjrsomdt32c\gradle-8.11.1\lib\agents\gradle-instrumentation-agent-8.11.1.jar org.gradle.launcher.daemon.bootstrap.GradleDaemon 8.11.1

Host: 11th Gen Intel(R) Core(TM) i3-1125G4 @ 2.00GHz, 8 cores, 7G,  Windows 11 , 64 bit Build 22621 (10.0.22621.5415)
Time: Wed Jul 30 10:12:31 2025 India Standard Time elapsed time: 4690.556633 seconds (0d 1h 18m 10s)

---------------  T H R E A D  ---------------

Current thread (0x0000021b30a4bba0):  VMThread "VM Thread" [stack: 0x000000c981700000,0x000000c981800000] [id=4776]

Stack: [0x000000c981700000,0x000000c981800000]
Native frames: (J=compiled Java code, j=interpreted, Vv=VM code, C=native code)
V  [jvm.dll+0x67a04a]
V  [jvm.dll+0x7da4ed]
V  [jvm.dll+0x7dbe33]
V  [jvm.dll+0x7dc4a3]
V  [jvm.dll+0x24508f]
V  [jvm.dll+0x677089]
V  [jvm.dll+0x66bd32]
V  [jvm.dll+0x301fa6]
V  [jvm.dll+0x309546]
V  [jvm.dll+0x359d2e]
V  [jvm.dll+0x359f5f]
V  [jvm.dll+0x2d9078]
V  [jvm.dll+0x2d74ad]
V  [jvm.dll+0x2d6afc]
V  [jvm.dll+0x31a981]
V  [jvm.dll+0x7e0d9b]
V  [jvm.dll+0x7e1ad4]
V  [jvm.dll+0x7e1fed]
V  [jvm.dll+0x7e23c4]
V  [jvm.dll+0x7e2490]
V  [jvm.dll+0x78abea]
V  [jvm.dll+0x678f35]
C  [ucrtbase.dll+0x29333]
C  [KERNEL32.DLL+0x1259d]
C  [ntdll.dll+0x5af78]

VM_Operation (0x000000c9866fd268): G1TryInitiateConcMark, mode: safepoint, requested by thread 0x0000021b7ddbb640


---------------  P R O C E S S  ---------------

Threads class SMR info:
_java_thread_list=0x0000021b04ab62c0, length=97, elements={
0x0000021b10baf0d0, 0x0000021b30a50a10, 0x0000021b30a514e0, 0x0000021b30a61b90,
0x0000021b30a62660, 0x0000021b30a65040, 0x0000021b30a69930, 0x0000021b30a6a640,
0x0000021b30a6c010, 0x0000021b30a75140, 0x0000021b30a3da50, 0x0000021b761de110,
0x0000021b77de13d0, 0x0000021b780faa30, 0x0000021b780e2ab0, 0x0000021b78148110,
0x0000021b7814a480, 0x0000021b78148620, 0x0000021b78147c00, 0x0000021b78149550,
0x0000021b7959b110, 0x0000021b7843c7b0, 0x0000021b78932970, 0x0000021b7ede7050,
0x0000021b7ede6120, 0x0000021b7b245720, 0x0000021b7ddbd9b0, 0x0000021b7ddbd4a0,
0x0000021b7ddbca80, 0x0000021b78835460, 0x0000021b7ce76230, 0x0000021b7ce76c50,
0x0000021b7ede3db0, 0x0000021b7ede5700, 0x0000021b7f8d1f90, 0x0000021b7f8d4810,
0x0000021b7f8d29b0, 0x0000021b7f8d1060, 0x0000021b7f8d2ec0, 0x0000021b7f8d33d0,
0x0000021b7db341d0, 0x0000021b7db36030, 0x0000021b7ede42c0, 0x0000021b7ede51f0,
0x0000021b7ede6630, 0x0000021b7ede6b40, 0x0000021b7ede7560, 0x0000021b7ede4ce0,
0x0000021b7ede47d0, 0x0000021b775eb610, 0x0000021b775ebb20, 0x0000021b775eabf0,
0x0000021b775e9cc0, 0x0000021b775ea6e0, 0x0000021b775e97b0, 0x0000021b775e8880,
0x0000021b775ec030, 0x0000021b7d8d5de0, 0x0000021b7d8d3f80, 0x0000021b7d8d3a70,
0x0000021b7d8d4eb0, 0x0000021b7d8d58d0, 0x0000021b7d8d62f0, 0x0000021b7a9efcf0,
0x0000021b775ea1d0, 0x0000021b7ce75300, 0x0000021b7ce75d20, 0x0000021b7a98f260,
0x0000021b7f8d38e0, 0x0000021b7f8d1570, 0x0000021b7f8d4300, 0x0000021b7e9a6b50,
0x0000021b7e9a7060, 0x0000021b76183890, 0x0000021b7ddbc060, 0x0000021b7ddbdec0,
0x0000021b7ddba710, 0x0000021b7ddbb640, 0x0000021b7ddbac20, 0x0000021b7950cf90,
0x0000021b7950d9b0, 0x0000021b7f4486f0, 0x0000021b7f446890, 0x0000021b7f444f40,
0x0000021b7f445450, 0x0000021b7f446da0, 0x0000021b7967c240, 0x0000021b7967c790,
0x0000021b7f4472b0, 0x0000021b7f4477c0, 0x0000021b7a9f0710, 0x0000021b775eb100,
0x0000021b7db346e0, 0x0000021b7f447cd0, 0x0000021b788377d0, 0x0000021b7617e280,
0x0000021b7db34bf0
}

Java Threads: ( => current thread )
  0x0000021b10baf0d0 JavaThread "main" [_thread_blocked, id=12240, stack(0x000000c981100000,0x000000c981200000)]
  0x0000021b30a50a10 JavaThread "Reference Handler" daemon [_thread_blocked, id=3820, stack(0x000000c981800000,0x000000c981900000)]
  0x0000021b30a514e0 JavaThread "Finalizer" daemon [_thread_blocked, id=2536, stack(0x000000c981900000,0x000000c981a00000)]
  0x0000021b30a61b90 JavaThread "Signal Dispatcher" daemon [_thread_blocked, id=6256, stack(0x000000c981a00000,0x000000c981b00000)]
  0x0000021b30a62660 JavaThread "Attach Listener" daemon [_thread_blocked, id=14468, stack(0x000000c981b00000,0x000000c981c00000)]
  0x0000021b30a65040 JavaThread "Service Thread" daemon [_thread_blocked, id=13620, stack(0x000000c981c00000,0x000000c981d00000)]
  0x0000021b30a69930 JavaThread "Monitor Deflation Thread" daemon [_thread_blocked, id=15116, stack(0x000000c981d00000,0x000000c981e00000)]
  0x0000021b30a6a640 JavaThread "C2 CompilerThread0" daemon [_thread_in_native, id=3568, stack(0x000000c981e00000,0x000000c981f00000)]
  0x0000021b30a6c010 JavaThread "C1 CompilerThread0" daemon [_thread_blocked, id=16556, stack(0x000000c981f00000,0x000000c982000000)]
  0x0000021b30a75140 JavaThread "Sweeper thread" daemon [_thread_blocked, id=7248, stack(0x000000c982000000,0x000000c982100000)]
  0x0000021b30a3da50 JavaThread "Common-Cleaner" daemon [_thread_blocked, id=7412, stack(0x000000c982100000,0x000000c982200000)]
  0x0000021b761de110 JavaThread "Notification Thread" daemon [_thread_blocked, id=15680, stack(0x000000c982200000,0x000000c982300000)]
  0x0000021b77de13d0 JavaThread "Daemon health stats" [_thread_blocked, id=10964, stack(0x000000c982500000,0x000000c982600000)]
  0x0000021b780faa30 JavaThread "Incoming local TCP Connector on port 50219" [_thread_in_native, id=1300, stack(0x000000c982a00000,0x000000c982b00000)]
  0x0000021b780e2ab0 JavaThread "Daemon periodic checks" [_thread_blocked, id=13236, stack(0x000000c982b00000,0x000000c982c00000)]
  0x0000021b78148110 JavaThread "Cache worker for journal cache (C:\Users\arnab bandyopadhyay\.gradle\caches\journal-1)" [_thread_blocked, id=9112, stack(0x000000c983300000,0x000000c983400000)]
  0x0000021b7814a480 JavaThread "File lock request listener" [_thread_in_native, id=2736, stack(0x000000c983400000,0x000000c983500000)]
  0x0000021b78148620 JavaThread "Cache worker for file hash cache (C:\Users\arnab bandyopadhyay\.gradle\caches\8.11.1\fileHashes)" [_thread_blocked, id=16400, stack(0x000000c983500000,0x000000c983600000)]
  0x0000021b78147c00 JavaThread "Cache worker for file content cache (C:\Users\arnab bandyopadhyay\.gradle\caches\8.11.1\fileContent)" [_thread_blocked, id=8700, stack(0x000000c983900000,0x000000c983a00000)]
  0x0000021b78149550 JavaThread "File watcher server" daemon [_thread_blocked, id=16172, stack(0x000000c983e00000,0x000000c983f00000)]
  0x0000021b7959b110 JavaThread "File watcher consumer" daemon [_thread_blocked, id=15816, stack(0x000000c983f00000,0x000000c984000000)]
  0x0000021b7843c7b0 JavaThread "Memory manager" [_thread_blocked, id=2440, stack(0x000000c985900000,0x000000c985a00000)]
  0x0000021b78932970 JavaThread "Cache worker for Java compile cache (C:\Users\arnab bandyopadhyay\.gradle\caches\8.11.1\javaCompile)" [_thread_blocked, id=7644, stack(0x000000c987a00000,0x000000c987b00000)]
  0x0000021b7ede7050 JavaThread "ForkJoinPool.commonPool-worker-37" daemon [_thread_blocked, id=17132, stack(0x000000c986e00000,0x000000c986f00000)]
  0x0000021b7ede6120 JavaThread "ForkJoinPool.commonPool-worker-40" daemon [_thread_blocked, id=16376, stack(0x000000c987500000,0x000000c987600000)]
  0x0000021b7b245720 JavaThread "ForkJoinPool.commonPool-worker-43" daemon [_thread_blocked, id=1360, stack(0x000000c987900000,0x000000c987a00000)]
  0x0000021b7ddbd9b0 JavaThread "ForkJoinPool.commonPool-worker-45" daemon [_thread_blocked, id=16960, stack(0x000000c987c00000,0x000000c987d00000)]
  0x0000021b7ddbd4a0 JavaThread "ForkJoinPool.commonPool-worker-46" daemon [_thread_blocked, id=1188, stack(0x000000c987000000,0x000000c987100000)]
  0x0000021b7ddbca80 JavaThread "Daemon Thread 18" [_thread_blocked, id=8608, stack(0x000000c980e00000,0x000000c980f00000)]
  0x0000021b78835460 JavaThread "Daemon worker Thread 18" [_thread_blocked, id=3992, stack(0x000000c982400000,0x000000c982500000)]
  0x0000021b7ce76230 JavaThread "included builds" [_thread_blocked, id=8092, stack(0x000000c984d00000,0x000000c984e00000)]
  0x0000021b7ce76c50 JavaThread "VFS cleanup Thread 18" [_thread_blocked, id=18544, stack(0x000000c982c00000,0x000000c982d00000)]
  0x0000021b7ede3db0 JavaThread "Handler for socket connection from /127.0.0.1:50219 to /127.0.0.1:56360" [_thread_in_native, id=11292, stack(0x000000c980f00000,0x000000c981000000)]
  0x0000021b7ede5700 JavaThread "Cancel handler" [_thread_blocked, id=17080, stack(0x000000c981000000,0x000000c981100000)]
  0x0000021b7f8d1f90 JavaThread "Asynchronous log dispatcher for DefaultDaemonConnection: socket connection from /127.0.0.1:50219 to /127.0.0.1:56360" [_thread_blocked, id=16144, stack(0x000000c982d00000,0x000000c982e00000)]
  0x0000021b7f8d4810 JavaThread "Stdin handler" [_thread_blocked, id=16664, stack(0x000000c982e00000,0x000000c982f00000)]
  0x0000021b7f8d29b0 JavaThread "Daemon client event forwarder" [_thread_blocked, id=3284, stack(0x000000c982f00000,0x000000c983000000)]
  0x0000021b7f8d1060 JavaThread "Cache worker for file hash cache (I:\School-Management-App\.gradle\8.11.1\fileHashes)" [_thread_blocked, id=17124, stack(0x000000c983000000,0x000000c983100000)]
  0x0000021b7f8d2ec0 JavaThread "Cache worker for Build Output Cleanup Cache (I:\School-Management-App\.gradle\buildOutputCleanup)" [_thread_blocked, id=7252, stack(0x000000c983100000,0x000000c983200000)]
  0x0000021b7f8d33d0 JavaThread "Cache worker for checksums cache (I:\School-Management-App\.gradle\8.11.1\checksums)" [_thread_blocked, id=17572, stack(0x000000c983200000,0x000000c983300000)]
  0x0000021b7db341d0 JavaThread "Cache worker for cache directory md-rule (C:\Users\arnab bandyopadhyay\.gradle\caches\8.11.1\md-rule)" [_thread_blocked, id=16804, stack(0x000000c983a00000,0x000000c983b00000)]
  0x0000021b7db36030 JavaThread "Cache worker for cache directory md-supplier (C:\Users\arnab bandyopadhyay\.gradle\caches\8.11.1\md-supplier)" [_thread_blocked, id=12072, stack(0x000000c983b00000,0x000000c983c00000)]
  0x0000021b7ede42c0 JavaThread "Unconstrained build operations" [_thread_blocked, id=16736, stack(0x000000c983c00000,0x000000c983d00000)]
  0x0000021b7ede51f0 JavaThread "Unconstrained build operations Thread 2" [_thread_blocked, id=7212, stack(0x000000c984000000,0x000000c984100000)]
  0x0000021b7ede6630 JavaThread "Unconstrained build operations Thread 3" [_thread_blocked, id=16940, stack(0x000000c984100000,0x000000c984200000)]
  0x0000021b7ede6b40 JavaThread "Unconstrained build operations Thread 4" [_thread_blocked, id=1620, stack(0x000000c984200000,0x000000c984300000)]
  0x0000021b7ede7560 JavaThread "Unconstrained build operations Thread 5" [_thread_blocked, id=11272, stack(0x000000c984400000,0x000000c984500000)]
  0x0000021b7ede4ce0 JavaThread "Unconstrained build operations Thread 6" [_thread_blocked, id=9828, stack(0x000000c984500000,0x000000c984600000)]
  0x0000021b7ede47d0 JavaThread "Unconstrained build operations Thread 7" [_thread_blocked, id=2664, stack(0x000000c984600000,0x000000c984700000)]
  0x0000021b775eb610 JavaThread "Unconstrained build operations Thread 8" [_thread_blocked, id=11280, stack(0x000000c984700000,0x000000c984800000)]
  0x0000021b775ebb20 JavaThread "Unconstrained build operations Thread 9" [_thread_blocked, id=7200, stack(0x000000c984800000,0x000000c984900000)]
  0x0000021b775eabf0 JavaThread "Unconstrained build operations Thread 10" [_thread_blocked, id=17612, stack(0x000000c984900000,0x000000c984a00000)]
  0x0000021b775e9cc0 JavaThread "Unconstrained build operations Thread 11" [_thread_blocked, id=3864, stack(0x000000c984a00000,0x000000c984b00000)]
  0x0000021b775ea6e0 JavaThread "Unconstrained build operations Thread 12" [_thread_blocked, id=16284, stack(0x000000c984b00000,0x000000c984c00000)]
  0x0000021b775e97b0 JavaThread "Unconstrained build operations Thread 13" [_thread_blocked, id=6840, stack(0x000000c984c00000,0x000000c984d00000)]
  0x0000021b775e8880 JavaThread "Unconstrained build operations Thread 14" [_thread_blocked, id=5776, stack(0x000000c984e00000,0x000000c984f00000)]
  0x0000021b775ec030 JavaThread "included builds" [_thread_blocked, id=18488, stack(0x000000c985000000,0x000000c985100000)]
  0x0000021b7d8d5de0 JavaThread "Execution worker" [_thread_blocked, id=15624, stack(0x000000c985100000,0x000000c985200000)]
  0x0000021b7d8d3f80 JavaThread "Execution worker Thread 2" [_thread_blocked, id=12236, stack(0x000000c985200000,0x000000c985300000)]
  0x0000021b7d8d3a70 JavaThread "Execution worker Thread 3" [_thread_blocked, id=136, stack(0x000000c985300000,0x000000c985400000)]
  0x0000021b7d8d4eb0 JavaThread "Execution worker Thread 4" [_thread_in_native, id=15368, stack(0x000000c985400000,0x000000c985500000)]
  0x0000021b7d8d58d0 JavaThread "Execution worker Thread 5" [_thread_blocked, id=16324, stack(0x000000c985500000,0x000000c985600000)]
  0x0000021b7d8d62f0 JavaThread "Execution worker Thread 6" [_thread_blocked, id=16312, stack(0x000000c985600000,0x000000c985700000)]
  0x0000021b7a9efcf0 JavaThread "Execution worker Thread 7" [_thread_blocked, id=16500, stack(0x000000c985700000,0x000000c985800000)]
  0x0000021b775ea1d0 JavaThread "Cache worker for execution history cache (I:\School-Management-App\.gradle\8.11.1\executionHistory)" [_thread_blocked, id=3524, stack(0x000000c985800000,0x000000c985900000)]
  0x0000021b7ce75300 JavaThread "WorkerExecutor Queue" [_thread_blocked, id=2352, stack(0x000000c985a00000,0x000000c985b00000)]
  0x0000021b7ce75d20 JavaThread "Unconstrained build operations Thread 15" [_thread_blocked, id=14084, stack(0x000000c985b00000,0x000000c985c00000)]
  0x0000021b7a98f260 JavaThread "Unconstrained build operations Thread 16" [_thread_blocked, id=14448, stack(0x000000c985c00000,0x000000c985d00000)]
  0x0000021b7f8d38e0 JavaThread "Unconstrained build operations Thread 17" [_thread_blocked, id=16648, stack(0x000000c985d00000,0x000000c985e00000)]
  0x0000021b7f8d1570 JavaThread "Unconstrained build operations Thread 18" [_thread_blocked, id=13288, stack(0x000000c985e00000,0x000000c985f00000)]
  0x0000021b7f8d4300 JavaThread "Unconstrained build operations Thread 19" [_thread_blocked, id=14068, stack(0x000000c985f00000,0x000000c986000000)]
  0x0000021b7e9a6b50 JavaThread "Unconstrained build operations Thread 20" [_thread_blocked, id=16916, stack(0x000000c986000000,0x000000c986100000)]
  0x0000021b7e9a7060 JavaThread "Unconstrained build operations Thread 21" [_thread_blocked, id=16520, stack(0x000000c986100000,0x000000c986200000)]
  0x0000021b76183890 JavaThread "WorkerExecutor Queue Thread 2" [_thread_blocked, id=19168, stack(0x000000c986200000,0x000000c986300000)]
  0x0000021b7ddbc060 JavaThread "WorkerExecutor Queue Thread 3" [_thread_blocked, id=15400, stack(0x000000c984f00000,0x000000c985000000)]
  0x0000021b7ddbdec0 JavaThread "WorkerExecutor Queue Thread 5" [_thread_blocked, id=16684, stack(0x000000c986400000,0x000000c986500000)]
  0x0000021b7ddba710 JavaThread "WorkerExecutor Queue Thread 6" [_thread_blocked, id=1700, stack(0x000000c986500000,0x000000c986600000)]
  0x0000021b7ddbb640 JavaThread "WorkerExecutor Queue Thread 7" [_thread_blocked, id=3256, stack(0x000000c986600000,0x000000c986700000)]
  0x0000021b7ddbac20 JavaThread "WorkerExecutor Queue Thread 8" [_thread_blocked, id=4848, stack(0x000000c986700000,0x000000c986800000)]
  0x0000021b7950cf90 JavaThread "Unconstrained build operations Thread 22" [_thread_blocked, id=4788, stack(0x000000c986a00000,0x000000c986b00000)]
  0x0000021b7950d9b0 JavaThread "Unconstrained build operations Thread 23" [_thread_blocked, id=7828, stack(0x000000c986b00000,0x000000c986c00000)]
  0x0000021b7f4486f0 JavaThread "Unconstrained build operations Thread 24" [_thread_blocked, id=18904, stack(0x000000c986c00000,0x000000c986d00000)]
  0x0000021b7f446890 JavaThread "Unconstrained build operations Thread 25" [_thread_blocked, id=18304, stack(0x000000c986d00000,0x000000c986e00000)]
  0x0000021b7f444f40 JavaThread "Unconstrained build operations Thread 26" [_thread_blocked, id=1176, stack(0x000000c986f00000,0x000000c987000000)]
  0x0000021b7f445450 JavaThread "Unconstrained build operations Thread 27" [_thread_blocked, id=17000, stack(0x000000c987600000,0x000000c987700000)]
  0x0000021b7f446da0 JavaThread "Unconstrained build operations Thread 28" [_thread_blocked, id=16572, stack(0x000000c987700000,0x000000c987800000)]
  0x0000021b7967c240 JavaThread "C2 CompilerThread1" daemon [_thread_blocked, id=15776, stack(0x000000c986800000,0x000000c986900000)]
  0x0000021b7967c790 JavaThread "C2 CompilerThread2" daemon [_thread_blocked, id=16368, stack(0x000000c986900000,0x000000c986a00000)]
  0x0000021b7f4472b0 JavaThread "WorkerExecutor Queue Thread 9" [_thread_blocked, id=17496, stack(0x000000c987800000,0x000000c987900000)]
  0x0000021b7f4477c0 JavaThread "ForkJoinPool-1-worker-1" daemon [_thread_blocked, id=14544, stack(0x000000c987b00000,0x000000c987c00000)]
  0x0000021b7a9f0710 JavaThread "ForkJoinPool-1-worker-2" daemon [_thread_blocked, id=2804, stack(0x000000c987d00000,0x000000c987e00000)]
  0x0000021b775eb100 JavaThread "ForkJoinPool-1-worker-3" daemon [_thread_blocked, id=10164, stack(0x000000c987e00000,0x000000c987f00000)]
  0x0000021b7db346e0 JavaThread "ForkJoinPool-1-worker-4" daemon [_thread_blocked, id=13492, stack(0x000000c987f00000,0x000000c988000000)]
  0x0000021b7f447cd0 JavaThread "ForkJoinPool-1-worker-5" daemon [_thread_blocked, id=17556, stack(0x000000c988000000,0x000000c988100000)]
  0x0000021b788377d0 JavaThread "ForkJoinPool-1-worker-6" daemon [_thread_blocked, id=10328, stack(0x000000c988100000,0x000000c988200000)]
  0x0000021b7617e280 JavaThread "ForkJoinPool-1-worker-7" daemon [_thread_blocked, id=18912, stack(0x000000c988200000,0x000000c988300000)]
  0x0000021b7db34bf0 JavaThread "ForkJoinPool-1-worker-8" daemon [_thread_blocked, id=9348, stack(0x000000c988300000,0x000000c988400000)]

Other Threads:
=>0x0000021b30a4bba0 VMThread "VM Thread" [stack: 0x000000c981700000,0x000000c981800000] [id=4776]
  0x0000021b30a54a40 WatcherThread [stack: 0x000000c982300000,0x000000c982400000] [id=8844]
  0x0000021b10a2e890 GCTaskThread "GC Thread#0" [stack: 0x000000c981200000,0x000000c981300000] [id=15632]
  0x0000021b7637f530 GCTaskThread "GC Thread#1" [stack: 0x000000c982600000,0x000000c982700000] [id=14228]
  0x0000021b7637f7f0 GCTaskThread "GC Thread#2" [stack: 0x000000c982700000,0x000000c982800000] [id=7896]
  0x0000021b7637fd70 GCTaskThread "GC Thread#3" [stack: 0x000000c982800000,0x000000c982900000] [id=9584]
  0x0000021b7637f270 GCTaskThread "GC Thread#4" [stack: 0x000000c982900000,0x000000c982a00000] [id=14764]
  0x0000021b763802f0 GCTaskThread "GC Thread#5" [stack: 0x000000c983600000,0x000000c983700000] [id=12748]
  0x0000021b7637ecf0 GCTaskThread "GC Thread#6" [stack: 0x000000c983700000,0x000000c983800000] [id=17988]
  0x0000021b7637efb0 GCTaskThread "GC Thread#7" [stack: 0x000000c983800000,0x000000c983900000] [id=1328]
  0x0000021b10c159b0 ConcurrentGCThread "G1 Main Marker" [stack: 0x000000c981300000,0x000000c981400000] [id=12268]
  0x0000021b10c161d0 ConcurrentGCThread "G1 Conc#0" [stack: 0x000000c981400000,0x000000c981500000] [id=9832]
  0x0000021b78505180 ConcurrentGCThread "G1 Conc#1" [stack: 0x000000c983d00000,0x000000c983e00000] [id=18592]
  0x0000021b10c6e9a0 ConcurrentGCThread "G1 Refine#0" [stack: 0x000000c981500000,0x000000c981600000] [id=15684]
  0x0000021b7bc06c90 ConcurrentGCThread "G1 Refine#1" [stack: 0x000000c984300000,0x000000c984400000] [id=15712]
  0x0000021b791d5760 ConcurrentGCThread "G1 Refine#2" [stack: 0x000000c987100000,0x000000c987200000] [id=3356]
  0x0000021b7c4df040 ConcurrentGCThread "G1 Refine#3" [stack: 0x000000c987200000,0x000000c987300000] [id=16752]
  0x0000021b7d6dac80 ConcurrentGCThread "G1 Refine#4" [stack: 0x000000c987300000,0x000000c987400000] [id=11304]
  0x0000021b7c8b80f0 ConcurrentGCThread "G1 Refine#5" [stack: 0x000000c987400000,0x000000c987500000] [id=13104]
  0x0000021b76d403d0 ConcurrentGCThread "G1 Refine#6" [stack: 0x000000c988400000,0x000000c988500000] [id=12088]
  0x0000021b30908010 ConcurrentGCThread "G1 Service" [stack: 0x000000c981600000,0x000000c981700000] [id=3612]

Threads with active compile tasks:
C2 CompilerThread0  4690602 37958       4       com.android.tools.r8.dex.C::d (634 bytes)
C2 CompilerThread1  4690602 38765       4       com.android.tools.r8.graph.J0::a (319 bytes)
C2 CompilerThread2  4690602 38638       4       com.android.tools.r8.internal.Mr0$$Lambda$3152/0x0000021b330424e0::call (16 bytes)

VM state: at safepoint (normal execution)

VM Mutex/Monitor currently owned by a thread:  ([mutex/lock_event])
[0x0000021b10ba9950] Threads_lock - owner thread: 0x0000021b30a4bba0
[0x0000021b10ba9050] Heap_lock - owner thread: 0x0000021b7ddbb640

Heap address: 0x0000000080000000, size: 2048 MB, Compressed Oops mode: 32-bit

CDS archive(s) mapped at: [0x0000021b31000000-0x0000021b31bd0000-0x0000021b31bd0000), size 12386304, SharedBaseAddress: 0x0000021b31000000, ArchiveRelocationMode: 1.
Compressed class space mapped at: 0x0000021b32000000-0x0000021b72000000, reserved size: 1073741824
Narrow klass base: 0x0000021b31000000, Narrow klass shift: 0, Narrow klass range: 0x100000000

GC Precious Log:
 CPUs: 8 total, 8 available
 Memory: 7834M
 Large Page Support: Disabled
 NUMA Support: Disabled
 Compressed Oops: Enabled (32-bit)
 Heap Region Size: 1M
 Heap Min Capacity: 8M
 Heap Initial Capacity: 124M
 Heap Max Capacity: 2G
 Pre-touch: Disabled
 Parallel Workers: 8
 Concurrent Workers: 2
 Concurrent Refinement Workers: 8
 Periodic GC: Disabled

Heap:
 garbage-first heap   total 467968K, used 210600K [0x0000000080000000, 0x0000000100000000)
  region size 1024K, 6 young (6144K), 6 survivors (6144K)
 Metaspace       used 145949K, committed 148032K, reserved 1179648K
  class space    used 19636K, committed 20672K, reserved 1048576K

Heap Regions: E=young(eden), S=young(survivor), O=old, HS=humongous(starts), HC=humongous(continues), CS=collection set, F=free, OA=open archive, CA=closed archive, TAMS=top-at-mark-start (previous, next)
|   0|0x0000000080000000, 0x0000000080100000, 0x0000000080100000|100%|HS|  |TAMS 0x0000000080100000, 0x0000000080100000| Complete 
|   1|0x0000000080100000, 0x0000000080200000, 0x0000000080200000|100%|HC|  |TAMS 0x0000000080200000, 0x0000000080200000| Complete 
|   2|0x0000000080200000, 0x0000000080300000, 0x0000000080300000|100%|HC|  |TAMS 0x0000000080300000, 0x0000000080300000| Complete 
|   3|0x0000000080300000, 0x0000000080400000, 0x0000000080400000|100%| O|  |TAMS 0x0000000080400000, 0x0000000080400000| Untracked 
|   4|0x0000000080400000, 0x0000000080500000, 0x0000000080500000|100%| O|  |TAMS 0x0000000080500000, 0x0000000080500000| Untracked 
|   5|0x0000000080500000, 0x0000000080600000, 0x0000000080600000|100%| O|  |TAMS 0x0000000080600000, 0x0000000080600000| Untracked 
|   6|0x0000000080600000, 0x0000000080700000, 0x0000000080700000|100%|HS|  |TAMS 0x0000000080700000, 0x0000000080700000| Complete 
|   7|0x0000000080700000, 0x0000000080800000, 0x0000000080800000|100%| O|  |TAMS 0x0000000080800000, 0x0000000080800000| Untracked 
|   8|0x0000000080800000, 0x0000000080900000, 0x0000000080900000|100%| O|  |TAMS 0x0000000080900000, 0x0000000080900000| Untracked 
|   9|0x0000000080900000, 0x0000000080a00000, 0x0000000080a00000|100%| O|  |TAMS 0x0000000080a00000, 0x0000000080a00000| Untracked 
|  10|0x0000000080a00000, 0x0000000080b00000, 0x0000000080b00000|100%| O|  |TAMS 0x0000000080b00000, 0x0000000080b00000| Untracked 
|  11|0x0000000080b00000, 0x0000000080c00000, 0x0000000080c00000|100%| O|  |TAMS 0x0000000080c00000, 0x0000000080c00000| Untracked 
|  12|0x0000000080c00000, 0x0000000080d00000, 0x0000000080d00000|100%| O|  |TAMS 0x0000000080d00000, 0x0000000080d00000| Untracked 
|  13|0x0000000080d00000, 0x0000000080e00000, 0x0000000080e00000|100%| O|  |TAMS 0x0000000080e00000, 0x0000000080e00000| Untracked 
|  14|0x0000000080e00000, 0x0000000080f00000, 0x0000000080f00000|100%| O|  |TAMS 0x0000000080f00000, 0x0000000080f00000| Untracked 
|  15|0x0000000080f00000, 0x0000000081000000, 0x0000000081000000|100%| O|  |TAMS 0x0000000081000000, 0x0000000081000000| Untracked 
|  16|0x0000000081000000, 0x0000000081100000, 0x0000000081100000|100%| O|  |TAMS 0x0000000081100000, 0x0000000081100000| Untracked 
|  17|0x0000000081100000, 0x0000000081200000, 0x0000000081200000|100%| O|  |TAMS 0x0000000081200000, 0x0000000081200000| Untracked 
|  18|0x0000000081200000, 0x0000000081300000, 0x0000000081300000|100%| O|  |TAMS 0x0000000081300000, 0x0000000081300000| Untracked 
|  19|0x0000000081300000, 0x0000000081400000, 0x0000000081400000|100%| O|  |TAMS 0x0000000081400000, 0x0000000081400000| Untracked 
|  20|0x0000000081400000, 0x0000000081400000, 0x0000000081500000|  0%| F|  |TAMS 0x0000000081400000, 0x0000000081400000| Untracked 
|  21|0x0000000081500000, 0x0000000081600000, 0x0000000081600000|100%| O|  |TAMS 0x0000000081600000, 0x0000000081600000| Untracked 
|  22|0x0000000081600000, 0x0000000081700000, 0x0000000081700000|100%| O|  |TAMS 0x0000000081700000, 0x0000000081700000| Untracked 
|  23|0x0000000081700000, 0x0000000081700000, 0x0000000081800000|  0%| F|  |TAMS 0x0000000081700000, 0x0000000081700000| Untracked 
|  24|0x0000000081800000, 0x0000000081900000, 0x0000000081900000|100%| O|  |TAMS 0x0000000081900000, 0x0000000081900000| Untracked 
|  25|0x0000000081900000, 0x0000000081a00000, 0x0000000081a00000|100%| O|  |TAMS 0x0000000081a00000, 0x0000000081a00000| Untracked 
|  26|0x0000000081a00000, 0x0000000081b00000, 0x0000000081b00000|100%| O|  |TAMS 0x0000000081b00000, 0x0000000081b00000| Untracked 
|  27|0x0000000081b00000, 0x0000000081c00000, 0x0000000081c00000|100%| O|  |TAMS 0x0000000081c00000, 0x0000000081c00000| Untracked 
|  28|0x0000000081c00000, 0x0000000081d00000, 0x0000000081d00000|100%| O|  |TAMS 0x0000000081d00000, 0x0000000081d00000| Untracked 
|  29|0x0000000081d00000, 0x0000000081e00000, 0x0000000081e00000|100%| O|  |TAMS 0x0000000081e00000, 0x0000000081e00000| Untracked 
|  30|0x0000000081e00000, 0x0000000081f00000, 0x0000000081f00000|100%| O|  |TAMS 0x0000000081f00000, 0x0000000081f00000| Untracked 
|  31|0x0000000081f00000, 0x0000000082000000, 0x0000000082000000|100%| O|  |TAMS 0x0000000082000000, 0x0000000082000000| Untracked 
|  32|0x0000000082000000, 0x0000000082100000, 0x0000000082100000|100%| O|  |TAMS 0x0000000082100000, 0x0000000082100000| Untracked 
|  33|0x0000000082100000, 0x0000000082200000, 0x0000000082200000|100%| O|  |TAMS 0x0000000082200000, 0x0000000082200000| Untracked 
|  34|0x0000000082200000, 0x0000000082300000, 0x0000000082300000|100%| O|  |TAMS 0x0000000082300000, 0x0000000082300000| Untracked 
|  35|0x0000000082300000, 0x0000000082400000, 0x0000000082400000|100%| O|  |TAMS 0x0000000082400000, 0x0000000082400000| Untracked 
|  36|0x0000000082400000, 0x0000000082500000, 0x0000000082500000|100%| O|  |TAMS 0x0000000082500000, 0x0000000082500000| Untracked 
|  37|0x0000000082500000, 0x0000000082600000, 0x0000000082600000|100%| O|  |TAMS 0x0000000082500000, 0x0000000082600000| Untracked 
|  38|0x0000000082600000, 0x0000000082700000, 0x0000000082700000|100%| O|  |TAMS 0x0000000082600000, 0x0000000082700000| Untracked 
|  39|0x0000000082700000, 0x0000000082800000, 0x0000000082800000|100%| O|  |TAMS 0x0000000082800000, 0x0000000082800000| Untracked 
|  40|0x0000000082800000, 0x0000000082900000, 0x0000000082900000|100%| O|  |TAMS 0x0000000082900000, 0x0000000082900000| Untracked 
|  41|0x0000000082900000, 0x0000000082a00000, 0x0000000082a00000|100%|HS|  |TAMS 0x0000000082a00000, 0x0000000082a00000| Complete 
|  42|0x0000000082a00000, 0x0000000082b00000, 0x0000000082b00000|100%|HS|  |TAMS 0x0000000082b00000, 0x0000000082b00000| Complete 
|  43|0x0000000082b00000, 0x0000000082c00000, 0x0000000082c00000|100%|HS|  |TAMS 0x0000000082c00000, 0x0000000082c00000| Complete 
|  44|0x0000000082c00000, 0x0000000082d00000, 0x0000000082d00000|100%|HS|  |TAMS 0x0000000082d00000, 0x0000000082d00000| Complete 
|  45|0x0000000082d00000, 0x0000000082e00000, 0x0000000082e00000|100%|HS|  |TAMS 0x0000000082e00000, 0x0000000082e00000| Complete 
|  46|0x0000000082e00000, 0x0000000082f00000, 0x0000000082f00000|100%|HS|  |TAMS 0x0000000082f00000, 0x0000000082f00000| Complete 
|  47|0x0000000082f00000, 0x0000000083000000, 0x0000000083000000|100%| O|  |TAMS 0x0000000083000000, 0x0000000083000000| Untracked 
|  48|0x0000000083000000, 0x0000000083100000, 0x0000000083100000|100%| O|  |TAMS 0x0000000083100000, 0x0000000083100000| Untracked 
|  49|0x0000000083100000, 0x0000000083200000, 0x0000000083200000|100%| O|  |TAMS 0x0000000083200000, 0x0000000083200000| Untracked 
|  50|0x0000000083200000, 0x0000000083300000, 0x0000000083300000|100%| O|  |TAMS 0x0000000083300000, 0x0000000083300000| Untracked 
|  51|0x0000000083300000, 0x0000000083400000, 0x0000000083400000|100%| O|  |TAMS 0x0000000083400000, 0x0000000083400000| Untracked 
|  52|0x0000000083400000, 0x0000000083500000, 0x0000000083500000|100%| O|  |TAMS 0x0000000083500000, 0x0000000083500000| Untracked 
|  53|0x0000000083500000, 0x0000000083600000, 0x0000000083600000|100%| O|  |TAMS 0x0000000083600000, 0x0000000083600000| Untracked 
|  54|0x0000000083600000, 0x0000000083700000, 0x0000000083700000|100%| O|  |TAMS 0x0000000083700000, 0x0000000083700000| Untracked 
|  55|0x0000000083700000, 0x0000000083800000, 0x0000000083800000|100%| O|  |TAMS 0x0000000083800000, 0x0000000083800000| Untracked 
|  56|0x0000000083800000, 0x0000000083800000, 0x0000000083900000|  0%| F|  |TAMS 0x0000000083800000, 0x0000000083800000| Untracked 
|  57|0x0000000083900000, 0x0000000083a00000, 0x0000000083a00000|100%| O|  |TAMS 0x0000000083a00000, 0x0000000083a00000| Untracked 
|  58|0x0000000083a00000, 0x0000000083a00000, 0x0000000083b00000|  0%| F|  |TAMS 0x0000000083a00000, 0x0000000083a00000| Untracked 
|  59|0x0000000083b00000, 0x0000000083b00000, 0x0000000083c00000|  0%| F|  |TAMS 0x0000000083b00000, 0x0000000083b00000| Untracked 
|  60|0x0000000083c00000, 0x0000000083d00000, 0x0000000083d00000|100%|HS|  |TAMS 0x0000000083d00000, 0x0000000083d00000| Complete 
|  61|0x0000000083d00000, 0x0000000083e00000, 0x0000000083e00000|100%| O|  |TAMS 0x0000000083e00000, 0x0000000083e00000| Untracked 
|  62|0x0000000083e00000, 0x0000000083f00000, 0x0000000083f00000|100%| O|  |TAMS 0x0000000083f00000, 0x0000000083f00000| Untracked 
|  63|0x0000000083f00000, 0x0000000084000000, 0x0000000084000000|100%| O|  |TAMS 0x0000000084000000, 0x0000000084000000| Untracked 
|  64|0x0000000084000000, 0x0000000084100000, 0x0000000084100000|100%| O|  |TAMS 0x0000000084100000, 0x0000000084100000| Untracked 
|  65|0x0000000084100000, 0x0000000084200000, 0x0000000084200000|100%| O|  |TAMS 0x0000000084200000, 0x0000000084200000| Untracked 
|  66|0x0000000084200000, 0x0000000084300000, 0x0000000084300000|100%| O|  |TAMS 0x0000000084300000, 0x0000000084300000| Untracked 
|  67|0x0000000084300000, 0x0000000084400000, 0x0000000084400000|100%| O|  |TAMS 0x0000000084400000, 0x0000000084400000| Untracked 
|  68|0x0000000084400000, 0x0000000084500000, 0x0000000084500000|100%| O|  |TAMS 0x0000000084500000, 0x0000000084500000| Untracked 
|  69|0x0000000084500000, 0x0000000084600000, 0x0000000084600000|100%| O|  |TAMS 0x0000000084600000, 0x0000000084600000| Untracked 
|  70|0x0000000084600000, 0x0000000084700000, 0x0000000084700000|100%| O|  |TAMS 0x0000000084700000, 0x0000000084700000| Untracked 
|  71|0x0000000084700000, 0x0000000084800000, 0x0000000084800000|100%| O|  |TAMS 0x0000000084800000, 0x0000000084800000| Untracked 
|  72|0x0000000084800000, 0x0000000084900000, 0x0000000084900000|100%| O|  |TAMS 0x0000000084900000, 0x0000000084900000| Untracked 
|  73|0x0000000084900000, 0x0000000084a00000, 0x0000000084a00000|100%| O|  |TAMS 0x0000000084a00000, 0x0000000084a00000| Untracked 
|  74|0x0000000084a00000, 0x0000000084b00000, 0x0000000084b00000|100%| O|  |TAMS 0x0000000084b00000, 0x0000000084b00000| Untracked 
|  75|0x0000000084b00000, 0x0000000084c00000, 0x0000000084c00000|100%| O|  |TAMS 0x0000000084c00000, 0x0000000084c00000| Untracked 
|  76|0x0000000084c00000, 0x0000000084d00000, 0x0000000084d00000|100%| O|  |TAMS 0x0000000084d00000, 0x0000000084d00000| Untracked 
|  77|0x0000000084d00000, 0x0000000084e00000, 0x0000000084e00000|100%|HS|  |TAMS 0x0000000084d00000, 0x0000000084e00000| Complete 
|  78|0x0000000084e00000, 0x0000000084e00000, 0x0000000084f00000|  0%| F|  |TAMS 0x0000000084e00000, 0x0000000084e00000| Untracked 
|  79|0x0000000084f00000, 0x0000000085000000, 0x0000000085000000|100%| O|  |TAMS 0x0000000085000000, 0x0000000085000000| Untracked 
|  80|0x0000000085000000, 0x0000000085100000, 0x0000000085100000|100%| O|  |TAMS 0x0000000085100000, 0x0000000085100000| Untracked 
|  81|0x0000000085100000, 0x0000000085200000, 0x0000000085200000|100%| O|  |TAMS 0x0000000085200000, 0x0000000085200000| Untracked 
|  82|0x0000000085200000, 0x0000000085300000, 0x0000000085300000|100%| O|  |TAMS 0x0000000085300000, 0x0000000085300000| Untracked 
|  83|0x0000000085300000, 0x0000000085400000, 0x0000000085400000|100%| O|  |TAMS 0x0000000085400000, 0x0000000085400000| Untracked 
|  84|0x0000000085400000, 0x0000000085500000, 0x0000000085500000|100%| O|  |TAMS 0x0000000085500000, 0x0000000085500000| Untracked 
|  85|0x0000000085500000, 0x0000000085500000, 0x0000000085600000|  0%| F|  |TAMS 0x0000000085500000, 0x0000000085500000| Untracked 
|  86|0x0000000085600000, 0x0000000085600000, 0x0000000085700000|  0%| F|  |TAMS 0x0000000085600000, 0x0000000085600000| Untracked 
|  87|0x0000000085700000, 0x0000000085800000, 0x0000000085800000|100%|HS|  |TAMS 0x0000000085700000, 0x0000000085800000| Complete 
|  88|0x0000000085800000, 0x0000000085900000, 0x0000000085900000|100%| O|  |TAMS 0x0000000085900000, 0x0000000085900000| Untracked 
|  89|0x0000000085900000, 0x0000000085a00000, 0x0000000085a00000|100%| O|  |TAMS 0x0000000085a00000, 0x0000000085a00000| Untracked 
|  90|0x0000000085a00000, 0x0000000085b00000, 0x0000000085b00000|100%| O|  |TAMS 0x0000000085b00000, 0x0000000085b00000| Untracked 
|  91|0x0000000085b00000, 0x0000000085b00000, 0x0000000085c00000|  0%| F|  |TAMS 0x0000000085b00000, 0x0000000085b00000| Untracked 
|  92|0x0000000085c00000, 0x0000000085d00000, 0x0000000085d00000|100%| O|  |TAMS 0x0000000085d00000, 0x0000000085d00000| Untracked 
|  93|0x0000000085d00000, 0x0000000085e00000, 0x0000000085e00000|100%| O|  |TAMS 0x0000000085e00000, 0x0000000085e00000| Untracked 
|  94|0x0000000085e00000, 0x0000000085f00000, 0x0000000085f00000|100%|HS|  |TAMS 0x0000000085e00000, 0x0000000085f00000| Complete 
|  95|0x0000000085f00000, 0x0000000086000000, 0x0000000086000000|100%| O|  |TAMS 0x0000000086000000, 0x0000000086000000| Untracked 
|  96|0x0000000086000000, 0x0000000086100000, 0x0000000086100000|100%| O|  |TAMS 0x0000000086100000, 0x0000000086100000| Untracked 
|  97|0x0000000086100000, 0x0000000086200000, 0x0000000086200000|100%| O|  |TAMS 0x0000000086200000, 0x0000000086200000| Untracked 
|  98|0x0000000086200000, 0x0000000086300000, 0x0000000086300000|100%| O|  |TAMS 0x0000000086300000, 0x0000000086300000| Untracked 
|  99|0x0000000086300000, 0x0000000086400000, 0x0000000086400000|100%| O|  |TAMS 0x0000000086400000, 0x0000000086400000| Untracked 
| 100|0x0000000086400000, 0x0000000086500000, 0x0000000086500000|100%| O|  |TAMS 0x0000000086500000, 0x0000000086500000| Untracked 
| 101|0x0000000086500000, 0x0000000086600000, 0x0000000086600000|100%| O|  |TAMS 0x0000000086600000, 0x0000000086600000| Untracked 
| 102|0x0000000086600000, 0x0000000086700000, 0x0000000086700000|100%| O|  |TAMS 0x0000000086600000, 0x0000000086700000| Untracked 
| 103|0x0000000086700000, 0x0000000086800000, 0x0000000086800000|100%| O|  |TAMS 0x0000000086800000, 0x0000000086800000| Untracked 
| 104|0x0000000086800000, 0x0000000086900000, 0x0000000086900000|100%| O|  |TAMS 0x0000000086900000, 0x0000000086900000| Untracked 
| 105|0x0000000086900000, 0x0000000086a00000, 0x0000000086a00000|100%| O|  |TAMS 0x0000000086a00000, 0x0000000086a00000| Untracked 
| 106|0x0000000086a00000, 0x0000000086b00000, 0x0000000086b00000|100%| O|  |TAMS 0x0000000086b00000, 0x0000000086b00000| Untracked 
| 107|0x0000000086b00000, 0x0000000086b00000, 0x0000000086c00000|  0%| F|  |TAMS 0x0000000086b00000, 0x0000000086b00000| Untracked 
| 108|0x0000000086c00000, 0x0000000086d00000, 0x0000000086d00000|100%| O|  |TAMS 0x0000000086c00000, 0x0000000086d00000| Untracked 
| 109|0x0000000086d00000, 0x0000000086e00000, 0x0000000086e00000|100%| O|  |TAMS 0x0000000086e00000, 0x0000000086e00000| Untracked 
| 110|0x0000000086e00000, 0x0000000086f00000, 0x0000000086f00000|100%| O|  |TAMS 0x0000000086f00000, 0x0000000086f00000| Untracked 
| 111|0x0000000086f00000, 0x0000000087000000, 0x0000000087000000|100%|HS|  |TAMS 0x0000000086f00000, 0x0000000087000000| Complete 
| 112|0x0000000087000000, 0x0000000087100000, 0x0000000087100000|100%|HC|  |TAMS 0x0000000087000000, 0x0000000087100000| Complete 
| 113|0x0000000087100000, 0x0000000087200000, 0x0000000087200000|100%|HS|  |TAMS 0x0000000087100000, 0x0000000087200000| Complete 
| 114|0x0000000087200000, 0x0000000087300000, 0x0000000087300000|100%|HC|  |TAMS 0x0000000087200000, 0x0000000087300000| Complete 
| 115|0x0000000087300000, 0x0000000087400000, 0x0000000087400000|100%|HS|  |TAMS 0x0000000087300000, 0x0000000087400000| Complete 
| 116|0x0000000087400000, 0x0000000087500000, 0x0000000087500000|100%|HC|  |TAMS 0x0000000087400000, 0x0000000087500000| Complete 
| 117|0x0000000087500000, 0x0000000087600000, 0x0000000087600000|100%| O|  |TAMS 0x0000000087500000, 0x0000000087600000| Untracked 
| 118|0x0000000087600000, 0x0000000087700000, 0x0000000087700000|100%| O|  |TAMS 0x0000000087700000, 0x0000000087700000| Untracked 
| 119|0x0000000087700000, 0x0000000087800000, 0x0000000087800000|100%| O|  |TAMS 0x0000000087700000, 0x0000000087800000| Untracked 
| 120|0x0000000087800000, 0x0000000087900000, 0x0000000087900000|100%| O|  |TAMS 0x0000000087900000, 0x0000000087900000| Untracked 
| 121|0x0000000087900000, 0x0000000087a00000, 0x0000000087a00000|100%| O|  |TAMS 0x0000000087a00000, 0x0000000087a00000| Untracked 
| 122|0x0000000087a00000, 0x0000000087b00000, 0x0000000087b00000|100%| O|  |TAMS 0x0000000087b00000, 0x0000000087b00000| Untracked 
| 123|0x0000000087b00000, 0x0000000087c00000, 0x0000000087c00000|100%| O|  |TAMS 0x0000000087c00000, 0x0000000087c00000| Untracked 
| 124|0x0000000087c00000, 0x0000000087d00000, 0x0000000087d00000|100%| O|  |TAMS 0x0000000087c00000, 0x0000000087d00000| Untracked 
| 125|0x0000000087d00000, 0x0000000087e00000, 0x0000000087e00000|100%| O|  |TAMS 0x0000000087d00000, 0x0000000087e00000| Untracked 
| 126|0x0000000087e00000, 0x0000000087f00000, 0x0000000087f00000|100%| O|  |TAMS 0x0000000087f00000, 0x0000000087f00000| Untracked 
| 127|0x0000000087f00000, 0x0000000088000000, 0x0000000088000000|100%| O|  |TAMS 0x0000000088000000, 0x0000000088000000| Untracked 
| 128|0x0000000088000000, 0x0000000088100000, 0x0000000088100000|100%| O|  |TAMS 0x0000000088100000, 0x0000000088100000| Untracked 
| 129|0x0000000088100000, 0x0000000088200000, 0x0000000088200000|100%| O|  |TAMS 0x0000000088200000, 0x0000000088200000| Untracked 
| 130|0x0000000088200000, 0x0000000088300000, 0x0000000088300000|100%| O|  |TAMS 0x0000000088300000, 0x0000000088300000| Untracked 
| 131|0x0000000088300000, 0x0000000088300000, 0x0000000088400000|  0%| F|  |TAMS 0x0000000088300000, 0x0000000088300000| Untracked 
| 132|0x0000000088400000, 0x0000000088500000, 0x0000000088500000|100%|HS|  |TAMS 0x0000000088400000, 0x0000000088500000| Complete 
| 133|0x0000000088500000, 0x0000000088600000, 0x0000000088600000|100%|HC|  |TAMS 0x0000000088500000, 0x0000000088600000| Complete 
| 134|0x0000000088600000, 0x0000000088700000, 0x0000000088700000|100%|HC|  |TAMS 0x0000000088600000, 0x0000000088700000| Complete 
| 135|0x0000000088700000, 0x0000000088800000, 0x0000000088800000|100%| O|  |TAMS 0x0000000088700000, 0x0000000088800000| Untracked 
| 136|0x0000000088800000, 0x0000000088900000, 0x0000000088900000|100%| O|  |TAMS 0x0000000088800000, 0x0000000088900000| Untracked 
| 137|0x0000000088900000, 0x0000000088a00000, 0x0000000088a00000|100%| O|  |TAMS 0x0000000088900000, 0x0000000088a00000| Untracked 
| 138|0x0000000088a00000, 0x0000000088b00000, 0x0000000088b00000|100%| O|  |TAMS 0x0000000088a00000, 0x0000000088b00000| Untracked 
| 139|0x0000000088b00000, 0x0000000088c00000, 0x0000000088c00000|100%| O|  |TAMS 0x0000000088b00000, 0x0000000088c00000| Untracked 
| 140|0x0000000088c00000, 0x0000000088d00000, 0x0000000088d00000|100%| O|  |TAMS 0x0000000088c00000, 0x0000000088d00000| Untracked 
| 141|0x0000000088d00000, 0x0000000088e00000, 0x0000000088e00000|100%| O|  |TAMS 0x0000000088d00000, 0x0000000088e00000| Untracked 
| 142|0x0000000088e00000, 0x0000000088f00000, 0x0000000088f00000|100%| O|  |TAMS 0x0000000088f00000, 0x0000000088f00000| Untracked 
| 143|0x0000000088f00000, 0x0000000089000000, 0x0000000089000000|100%| O|  |TAMS 0x0000000089000000, 0x0000000089000000| Untracked 
| 144|0x0000000089000000, 0x0000000089100000, 0x0000000089100000|100%| O|  |TAMS 0x0000000089100000, 0x0000000089100000| Untracked 
| 145|0x0000000089100000, 0x0000000089200000, 0x0000000089200000|100%| O|  |TAMS 0x0000000089200000, 0x0000000089200000| Untracked 
| 146|0x0000000089200000, 0x0000000089300000, 0x0000000089300000|100%| O|  |TAMS 0x0000000089200000, 0x0000000089300000| Untracked 
| 147|0x0000000089300000, 0x0000000089400000, 0x0000000089400000|100%| O|  |TAMS 0x0000000089300000, 0x0000000089400000| Untracked 
| 148|0x0000000089400000, 0x0000000089500000, 0x0000000089500000|100%| O|  |TAMS 0x0000000089400000, 0x0000000089500000| Untracked 
| 149|0x0000000089500000, 0x0000000089600000, 0x0000000089600000|100%| O|  |TAMS 0x0000000089500000, 0x0000000089600000| Untracked 
| 150|0x0000000089600000, 0x0000000089700000, 0x0000000089700000|100%| O|  |TAMS 0x0000000089600000, 0x0000000089700000| Untracked 
| 151|0x0000000089700000, 0x0000000089800000, 0x0000000089800000|100%| O|  |TAMS 0x0000000089700000, 0x0000000089800000| Untracked 
| 152|0x0000000089800000, 0x0000000089900000, 0x0000000089900000|100%| O|  |TAMS 0x0000000089900000, 0x0000000089900000| Untracked 
| 153|0x0000000089900000, 0x0000000089a00000, 0x0000000089a00000|100%| O|  |TAMS 0x0000000089900000, 0x0000000089a00000| Untracked 
| 154|0x0000000089a00000, 0x0000000089b00000, 0x0000000089b00000|100%| O|  |TAMS 0x0000000089a00000, 0x0000000089b00000| Untracked 
| 155|0x0000000089b00000, 0x0000000089c00000, 0x0000000089c00000|100%| O|  |TAMS 0x0000000089b00000, 0x0000000089c00000| Untracked 
| 156|0x0000000089c00000, 0x0000000089d00000, 0x0000000089d00000|100%| O|  |TAMS 0x0000000089c00000, 0x0000000089d00000| Untracked 
| 157|0x0000000089d00000, 0x0000000089e00000, 0x0000000089e00000|100%| O|  |TAMS 0x0000000089d00000, 0x0000000089e00000| Untracked 
| 158|0x0000000089e00000, 0x0000000089f00000, 0x0000000089f00000|100%| O|  |TAMS 0x0000000089e00000, 0x0000000089f00000| Untracked 
| 159|0x0000000089f00000, 0x000000008a000000, 0x000000008a000000|100%| O|  |TAMS 0x0000000089f00000, 0x000000008a000000| Untracked 
| 160|0x000000008a000000, 0x000000008a100000, 0x000000008a100000|100%| O|  |TAMS 0x000000008a000000, 0x000000008a100000| Untracked 
| 161|0x000000008a100000, 0x000000008a200000, 0x000000008a200000|100%| O|  |TAMS 0x000000008a100000, 0x000000008a200000| Untracked 
| 162|0x000000008a200000, 0x000000008a300000, 0x000000008a300000|100%| O|  |TAMS 0x000000008a200000, 0x000000008a300000| Untracked 
| 163|0x000000008a300000, 0x000000008a400000, 0x000000008a400000|100%| O|  |TAMS 0x000000008a300000, 0x000000008a400000| Untracked 
| 164|0x000000008a400000, 0x000000008a500000, 0x000000008a500000|100%|HS|  |TAMS 0x000000008a400000, 0x000000008a500000| Complete 
| 165|0x000000008a500000, 0x000000008a600000, 0x000000008a600000|100%|HS|  |TAMS 0x000000008a500000, 0x000000008a600000| Complete 
| 166|0x000000008a600000, 0x000000008a700000, 0x000000008a700000|100%| O|  |TAMS 0x000000008a600000, 0x000000008a700000| Untracked 
| 167|0x000000008a700000, 0x000000008a800000, 0x000000008a800000|100%| O|  |TAMS 0x000000008a700000, 0x000000008a800000| Untracked 
| 168|0x000000008a800000, 0x000000008a900000, 0x000000008a900000|100%| O|  |TAMS 0x000000008a800000, 0x000000008a900000| Untracked 
| 169|0x000000008a900000, 0x000000008aa00000, 0x000000008aa00000|100%| O|  |TAMS 0x000000008a900000, 0x000000008aa00000| Untracked 
| 170|0x000000008aa00000, 0x000000008ab00000, 0x000000008ab00000|100%| O|  |TAMS 0x000000008aa00000, 0x000000008ab00000| Untracked 
| 171|0x000000008ab00000, 0x000000008ac00000, 0x000000008ac00000|100%| O|  |TAMS 0x000000008ab00000, 0x000000008ac00000| Untracked 
| 172|0x000000008ac00000, 0x000000008ad00000, 0x000000008ad00000|100%| O|  |TAMS 0x000000008ac00000, 0x000000008ad00000| Untracked 
| 173|0x000000008ad00000, 0x000000008ae00000, 0x000000008ae00000|100%| O|  |TAMS 0x000000008ad00000, 0x000000008ae00000| Untracked 
| 174|0x000000008ae00000, 0x000000008af00000, 0x000000008af00000|100%| O|  |TAMS 0x000000008ae00000, 0x000000008af00000| Untracked 
| 175|0x000000008af00000, 0x000000008b000000, 0x000000008b000000|100%| O|  |TAMS 0x000000008af00000, 0x000000008b000000| Untracked 
| 176|0x000000008b000000, 0x000000008b100000, 0x000000008b100000|100%| O|  |TAMS 0x000000008b000000, 0x000000008b100000| Untracked 
| 177|0x000000008b100000, 0x000000008b200000, 0x000000008b200000|100%| O|  |TAMS 0x000000008b100000, 0x000000008b200000| Untracked 
| 178|0x000000008b200000, 0x000000008b300000, 0x000000008b300000|100%| O|  |TAMS 0x000000008b200000, 0x000000008b300000| Untracked 
| 179|0x000000008b300000, 0x000000008b400000, 0x000000008b400000|100%| O|  |TAMS 0x000000008b300000, 0x000000008b400000| Untracked 
| 180|0x000000008b400000, 0x000000008b500000, 0x000000008b500000|100%| O|  |TAMS 0x000000008b400000, 0x000000008b500000| Untracked 
| 181|0x000000008b500000, 0x000000008b600000, 0x000000008b600000|100%| O|  |TAMS 0x000000008b500000, 0x000000008b600000| Untracked 
| 182|0x000000008b600000, 0x000000008b700000, 0x000000008b700000|100%| O|  |TAMS 0x000000008b600000, 0x000000008b700000| Untracked 
| 183|0x000000008b700000, 0x000000008b800000, 0x000000008b800000|100%| O|  |TAMS 0x000000008b700000, 0x000000008b800000| Untracked 
| 184|0x000000008b800000, 0x000000008b900000, 0x000000008b900000|100%| O|  |TAMS 0x000000008b800000, 0x000000008b900000| Untracked 
| 185|0x000000008b900000, 0x000000008ba00000, 0x000000008ba00000|100%| O|  |TAMS 0x000000008b900000, 0x000000008ba00000| Untracked 
| 186|0x000000008ba00000, 0x000000008bb00000, 0x000000008bb00000|100%| O|  |TAMS 0x000000008ba00000, 0x000000008bb00000| Untracked 
| 187|0x000000008bb00000, 0x000000008bc00000, 0x000000008bc00000|100%| O|  |TAMS 0x000000008bb00000, 0x000000008bc00000| Untracked 
| 188|0x000000008bc00000, 0x000000008bd00000, 0x000000008bd00000|100%| O|  |TAMS 0x000000008bc00000, 0x000000008bd00000| Untracked 
| 189|0x000000008bd00000, 0x000000008be00000, 0x000000008be00000|100%| O|  |TAMS 0x000000008bd00000, 0x000000008be00000| Untracked 
| 190|0x000000008be00000, 0x000000008bf00000, 0x000000008bf00000|100%| O|  |TAMS 0x000000008be00000, 0x000000008bf00000| Untracked 
| 191|0x000000008bf00000, 0x000000008c000000, 0x000000008c000000|100%| O|  |TAMS 0x000000008bf00000, 0x000000008c000000| Untracked 
| 192|0x000000008c000000, 0x000000008c100000, 0x000000008c100000|100%| O|  |TAMS 0x000000008c000000, 0x000000008c100000| Untracked 
| 193|0x000000008c100000, 0x000000008c200000, 0x000000008c200000|100%| O|  |TAMS 0x000000008c100000, 0x000000008c200000| Untracked 
| 194|0x000000008c200000, 0x000000008c300000, 0x000000008c300000|100%| O|  |TAMS 0x000000008c200000, 0x000000008c300000| Untracked 
| 195|0x000000008c300000, 0x000000008c400000, 0x000000008c400000|100%| O|  |TAMS 0x000000008c300000, 0x000000008c400000| Untracked 
| 196|0x000000008c400000, 0x000000008c500000, 0x000000008c500000|100%| O|  |TAMS 0x000000008c400000, 0x000000008c500000| Untracked 
| 197|0x000000008c500000, 0x000000008c600000, 0x000000008c600000|100%| O|  |TAMS 0x000000008c500000, 0x000000008c600000| Untracked 
| 198|0x000000008c600000, 0x000000008c700000, 0x000000008c700000|100%| O|  |TAMS 0x000000008c600000, 0x000000008c700000| Untracked 
| 199|0x000000008c700000, 0x000000008c800000, 0x000000008c800000|100%| O|  |TAMS 0x000000008c700000, 0x000000008c800000| Untracked 
| 200|0x000000008c800000, 0x000000008c900000, 0x000000008c900000|100%| O|  |TAMS 0x000000008c800000, 0x000000008c900000| Untracked 
| 201|0x000000008c900000, 0x000000008ca00000, 0x000000008ca00000|100%| O|  |TAMS 0x000000008c900000, 0x000000008ca00000| Untracked 
| 202|0x000000008ca00000, 0x000000008cb00000, 0x000000008cb00000|100%| O|  |TAMS 0x000000008ca00000, 0x000000008cb00000| Untracked 
| 203|0x000000008cb00000, 0x000000008cc00000, 0x000000008cc00000|100%| O|  |TAMS 0x000000008cb00000, 0x000000008cc00000| Untracked 
| 204|0x000000008cc00000, 0x000000008cd00000, 0x000000008cd00000|100%| O|  |TAMS 0x000000008cc00000, 0x000000008cd00000| Untracked 
| 205|0x000000008cd00000, 0x000000008ce00000, 0x000000008ce00000|100%| O|  |TAMS 0x000000008cd00000, 0x000000008ce00000| Untracked 
| 206|0x000000008ce00000, 0x000000008cf00000, 0x000000008cf00000|100%| O|  |TAMS 0x000000008ce00000, 0x000000008cf00000| Untracked 
| 207|0x000000008cf00000, 0x000000008cf00000, 0x000000008d000000|  0%| F|  |TAMS 0x000000008cf00000, 0x000000008cf00000| Untracked 
| 208|0x000000008d000000, 0x000000008d000000, 0x000000008d100000|  0%| F|  |TAMS 0x000000008d000000, 0x000000008d000000| Untracked 
| 209|0x000000008d100000, 0x000000008d100000, 0x000000008d200000|  0%| F|  |TAMS 0x000000008d100000, 0x000000008d100000| Untracked 
| 210|0x000000008d200000, 0x000000008d200000, 0x000000008d300000|  0%| F|  |TAMS 0x000000008d200000, 0x000000008d200000| Untracked 
| 211|0x000000008d300000, 0x000000008d300000, 0x000000008d400000|  0%| F|  |TAMS 0x000000008d300000, 0x000000008d300000| Untracked 
| 212|0x000000008d400000, 0x000000008d400000, 0x000000008d500000|  0%| F|  |TAMS 0x000000008d400000, 0x000000008d400000| Untracked 
| 213|0x000000008d500000, 0x000000008d500000, 0x000000008d600000|  0%| F|  |TAMS 0x000000008d500000, 0x000000008d500000| Untracked 
| 214|0x000000008d600000, 0x000000008d600000, 0x000000008d700000|  0%| F|  |TAMS 0x000000008d600000, 0x000000008d600000| Untracked 
| 215|0x000000008d700000, 0x000000008d700000, 0x000000008d800000|  0%| F|  |TAMS 0x000000008d700000, 0x000000008d700000| Untracked 
| 216|0x000000008d800000, 0x000000008d800000, 0x000000008d900000|  0%| F|  |TAMS 0x000000008d800000, 0x000000008d800000| Untracked 
| 217|0x000000008d900000, 0x000000008d900000, 0x000000008da00000|  0%| F|  |TAMS 0x000000008d900000, 0x000000008d900000| Untracked 
| 218|0x000000008da00000, 0x000000008da00000, 0x000000008db00000|  0%| F|  |TAMS 0x000000008da00000, 0x000000008da00000| Untracked 
| 219|0x000000008db00000, 0x000000008db00000, 0x000000008dc00000|  0%| F|  |TAMS 0x000000008db00000, 0x000000008db00000| Untracked 
| 220|0x000000008dc00000, 0x000000008dc00000, 0x000000008dd00000|  0%| F|  |TAMS 0x000000008dc00000, 0x000000008dc00000| Untracked 
| 221|0x000000008dd00000, 0x000000008dd00000, 0x000000008de00000|  0%| F|  |TAMS 0x000000008dd00000, 0x000000008dd00000| Untracked 
| 222|0x000000008de00000, 0x000000008de00000, 0x000000008df00000|  0%| F|  |TAMS 0x000000008de00000, 0x000000008de00000| Untracked 
| 223|0x000000008df00000, 0x000000008df00000, 0x000000008e000000|  0%| F|  |TAMS 0x000000008df00000, 0x000000008df00000| Untracked 
| 224|0x000000008e000000, 0x000000008e000000, 0x000000008e100000|  0%| F|  |TAMS 0x000000008e000000, 0x000000008e000000| Untracked 
| 225|0x000000008e100000, 0x000000008e100000, 0x000000008e200000|  0%| F|  |TAMS 0x000000008e100000, 0x000000008e100000| Untracked 
| 226|0x000000008e200000, 0x000000008e200000, 0x000000008e300000|  0%| F|  |TAMS 0x000000008e200000, 0x000000008e200000| Untracked 
| 227|0x000000008e300000, 0x000000008e300000, 0x000000008e400000|  0%| F|  |TAMS 0x000000008e300000, 0x000000008e300000| Untracked 
| 228|0x000000008e400000, 0x000000008e400000, 0x000000008e500000|  0%| F|  |TAMS 0x000000008e400000, 0x000000008e400000| Untracked 
| 229|0x000000008e500000, 0x000000008e500000, 0x000000008e600000|  0%| F|  |TAMS 0x000000008e500000, 0x000000008e500000| Untracked 
| 230|0x000000008e600000, 0x000000008e600000, 0x000000008e700000|  0%| F|  |TAMS 0x000000008e600000, 0x000000008e600000| Untracked 
| 231|0x000000008e700000, 0x000000008e700000, 0x000000008e800000|  0%| F|  |TAMS 0x000000008e700000, 0x000000008e700000| Untracked 
| 232|0x000000008e800000, 0x000000008e800000, 0x000000008e900000|  0%| F|  |TAMS 0x000000008e800000, 0x000000008e800000| Untracked 
| 233|0x000000008e900000, 0x000000008e900000, 0x000000008ea00000|  0%| F|  |TAMS 0x000000008e900000, 0x000000008e900000| Untracked 
| 234|0x000000008ea00000, 0x000000008ea00000, 0x000000008eb00000|  0%| F|  |TAMS 0x000000008ea00000, 0x000000008ea00000| Untracked 
| 235|0x000000008eb00000, 0x000000008ec00000, 0x000000008ec00000|100%| O|  |TAMS 0x000000008eb00000, 0x000000008ec00000| Untracked 
| 236|0x000000008ec00000, 0x000000008ec00000, 0x000000008ed00000|  0%| F|  |TAMS 0x000000008ec00000, 0x000000008ec00000| Untracked 
| 237|0x000000008ed00000, 0x000000008ed00000, 0x000000008ee00000|  0%| F|  |TAMS 0x000000008ed00000, 0x000000008ed00000| Untracked 
| 238|0x000000008ee00000, 0x000000008ee00000, 0x000000008ef00000|  0%| F|  |TAMS 0x000000008ee00000, 0x000000008ee00000| Untracked 
| 239|0x000000008ef00000, 0x000000008ef00000, 0x000000008f000000|  0%| F|  |TAMS 0x000000008ef00000, 0x000000008ef00000| Untracked 
| 240|0x000000008f000000, 0x000000008f000000, 0x000000008f100000|  0%| F|  |TAMS 0x000000008f000000, 0x000000008f000000| Untracked 
| 241|0x000000008f100000, 0x000000008f100000, 0x000000008f200000|  0%| F|  |TAMS 0x000000008f100000, 0x000000008f100000| Untracked 
| 242|0x000000008f200000, 0x000000008f200000, 0x000000008f300000|  0%| F|  |TAMS 0x000000008f200000, 0x000000008f200000| Untracked 
| 243|0x000000008f300000, 0x000000008f300000, 0x000000008f400000|  0%| F|  |TAMS 0x000000008f300000, 0x000000008f300000| Untracked 
| 244|0x000000008f400000, 0x000000008f400000, 0x000000008f500000|  0%| F|  |TAMS 0x000000008f400000, 0x000000008f400000| Untracked 
| 245|0x000000008f500000, 0x000000008f500000, 0x000000008f600000|  0%| F|  |TAMS 0x000000008f500000, 0x000000008f500000| Untracked 
| 246|0x000000008f600000, 0x000000008f600000, 0x000000008f700000|  0%| F|  |TAMS 0x000000008f600000, 0x000000008f600000| Untracked 
| 247|0x000000008f700000, 0x000000008f700000, 0x000000008f800000|  0%| F|  |TAMS 0x000000008f700000, 0x000000008f700000| Untracked 
| 248|0x000000008f800000, 0x000000008f800000, 0x000000008f900000|  0%| F|  |TAMS 0x000000008f800000, 0x000000008f800000| Untracked 
| 249|0x000000008f900000, 0x000000008f900000, 0x000000008fa00000|  0%| F|  |TAMS 0x000000008f900000, 0x000000008f900000| Untracked 
| 250|0x000000008fa00000, 0x000000008fa00000, 0x000000008fb00000|  0%| F|  |TAMS 0x000000008fa00000, 0x000000008fa00000| Untracked 
| 251|0x000000008fb00000, 0x000000008fb00000, 0x000000008fc00000|  0%| F|  |TAMS 0x000000008fb00000, 0x000000008fb00000| Untracked 
| 252|0x000000008fc00000, 0x000000008fc00000, 0x000000008fd00000|  0%| F|  |TAMS 0x000000008fc00000, 0x000000008fc00000| Untracked 
| 253|0x000000008fd00000, 0x000000008fd00000, 0x000000008fe00000|  0%| F|  |TAMS 0x000000008fd00000, 0x000000008fd00000| Untracked 
| 254|0x000000008fe00000, 0x000000008fe00000, 0x000000008ff00000|  0%| F|  |TAMS 0x000000008fe00000, 0x000000008fe00000| Untracked 
| 255|0x000000008ff00000, 0x000000008ff00000, 0x0000000090000000|  0%| F|  |TAMS 0x000000008ff00000, 0x000000008ff00000| Untracked 
| 256|0x0000000090000000, 0x0000000090000000, 0x0000000090100000|  0%| F|  |TAMS 0x0000000090000000, 0x0000000090000000| Untracked 
| 257|0x0000000090100000, 0x0000000090100000, 0x0000000090200000|  0%| F|  |TAMS 0x0000000090100000, 0x0000000090100000| Untracked 
| 258|0x0000000090200000, 0x0000000090200000, 0x0000000090300000|  0%| F|  |TAMS 0x0000000090200000, 0x0000000090200000| Untracked 
| 259|0x0000000090300000, 0x0000000090300000, 0x0000000090400000|  0%| F|  |TAMS 0x0000000090300000, 0x0000000090300000| Untracked 
| 260|0x0000000090400000, 0x0000000090400000, 0x0000000090500000|  0%| F|  |TAMS 0x0000000090400000, 0x0000000090400000| Untracked 
| 261|0x0000000090500000, 0x0000000090500000, 0x0000000090600000|  0%| F|  |TAMS 0x0000000090500000, 0x0000000090500000| Untracked 
| 262|0x0000000090600000, 0x0000000090600000, 0x0000000090700000|  0%| F|  |TAMS 0x0000000090600000, 0x0000000090600000| Untracked 
| 263|0x0000000090700000, 0x0000000090700000, 0x0000000090800000|  0%| F|  |TAMS 0x0000000090700000, 0x0000000090700000| Untracked 
| 264|0x0000000090800000, 0x0000000090800000, 0x0000000090900000|  0%| F|  |TAMS 0x0000000090800000, 0x0000000090800000| Untracked 
| 265|0x0000000090900000, 0x0000000090900000, 0x0000000090a00000|  0%| F|  |TAMS 0x0000000090900000, 0x0000000090900000| Untracked 
| 266|0x0000000090a00000, 0x0000000090a00000, 0x0000000090b00000|  0%| F|  |TAMS 0x0000000090a00000, 0x0000000090a00000| Untracked 
| 267|0x0000000090b00000, 0x0000000090b00000, 0x0000000090c00000|  0%| F|  |TAMS 0x0000000090b00000, 0x0000000090b00000| Untracked 
| 268|0x0000000090c00000, 0x0000000090c00000, 0x0000000090d00000|  0%| F|  |TAMS 0x0000000090c00000, 0x0000000090c00000| Untracked 
| 269|0x0000000090d00000, 0x0000000090d00000, 0x0000000090e00000|  0%| F|  |TAMS 0x0000000090d00000, 0x0000000090d00000| Untracked 
| 270|0x0000000090e00000, 0x0000000090e00000, 0x0000000090f00000|  0%| F|  |TAMS 0x0000000090e00000, 0x0000000090e00000| Untracked 
| 271|0x0000000090f00000, 0x0000000090f00000, 0x0000000091000000|  0%| F|  |TAMS 0x0000000090f00000, 0x0000000090f00000| Untracked 
| 272|0x0000000091000000, 0x0000000091000000, 0x0000000091100000|  0%| F|  |TAMS 0x0000000091000000, 0x0000000091000000| Untracked 
| 273|0x0000000091100000, 0x0000000091100000, 0x0000000091200000|  0%| F|  |TAMS 0x0000000091100000, 0x0000000091100000| Untracked 
| 274|0x0000000091200000, 0x0000000091200000, 0x0000000091300000|  0%| F|  |TAMS 0x0000000091200000, 0x0000000091200000| Untracked 
| 275|0x0000000091300000, 0x0000000091300000, 0x0000000091400000|  0%| F|  |TAMS 0x0000000091300000, 0x0000000091300000| Untracked 
| 276|0x0000000091400000, 0x0000000091400000, 0x0000000091500000|  0%| F|  |TAMS 0x0000000091400000, 0x0000000091400000| Untracked 
| 277|0x0000000091500000, 0x0000000091500000, 0x0000000091600000|  0%| F|  |TAMS 0x0000000091500000, 0x0000000091500000| Untracked 
| 278|0x0000000091600000, 0x0000000091600000, 0x0000000091700000|  0%| F|  |TAMS 0x0000000091600000, 0x0000000091600000| Untracked 
| 279|0x0000000091700000, 0x0000000091700000, 0x0000000091800000|  0%| F|  |TAMS 0x0000000091700000, 0x0000000091700000| Untracked 
| 280|0x0000000091800000, 0x0000000091800000, 0x0000000091900000|  0%| F|  |TAMS 0x0000000091800000, 0x0000000091800000| Untracked 
| 281|0x0000000091900000, 0x0000000091900000, 0x0000000091a00000|  0%| F|  |TAMS 0x0000000091900000, 0x0000000091900000| Untracked 
| 282|0x0000000091a00000, 0x0000000091a00000, 0x0000000091b00000|  0%| F|  |TAMS 0x0000000091a00000, 0x0000000091a00000| Untracked 
| 283|0x0000000091b00000, 0x0000000091b00000, 0x0000000091c00000|  0%| F|  |TAMS 0x0000000091b00000, 0x0000000091b00000| Untracked 
| 284|0x0000000091c00000, 0x0000000091c00000, 0x0000000091d00000|  0%| F|  |TAMS 0x0000000091c00000, 0x0000000091c00000| Untracked 
| 285|0x0000000091d00000, 0x0000000091d00000, 0x0000000091e00000|  0%| F|  |TAMS 0x0000000091d00000, 0x0000000091d00000| Untracked 
| 286|0x0000000091e00000, 0x0000000091e00000, 0x0000000091f00000|  0%| F|  |TAMS 0x0000000091e00000, 0x0000000091e00000| Untracked 
| 287|0x0000000091f00000, 0x0000000091f00000, 0x0000000092000000|  0%| F|  |TAMS 0x0000000091f00000, 0x0000000091f00000| Untracked 
| 288|0x0000000092000000, 0x0000000092000000, 0x0000000092100000|  0%| F|  |TAMS 0x0000000092000000, 0x0000000092000000| Untracked 
| 289|0x0000000092100000, 0x0000000092100000, 0x0000000092200000|  0%| F|  |TAMS 0x0000000092100000, 0x0000000092100000| Untracked 
| 290|0x0000000092200000, 0x0000000092200000, 0x0000000092300000|  0%| F|  |TAMS 0x0000000092200000, 0x0000000092200000| Untracked 
| 291|0x0000000092300000, 0x0000000092300000, 0x0000000092400000|  0%| F|  |TAMS 0x0000000092300000, 0x0000000092300000| Untracked 
| 292|0x0000000092400000, 0x0000000092400000, 0x0000000092500000|  0%| F|  |TAMS 0x0000000092400000, 0x0000000092400000| Untracked 
| 293|0x0000000092500000, 0x0000000092500000, 0x0000000092600000|  0%| F|  |TAMS 0x0000000092500000, 0x0000000092500000| Untracked 
| 294|0x0000000092600000, 0x0000000092600000, 0x0000000092700000|  0%| F|  |TAMS 0x0000000092600000, 0x0000000092600000| Untracked 
| 295|0x0000000092700000, 0x0000000092700000, 0x0000000092800000|  0%| F|  |TAMS 0x0000000092700000, 0x0000000092700000| Untracked 
| 296|0x0000000092800000, 0x0000000092800000, 0x0000000092900000|  0%| F|  |TAMS 0x0000000092800000, 0x0000000092800000| Untracked 
| 297|0x0000000092900000, 0x0000000092900000, 0x0000000092a00000|  0%| F|  |TAMS 0x0000000092900000, 0x0000000092900000| Untracked 
| 298|0x0000000092a00000, 0x0000000092a00000, 0x0000000092b00000|  0%| F|  |TAMS 0x0000000092a00000, 0x0000000092a00000| Untracked 
| 299|0x0000000092b00000, 0x0000000092b00000, 0x0000000092c00000|  0%| F|  |TAMS 0x0000000092b00000, 0x0000000092b00000| Untracked 
| 300|0x0000000092c00000, 0x0000000092c00000, 0x0000000092d00000|  0%| F|  |TAMS 0x0000000092c00000, 0x0000000092c00000| Untracked 
| 301|0x0000000092d00000, 0x0000000092d00000, 0x0000000092e00000|  0%| F|  |TAMS 0x0000000092d00000, 0x0000000092d00000| Untracked 
| 302|0x0000000092e00000, 0x0000000092e00000, 0x0000000092f00000|  0%| F|  |TAMS 0x0000000092e00000, 0x0000000092e00000| Untracked 
| 303|0x0000000092f00000, 0x0000000092f00000, 0x0000000093000000|  0%| F|  |TAMS 0x0000000092f00000, 0x0000000092f00000| Untracked 
| 304|0x0000000093000000, 0x0000000093000000, 0x0000000093100000|  0%| F|  |TAMS 0x0000000093000000, 0x0000000093000000| Untracked 
| 305|0x0000000093100000, 0x0000000093100000, 0x0000000093200000|  0%| F|  |TAMS 0x0000000093100000, 0x0000000093100000| Untracked 
| 306|0x0000000093200000, 0x0000000093200000, 0x0000000093300000|  0%| F|  |TAMS 0x0000000093200000, 0x0000000093200000| Untracked 
| 307|0x0000000093300000, 0x0000000093300000, 0x0000000093400000|  0%| F|  |TAMS 0x0000000093300000, 0x0000000093300000| Untracked 
| 308|0x0000000093400000, 0x0000000093400000, 0x0000000093500000|  0%| F|  |TAMS 0x0000000093400000, 0x0000000093400000| Untracked 
| 309|0x0000000093500000, 0x0000000093500000, 0x0000000093600000|  0%| F|  |TAMS 0x0000000093500000, 0x0000000093500000| Untracked 
| 310|0x0000000093600000, 0x0000000093600000, 0x0000000093700000|  0%| F|  |TAMS 0x0000000093600000, 0x0000000093600000| Untracked 
| 311|0x0000000093700000, 0x0000000093700000, 0x0000000093800000|  0%| F|  |TAMS 0x0000000093700000, 0x0000000093700000| Untracked 
| 312|0x0000000093800000, 0x0000000093800000, 0x0000000093900000|  0%| F|  |TAMS 0x0000000093800000, 0x0000000093800000| Untracked 
| 313|0x0000000093900000, 0x0000000093900000, 0x0000000093a00000|  0%| F|  |TAMS 0x0000000093900000, 0x0000000093900000| Untracked 
| 314|0x0000000093a00000, 0x0000000093a00000, 0x0000000093b00000|  0%| F|  |TAMS 0x0000000093a00000, 0x0000000093a00000| Untracked 
| 315|0x0000000093b00000, 0x0000000093b00000, 0x0000000093c00000|  0%| F|  |TAMS 0x0000000093b00000, 0x0000000093b00000| Untracked 
| 316|0x0000000093c00000, 0x0000000093c00000, 0x0000000093d00000|  0%| F|  |TAMS 0x0000000093c00000, 0x0000000093c00000| Untracked 
| 317|0x0000000093d00000, 0x0000000093d00000, 0x0000000093e00000|  0%| F|  |TAMS 0x0000000093d00000, 0x0000000093d00000| Untracked 
| 318|0x0000000093e00000, 0x0000000093e00000, 0x0000000093f00000|  0%| F|  |TAMS 0x0000000093e00000, 0x0000000093e00000| Untracked 
| 319|0x0000000093f00000, 0x0000000093f00000, 0x0000000094000000|  0%| F|  |TAMS 0x0000000093f00000, 0x0000000093f00000| Untracked 
| 320|0x0000000094000000, 0x0000000094000000, 0x0000000094100000|  0%| F|  |TAMS 0x0000000094000000, 0x0000000094000000| Untracked 
| 321|0x0000000094100000, 0x0000000094100000, 0x0000000094200000|  0%| F|  |TAMS 0x0000000094100000, 0x0000000094100000| Untracked 
| 322|0x0000000094200000, 0x0000000094200000, 0x0000000094300000|  0%| F|  |TAMS 0x0000000094200000, 0x0000000094200000| Untracked 
| 323|0x0000000094300000, 0x0000000094300000, 0x0000000094400000|  0%| F|  |TAMS 0x0000000094300000, 0x0000000094300000| Untracked 
| 324|0x0000000094400000, 0x0000000094400000, 0x0000000094500000|  0%| F|  |TAMS 0x0000000094400000, 0x0000000094400000| Untracked 
| 325|0x0000000094500000, 0x0000000094500000, 0x0000000094600000|  0%| F|  |TAMS 0x0000000094500000, 0x0000000094500000| Untracked 
| 326|0x0000000094600000, 0x0000000094600000, 0x0000000094700000|  0%| F|  |TAMS 0x0000000094600000, 0x0000000094600000| Untracked 
| 327|0x0000000094700000, 0x0000000094700000, 0x0000000094800000|  0%| F|  |TAMS 0x0000000094700000, 0x0000000094700000| Untracked 
| 328|0x0000000094800000, 0x0000000094800000, 0x0000000094900000|  0%| F|  |TAMS 0x0000000094800000, 0x0000000094800000| Untracked 
| 329|0x0000000094900000, 0x0000000094900000, 0x0000000094a00000|  0%| F|  |TAMS 0x0000000094900000, 0x0000000094900000| Untracked 
| 330|0x0000000094a00000, 0x0000000094a00000, 0x0000000094b00000|  0%| F|  |TAMS 0x0000000094a00000, 0x0000000094a00000| Untracked 
| 331|0x0000000094b00000, 0x0000000094b00000, 0x0000000094c00000|  0%| F|  |TAMS 0x0000000094b00000, 0x0000000094b00000| Untracked 
| 332|0x0000000094c00000, 0x0000000094c00000, 0x0000000094d00000|  0%| F|  |TAMS 0x0000000094c00000, 0x0000000094c00000| Untracked 
| 333|0x0000000094d00000, 0x0000000094d00000, 0x0000000094e00000|  0%| F|  |TAMS 0x0000000094d00000, 0x0000000094d00000| Untracked 
| 334|0x0000000094e00000, 0x0000000094e00000, 0x0000000094f00000|  0%| F|  |TAMS 0x0000000094e00000, 0x0000000094e00000| Untracked 
| 335|0x0000000094f00000, 0x0000000094f00000, 0x0000000095000000|  0%| F|  |TAMS 0x0000000094f00000, 0x0000000094f00000| Untracked 
| 336|0x0000000095000000, 0x0000000095000000, 0x0000000095100000|  0%| F|  |TAMS 0x0000000095000000, 0x0000000095000000| Untracked 
| 337|0x0000000095100000, 0x0000000095100000, 0x0000000095200000|  0%| F|  |TAMS 0x0000000095100000, 0x0000000095100000| Untracked 
| 338|0x0000000095200000, 0x0000000095200000, 0x0000000095300000|  0%| F|  |TAMS 0x0000000095200000, 0x0000000095200000| Untracked 
| 339|0x0000000095300000, 0x0000000095300000, 0x0000000095400000|  0%| F|  |TAMS 0x0000000095300000, 0x0000000095300000| Untracked 
| 340|0x0000000095400000, 0x0000000095400000, 0x0000000095500000|  0%| F|  |TAMS 0x0000000095400000, 0x0000000095400000| Untracked 
| 341|0x0000000095500000, 0x0000000095500000, 0x0000000095600000|  0%| F|  |TAMS 0x0000000095500000, 0x0000000095500000| Untracked 
| 342|0x0000000095600000, 0x0000000095600000, 0x0000000095700000|  0%| F|  |TAMS 0x0000000095600000, 0x0000000095600000| Untracked 
| 343|0x0000000095700000, 0x0000000095700000, 0x0000000095800000|  0%| F|  |TAMS 0x0000000095700000, 0x0000000095700000| Untracked 
| 344|0x0000000095800000, 0x0000000095800000, 0x0000000095900000|  0%| F|  |TAMS 0x0000000095800000, 0x0000000095800000| Untracked 
| 345|0x0000000095900000, 0x0000000095900000, 0x0000000095a00000|  0%| F|  |TAMS 0x0000000095900000, 0x0000000095900000| Untracked 
| 346|0x0000000095a00000, 0x0000000095a00000, 0x0000000095b00000|  0%| F|  |TAMS 0x0000000095a00000, 0x0000000095a00000| Untracked 
| 347|0x0000000095b00000, 0x0000000095b00000, 0x0000000095c00000|  0%| F|  |TAMS 0x0000000095b00000, 0x0000000095b00000| Untracked 
| 348|0x0000000095c00000, 0x0000000095c00000, 0x0000000095d00000|  0%| F|  |TAMS 0x0000000095c00000, 0x0000000095c00000| Untracked 
| 349|0x0000000095d00000, 0x0000000095d00000, 0x0000000095e00000|  0%| F|  |TAMS 0x0000000095d00000, 0x0000000095d00000| Untracked 
| 350|0x0000000095e00000, 0x0000000095e00000, 0x0000000095f00000|  0%| F|  |TAMS 0x0000000095e00000, 0x0000000095e00000| Untracked 
| 351|0x0000000095f00000, 0x0000000095f00000, 0x0000000096000000|  0%| F|  |TAMS 0x0000000095f00000, 0x0000000095f00000| Untracked 
| 352|0x0000000096000000, 0x0000000096000000, 0x0000000096100000|  0%| F|  |TAMS 0x0000000096000000, 0x0000000096000000| Untracked 
| 353|0x0000000096100000, 0x0000000096100000, 0x0000000096200000|  0%| F|  |TAMS 0x0000000096100000, 0x0000000096100000| Untracked 
| 354|0x0000000096200000, 0x0000000096200000, 0x0000000096300000|  0%| F|  |TAMS 0x0000000096200000, 0x0000000096200000| Untracked 
| 355|0x0000000096300000, 0x0000000096300000, 0x0000000096400000|  0%| F|  |TAMS 0x0000000096300000, 0x0000000096300000| Untracked 
| 356|0x0000000096400000, 0x0000000096400000, 0x0000000096500000|  0%| F|  |TAMS 0x0000000096400000, 0x0000000096400000| Untracked 
| 357|0x0000000096500000, 0x0000000096500000, 0x0000000096600000|  0%| F|  |TAMS 0x0000000096500000, 0x0000000096500000| Untracked 
| 358|0x0000000096600000, 0x0000000096600000, 0x0000000096700000|  0%| F|  |TAMS 0x0000000096600000, 0x0000000096600000| Untracked 
| 359|0x0000000096700000, 0x0000000096700000, 0x0000000096800000|  0%| F|  |TAMS 0x0000000096700000, 0x0000000096700000| Untracked 
| 360|0x0000000096800000, 0x0000000096800000, 0x0000000096900000|  0%| F|  |TAMS 0x0000000096800000, 0x0000000096800000| Untracked 
| 361|0x0000000096900000, 0x0000000096900000, 0x0000000096a00000|  0%| F|  |TAMS 0x0000000096900000, 0x0000000096900000| Untracked 
| 362|0x0000000096a00000, 0x0000000096a00000, 0x0000000096b00000|  0%| F|  |TAMS 0x0000000096a00000, 0x0000000096a00000| Untracked 
| 363|0x0000000096b00000, 0x0000000096b00000, 0x0000000096c00000|  0%| F|  |TAMS 0x0000000096b00000, 0x0000000096b00000| Untracked 
| 364|0x0000000096c00000, 0x0000000096c00000, 0x0000000096d00000|  0%| F|  |TAMS 0x0000000096c00000, 0x0000000096c00000| Untracked 
| 365|0x0000000096d00000, 0x0000000096d00000, 0x0000000096e00000|  0%| F|  |TAMS 0x0000000096d00000, 0x0000000096d00000| Untracked 
| 366|0x0000000096e00000, 0x0000000096e00000, 0x0000000096f00000|  0%| F|  |TAMS 0x0000000096e00000, 0x0000000096e00000| Untracked 
| 367|0x0000000096f00000, 0x0000000096f00000, 0x0000000097000000|  0%| F|  |TAMS 0x0000000096f00000, 0x0000000096f00000| Untracked 
| 368|0x0000000097000000, 0x0000000097000000, 0x0000000097100000|  0%| F|  |TAMS 0x0000000097000000, 0x0000000097000000| Untracked 
| 369|0x0000000097100000, 0x0000000097100000, 0x0000000097200000|  0%| F|  |TAMS 0x0000000097100000, 0x0000000097100000| Untracked 
| 370|0x0000000097200000, 0x0000000097200000, 0x0000000097300000|  0%| F|  |TAMS 0x0000000097200000, 0x0000000097200000| Untracked 
| 371|0x0000000097300000, 0x0000000097300000, 0x0000000097400000|  0%| F|  |TAMS 0x0000000097300000, 0x0000000097300000| Untracked 
| 372|0x0000000097400000, 0x0000000097400000, 0x0000000097500000|  0%| F|  |TAMS 0x0000000097400000, 0x0000000097400000| Untracked 
| 373|0x0000000097500000, 0x0000000097500000, 0x0000000097600000|  0%| F|  |TAMS 0x0000000097500000, 0x0000000097500000| Untracked 
| 374|0x0000000097600000, 0x0000000097600000, 0x0000000097700000|  0%| F|  |TAMS 0x0000000097600000, 0x0000000097600000| Untracked 
| 375|0x0000000097700000, 0x0000000097700000, 0x0000000097800000|  0%| F|  |TAMS 0x0000000097700000, 0x0000000097700000| Untracked 
| 376|0x0000000097800000, 0x0000000097800000, 0x0000000097900000|  0%| F|  |TAMS 0x0000000097800000, 0x0000000097800000| Untracked 
| 377|0x0000000097900000, 0x0000000097900000, 0x0000000097a00000|  0%| F|  |TAMS 0x0000000097900000, 0x0000000097900000| Untracked 
| 378|0x0000000097a00000, 0x0000000097a00000, 0x0000000097b00000|  0%| F|  |TAMS 0x0000000097a00000, 0x0000000097a00000| Untracked 
| 379|0x0000000097b00000, 0x0000000097b00000, 0x0000000097c00000|  0%| F|  |TAMS 0x0000000097b00000, 0x0000000097b00000| Untracked 
| 380|0x0000000097c00000, 0x0000000097c00000, 0x0000000097d00000|  0%| F|  |TAMS 0x0000000097c00000, 0x0000000097c00000| Untracked 
| 381|0x0000000097d00000, 0x0000000097d00000, 0x0000000097e00000|  0%| F|  |TAMS 0x0000000097d00000, 0x0000000097d00000| Untracked 
| 382|0x0000000097e00000, 0x0000000097e00000, 0x0000000097f00000|  0%| F|  |TAMS 0x0000000097e00000, 0x0000000097e00000| Untracked 
| 383|0x0000000097f00000, 0x0000000097f00000, 0x0000000098000000|  0%| F|  |TAMS 0x0000000097f00000, 0x0000000097f00000| Untracked 
| 384|0x0000000098000000, 0x0000000098000000, 0x0000000098100000|  0%| F|  |TAMS 0x0000000098000000, 0x0000000098000000| Untracked 
| 385|0x0000000098100000, 0x0000000098100000, 0x0000000098200000|  0%| F|  |TAMS 0x0000000098100000, 0x0000000098100000| Untracked 
| 386|0x0000000098200000, 0x0000000098200000, 0x0000000098300000|  0%| F|  |TAMS 0x0000000098200000, 0x0000000098200000| Untracked 
| 387|0x0000000098300000, 0x0000000098300000, 0x0000000098400000|  0%| F|  |TAMS 0x0000000098300000, 0x0000000098300000| Untracked 
| 388|0x0000000098400000, 0x0000000098400000, 0x0000000098500000|  0%| F|  |TAMS 0x0000000098400000, 0x0000000098400000| Untracked 
| 389|0x0000000098500000, 0x0000000098500000, 0x0000000098600000|  0%| F|  |TAMS 0x0000000098500000, 0x0000000098500000| Untracked 
| 390|0x0000000098600000, 0x0000000098600000, 0x0000000098700000|  0%| F|  |TAMS 0x0000000098600000, 0x0000000098600000| Untracked 
| 391|0x0000000098700000, 0x0000000098700000, 0x0000000098800000|  0%| F|  |TAMS 0x0000000098700000, 0x0000000098700000| Untracked 
| 392|0x0000000098800000, 0x0000000098800000, 0x0000000098900000|  0%| F|  |TAMS 0x0000000098800000, 0x0000000098800000| Untracked 
| 393|0x0000000098900000, 0x0000000098900000, 0x0000000098a00000|  0%| F|  |TAMS 0x0000000098900000, 0x0000000098900000| Untracked 
| 394|0x0000000098a00000, 0x0000000098a00000, 0x0000000098b00000|  0%| F|  |TAMS 0x0000000098a00000, 0x0000000098a00000| Untracked 
| 395|0x0000000098b00000, 0x0000000098b00000, 0x0000000098c00000|  0%| F|  |TAMS 0x0000000098b00000, 0x0000000098b00000| Untracked 
| 396|0x0000000098c00000, 0x0000000098caa210, 0x0000000098d00000| 66%| S|CS|TAMS 0x0000000098c00000, 0x0000000098c00000| Complete 
| 397|0x0000000098d00000, 0x0000000098e00000, 0x0000000098e00000|100%| S|CS|TAMS 0x0000000098d00000, 0x0000000098d00000| Complete 
| 398|0x0000000098e00000, 0x0000000098f00000, 0x0000000098f00000|100%| S|CS|TAMS 0x0000000098e00000, 0x0000000098e00000| Complete 
| 399|0x0000000098f00000, 0x0000000099000000, 0x0000000099000000|100%| S|CS|TAMS 0x0000000098f00000, 0x0000000098f00000| Complete 
| 400|0x0000000099000000, 0x0000000099100000, 0x0000000099100000|100%| S|CS|TAMS 0x0000000099000000, 0x0000000099000000| Complete 
| 401|0x0000000099100000, 0x0000000099200000, 0x0000000099200000|100%| S|CS|TAMS 0x0000000099100000, 0x0000000099100000| Complete 
| 402|0x0000000099200000, 0x0000000099200000, 0x0000000099300000|  0%| F|  |TAMS 0x0000000099200000, 0x0000000099200000| Untracked 
| 403|0x0000000099300000, 0x0000000099300000, 0x0000000099400000|  0%| F|  |TAMS 0x0000000099300000, 0x0000000099300000| Untracked 
| 404|0x0000000099400000, 0x0000000099400000, 0x0000000099500000|  0%| F|  |TAMS 0x0000000099400000, 0x0000000099400000| Untracked 
| 405|0x0000000099500000, 0x0000000099500000, 0x0000000099600000|  0%| F|  |TAMS 0x0000000099500000, 0x0000000099500000| Untracked 
| 406|0x0000000099600000, 0x0000000099600000, 0x0000000099700000|  0%| F|  |TAMS 0x0000000099600000, 0x0000000099600000| Untracked 
| 407|0x0000000099700000, 0x0000000099700000, 0x0000000099800000|  0%| F|  |TAMS 0x0000000099700000, 0x0000000099700000| Untracked 
| 408|0x0000000099800000, 0x0000000099800000, 0x0000000099900000|  0%| F|  |TAMS 0x0000000099800000, 0x0000000099800000| Untracked 
| 409|0x0000000099900000, 0x0000000099900000, 0x0000000099a00000|  0%| F|  |TAMS 0x0000000099900000, 0x0000000099900000| Untracked 
| 410|0x0000000099a00000, 0x0000000099a00000, 0x0000000099b00000|  0%| F|  |TAMS 0x0000000099a00000, 0x0000000099a00000| Untracked 
| 411|0x0000000099b00000, 0x0000000099b00000, 0x0000000099c00000|  0%| F|  |TAMS 0x0000000099b00000, 0x0000000099b00000| Untracked 
| 412|0x0000000099c00000, 0x0000000099c00000, 0x0000000099d00000|  0%| F|  |TAMS 0x0000000099c00000, 0x0000000099c00000| Untracked 
| 413|0x0000000099d00000, 0x0000000099d00000, 0x0000000099e00000|  0%| F|  |TAMS 0x0000000099d00000, 0x0000000099d00000| Untracked 
| 414|0x0000000099e00000, 0x0000000099e00000, 0x0000000099f00000|  0%| F|  |TAMS 0x0000000099e00000, 0x0000000099e00000| Untracked 
| 415|0x0000000099f00000, 0x0000000099f00000, 0x000000009a000000|  0%| F|  |TAMS 0x0000000099f00000, 0x0000000099f00000| Untracked 
| 416|0x000000009a000000, 0x000000009a000000, 0x000000009a100000|  0%| F|  |TAMS 0x000000009a000000, 0x000000009a000000| Untracked 
| 417|0x000000009a100000, 0x000000009a100000, 0x000000009a200000|  0%| F|  |TAMS 0x000000009a100000, 0x000000009a100000| Untracked 
| 418|0x000000009a200000, 0x000000009a200000, 0x000000009a300000|  0%| F|  |TAMS 0x000000009a200000, 0x000000009a200000| Untracked 
| 419|0x000000009a300000, 0x000000009a300000, 0x000000009a400000|  0%| F|  |TAMS 0x000000009a300000, 0x000000009a300000| Untracked 
| 420|0x000000009a400000, 0x000000009a400000, 0x000000009a500000|  0%| F|  |TAMS 0x000000009a400000, 0x000000009a400000| Untracked 
| 421|0x000000009a500000, 0x000000009a500000, 0x000000009a600000|  0%| F|  |TAMS 0x000000009a500000, 0x000000009a500000| Untracked 
| 422|0x000000009a600000, 0x000000009a600000, 0x000000009a700000|  0%| F|  |TAMS 0x000000009a600000, 0x000000009a600000| Untracked 
| 423|0x000000009a700000, 0x000000009a700000, 0x000000009a800000|  0%| F|  |TAMS 0x000000009a700000, 0x000000009a700000| Untracked 
| 424|0x000000009a800000, 0x000000009a800000, 0x000000009a900000|  0%| F|  |TAMS 0x000000009a800000, 0x000000009a800000| Untracked 
| 425|0x000000009a900000, 0x000000009a900000, 0x000000009aa00000|  0%| F|  |TAMS 0x000000009a900000, 0x000000009a900000| Untracked 
| 426|0x000000009aa00000, 0x000000009aa00000, 0x000000009ab00000|  0%| F|  |TAMS 0x000000009aa00000, 0x000000009aa00000| Untracked 
| 427|0x000000009ab00000, 0x000000009ab00000, 0x000000009ac00000|  0%| F|  |TAMS 0x000000009ab00000, 0x000000009ab00000| Untracked 
| 428|0x000000009ac00000, 0x000000009ac00000, 0x000000009ad00000|  0%| F|  |TAMS 0x000000009ac00000, 0x000000009ac00000| Untracked 
| 429|0x000000009ad00000, 0x000000009ad00000, 0x000000009ae00000|  0%| F|  |TAMS 0x000000009ad00000, 0x000000009ad00000| Untracked 
| 430|0x000000009ae00000, 0x000000009ae00000, 0x000000009af00000|  0%| F|  |TAMS 0x000000009ae00000, 0x000000009ae00000| Untracked 
| 431|0x000000009af00000, 0x000000009af00000, 0x000000009b000000|  0%| F|  |TAMS 0x000000009af00000, 0x000000009af00000| Untracked 
| 432|0x000000009b000000, 0x000000009b000000, 0x000000009b100000|  0%| F|  |TAMS 0x000000009b000000, 0x000000009b000000| Untracked 
| 433|0x000000009b100000, 0x000000009b100000, 0x000000009b200000|  0%| F|  |TAMS 0x000000009b100000, 0x000000009b100000| Untracked 
| 434|0x000000009b200000, 0x000000009b200000, 0x000000009b300000|  0%| F|  |TAMS 0x000000009b200000, 0x000000009b200000| Untracked 
| 435|0x000000009b300000, 0x000000009b300000, 0x000000009b400000|  0%| F|  |TAMS 0x000000009b300000, 0x000000009b300000| Untracked 
| 436|0x000000009b400000, 0x000000009b400000, 0x000000009b500000|  0%| F|  |TAMS 0x000000009b400000, 0x000000009b400000| Untracked 
| 437|0x000000009b500000, 0x000000009b500000, 0x000000009b600000|  0%| F|  |TAMS 0x000000009b500000, 0x000000009b500000| Untracked 
| 438|0x000000009b600000, 0x000000009b600000, 0x000000009b700000|  0%| F|  |TAMS 0x000000009b600000, 0x000000009b600000| Untracked 
| 439|0x000000009b700000, 0x000000009b700000, 0x000000009b800000|  0%| F|  |TAMS 0x000000009b700000, 0x000000009b700000| Untracked 
| 440|0x000000009b800000, 0x000000009b800000, 0x000000009b900000|  0%| F|  |TAMS 0x000000009b800000, 0x000000009b800000| Untracked 
| 441|0x000000009b900000, 0x000000009b900000, 0x000000009ba00000|  0%| F|  |TAMS 0x000000009b900000, 0x000000009b900000| Untracked 
| 442|0x000000009ba00000, 0x000000009ba00000, 0x000000009bb00000|  0%| F|  |TAMS 0x000000009ba00000, 0x000000009ba00000| Untracked 
| 443|0x000000009bb00000, 0x000000009bb00000, 0x000000009bc00000|  0%| F|  |TAMS 0x000000009bb00000, 0x000000009bb00000| Untracked 
| 444|0x000000009bc00000, 0x000000009bc00000, 0x000000009bd00000|  0%| F|  |TAMS 0x000000009bc00000, 0x000000009bc00000| Untracked 
| 445|0x000000009bd00000, 0x000000009bd00000, 0x000000009be00000|  0%| F|  |TAMS 0x000000009bd00000, 0x000000009bd00000| Untracked 
| 446|0x000000009be00000, 0x000000009be00000, 0x000000009bf00000|  0%| F|  |TAMS 0x000000009be00000, 0x000000009be00000| Untracked 
| 447|0x000000009bf00000, 0x000000009bf00000, 0x000000009c000000|  0%| F|  |TAMS 0x000000009bf00000, 0x000000009bf00000| Untracked 
| 448|0x000000009c000000, 0x000000009c000000, 0x000000009c100000|  0%| F|  |TAMS 0x000000009c000000, 0x000000009c000000| Untracked 
| 449|0x000000009c100000, 0x000000009c100000, 0x000000009c200000|  0%| F|  |TAMS 0x000000009c100000, 0x000000009c100000| Untracked 
| 450|0x000000009c200000, 0x000000009c200000, 0x000000009c300000|  0%| F|  |TAMS 0x000000009c200000, 0x000000009c200000| Untracked 
| 451|0x000000009c300000, 0x000000009c300000, 0x000000009c400000|  0%| F|  |TAMS 0x000000009c300000, 0x000000009c300000| Untracked 
|2043|0x00000000ffb00000, 0x00000000ffc00000, 0x00000000ffc00000|100%| O|  |TAMS 0x00000000ffb00000, 0x00000000ffc00000| Untracked 
|2044|0x00000000ffc00000, 0x00000000ffd00000, 0x00000000ffd00000|100%| O|  |TAMS 0x00000000ffc00000, 0x00000000ffd00000| Untracked 
|2045|0x00000000ffd00000, 0x00000000ffe00000, 0x00000000ffe00000|100%| O|  |TAMS 0x00000000ffd00000, 0x00000000ffe00000| Untracked 
|2046|0x00000000ffe00000, 0x00000000ffe00000, 0x00000000fff00000|  0%| F|  |TAMS 0x00000000ffe00000, 0x00000000ffe00000| Untracked 
|2047|0x00000000fff00000, 0x00000000fff00000, 0x0000000100000000|  0%| F|  |TAMS 0x00000000fff00000, 0x00000000fff00000| Untracked 

Card table byte_map: [0x0000021b29ac0000,0x0000021b29ec0000] _byte_map_base: 0x0000021b296c0000

Marking Bits (Prev, Next): (CMBitMap*) 0x0000021b10c05080, (CMBitMap*) 0x0000021b10c050c0
 Prev Bits: [0x0000021b2a2c0000, 0x0000021b2c2c0000)
 Next Bits: [0x0000021b2c2c0000, 0x0000021b2e2c0000)

Polling page: 0x0000021b10c70000

Metaspace:

Usage:
  Non-class:    123.35 MB used.
      Class:     19.18 MB used.
       Both:    142.53 MB used.

Virtual space:
  Non-class space:      128.00 MB reserved,     124.38 MB ( 97%) committed,  2 nodes.
      Class space:        1.00 GB reserved,      20.19 MB (  2%) committed,  1 nodes.
             Both:        1.12 GB reserved,     144.56 MB ( 13%) committed. 

Chunk freelists:
   Non-Class:  3.44 MB
       Class:  11.70 MB
        Both:  15.14 MB

MaxMetaspaceSize: unlimited
CompressedClassSpaceSize: 1.00 GB
Initial GC threshold: 21.00 MB
Current GC threshold: 238.06 MB
CDS: on
MetaspaceReclaimPolicy: balanced
 - commit_granule_bytes: 65536.
 - commit_granule_words: 8192.
 - virtual_space_node_default_size: 8388608.
 - enlarge_chunks_in_place: 1.
 - new_chunks_are_fully_committed: 0.
 - uncommit_free_chunks: 1.
 - use_allocation_guard: 0.
 - handle_deallocations: 1.


Internal statistics:

num_allocs_failed_limit: 6.
num_arena_births: 4506.
num_arena_deaths: 574.
num_vsnodes_births: 3.
num_vsnodes_deaths: 0.
num_space_committed: 2317.
num_space_uncommitted: 6.
num_chunks_returned_to_freelist: 824.
num_chunks_taken_from_freelist: 11635.
num_chunk_merges: 285.
num_chunk_splits: 6827.
num_chunks_enlarged: 3636.
num_inconsistent_stats: 0.

CodeHeap 'non-profiled nmethods': size=120000Kb used=28053Kb max_used=28053Kb free=91946Kb
 bounds [0x0000021b21730000, 0x0000021b232a0000, 0x0000021b28c60000]
CodeHeap 'profiled nmethods': size=120000Kb used=54951Kb max_used=54951Kb free=65048Kb
 bounds [0x0000021b19c60000, 0x0000021b1d210000, 0x0000021b21190000]
CodeHeap 'non-nmethods': size=5760Kb used=1823Kb max_used=1898Kb free=3937Kb
 bounds [0x0000021b21190000, 0x0000021b21400000, 0x0000021b21730000]
 total_blobs=29923 nmethods=29013 adapters=820
 compilation: enabled
              stopped_count=0, restarted_count=0
 full_count=0

Compilation events (20 events):
Event: 4690.451 Thread 0x0000021b30a6c010 38779       2       com.android.tools.r8.internal.Rm::a (1 bytes)
Event: 4690.451 Thread 0x0000021b30a6c010 nmethod 38779 0x0000021b1d206b90 code [0x0000021b1d206d20, 0x0000021b1d206e18]
Event: 4690.465 Thread 0x0000021b30a6c010 38785       2       com.android.tools.r8.internal.Po::a (1 bytes)
Event: 4690.465 Thread 0x0000021b30a6c010 nmethod 38785 0x0000021b1d206e90 code [0x0000021b1d207020, 0x0000021b1d207118]
Event: 4690.479 Thread 0x0000021b30a6c010 38787       2       com.android.tools.r8.internal.Mo::a (21 bytes)
Event: 4690.479 Thread 0x0000021b30a6c010 nmethod 38787 0x0000021b1d207190 code [0x0000021b1d207360, 0x0000021b1d207598]
Event: 4690.479 Thread 0x0000021b30a6c010 38788       2       com.android.tools.r8.internal.xo::a (1 bytes)
Event: 4690.480 Thread 0x0000021b30a6c010 nmethod 38788 0x0000021b1d207790 code [0x0000021b1d207920, 0x0000021b1d207a18]
Event: 4690.509 Thread 0x0000021b30a6c010 38792       2       com.android.tools.r8.internal.aq::O (4 bytes)
Event: 4690.510 Thread 0x0000021b30a6c010 nmethod 38792 0x0000021b1d207a90 code [0x0000021b1d207c20, 0x0000021b1d207d38]
Event: 4690.510 Thread 0x0000021b30a6c010 38793       3       com.android.tools.r8.graph.R2$l::a (13 bytes)
Event: 4690.511 Thread 0x0000021b30a6c010 nmethod 38793 0x0000021b1d207e10 code [0x0000021b1d208000, 0x0000021b1d208568]
Event: 4690.528 Thread 0x0000021b30a6c010 38796       2       com.android.tools.r8.internal.ho::O (8 bytes)
Event: 4690.529 Thread 0x0000021b30a6c010 nmethod 38796 0x0000021b1d208790 code [0x0000021b1d208920, 0x0000021b1d208a58]
Event: 4690.529 Thread 0x0000021b30a6c010 38797       2       com.android.tools.r8.internal.ho::a (18 bytes)
Event: 4690.530 Thread 0x0000021b30a6c010 nmethod 38797 0x0000021b1d208b10 code [0x0000021b1d208ce0, 0x0000021b1d208f18]
Event: 4690.535 Thread 0x0000021b30a6c010 38798       3       com.android.tools.r8.dex.q0::a (56 bytes)
Event: 4690.536 Thread 0x0000021b30a6c010 nmethod 38798 0x0000021b1d209110 code [0x0000021b1d2092e0, 0x0000021b1d209758]
Event: 4690.538 Thread 0x0000021b30a6c010 38799       2       com.android.tools.r8.internal.Gq::a (1 bytes)
Event: 4690.538 Thread 0x0000021b30a6c010 nmethod 38799 0x0000021b1d209a10 code [0x0000021b1d209ba0, 0x0000021b1d209c98]

GC Heap History (20 events):
Event: 4583.645 GC heap after
{Heap after GC invocations=136 (full 0):
 garbage-first heap   total 485376K, used 126517K [0x0000000080000000, 0x0000000100000000)
  region size 1024K, 3 young (3072K), 3 survivors (3072K)
 Metaspace       used 142431K, committed 144384K, reserved 1179648K
  class space    used 19237K, committed 20224K, reserved 1048576K
}
Event: 4583.746 GC heap before
{Heap before GC invocations=136 (full 0):
 garbage-first heap   total 485376K, used 164405K [0x0000000080000000, 0x0000000100000000)
  region size 1024K, 41 young (41984K), 3 survivors (3072K)
 Metaspace       used 142431K, committed 144384K, reserved 1179648K
  class space    used 19237K, committed 20224K, reserved 1048576K
}
Event: 4583.757 GC heap after
{Heap after GC invocations=137 (full 0):
 garbage-first heap   total 485376K, used 148280K [0x0000000080000000, 0x0000000100000000)
  region size 1024K, 27 young (27648K), 27 survivors (27648K)
 Metaspace       used 142431K, committed 144384K, reserved 1179648K
  class space    used 19237K, committed 20224K, reserved 1048576K
}
Event: 4684.574 GC heap before
{Heap before GC invocations=138 (full 0):
 garbage-first heap   total 485376K, used 330552K [0x0000000080000000, 0x0000000100000000)
  region size 1024K, 176 young (180224K), 27 survivors (27648K)
 Metaspace       used 142503K, committed 144448K, reserved 1179648K
  class space    used 19239K, committed 20224K, reserved 1048576K
}
Event: 4684.580 GC heap after
{Heap after GC invocations=139 (full 0):
 garbage-first heap   total 485376K, used 128195K [0x0000000080000000, 0x0000000100000000)
  region size 1024K, 5 young (5120K), 5 survivors (5120K)
 Metaspace       used 142503K, committed 144448K, reserved 1179648K
  class space    used 19239K, committed 20224K, reserved 1048576K
}
Event: 4684.608 GC heap before
{Heap before GC invocations=139 (full 0):
 garbage-first heap   total 485376K, used 146627K [0x0000000080000000, 0x0000000100000000)
  region size 1024K, 23 young (23552K), 5 survivors (5120K)
 Metaspace       used 142503K, committed 144448K, reserved 1179648K
  class space    used 19239K, committed 20224K, reserved 1048576K
}
Event: 4684.613 GC heap after
{Heap after GC invocations=140 (full 0):
 garbage-first heap   total 485376K, used 118312K [0x0000000080000000, 0x0000000100000000)
  region size 1024K, 1 young (1024K), 1 survivors (1024K)
 Metaspace       used 142503K, committed 144448K, reserved 1179648K
  class space    used 19239K, committed 20224K, reserved 1048576K
}
Event: 4685.371 GC heap before
{Heap before GC invocations=140 (full 0):
 garbage-first heap   total 485376K, used 196136K [0x0000000080000000, 0x0000000100000000)
  region size 1024K, 79 young (80896K), 1 survivors (1024K)
 Metaspace       used 142750K, committed 144768K, reserved 1179648K
  class space    used 19270K, committed 20288K, reserved 1048576K
}
Event: 4685.381 GC heap after
{Heap after GC invocations=141 (full 0):
 garbage-first heap   total 485376K, used 132810K [0x0000000080000000, 0x0000000100000000)
  region size 1024K, 16 young (16384K), 16 survivors (16384K)
 Metaspace       used 142750K, committed 144768K, reserved 1179648K
  class space    used 19270K, committed 20288K, reserved 1048576K
}
Event: 4686.316 GC heap before
{Heap before GC invocations=142 (full 0):
 garbage-first heap   total 485376K, used 351946K [0x0000000080000000, 0x0000000100000000)
  region size 1024K, 197 young (201728K), 16 survivors (16384K)
 Metaspace       used 142834K, committed 144832K, reserved 1179648K
  class space    used 19272K, committed 20288K, reserved 1048576K
}
Event: 4686.327 GC heap after
{Heap after GC invocations=143 (full 0):
 garbage-first heap   total 485376K, used 133957K [0x0000000080000000, 0x0000000100000000)
  region size 1024K, 10 young (10240K), 10 survivors (10240K)
 Metaspace       used 142834K, committed 144832K, reserved 1179648K
  class space    used 19272K, committed 20288K, reserved 1048576K
}
Event: 4686.386 GC heap before
{Heap before GC invocations=143 (full 0):
 garbage-first heap   total 485376K, used 147269K [0x0000000080000000, 0x0000000100000000)
  region size 1024K, 23 young (23552K), 10 survivors (10240K)
 Metaspace       used 142834K, committed 144832K, reserved 1179648K
  class space    used 19272K, committed 20288K, reserved 1048576K
}
Event: 4686.394 GC heap after
{Heap after GC invocations=144 (full 0):
 garbage-first heap   total 485376K, used 123934K [0x0000000080000000, 0x0000000100000000)
  region size 1024K, 2 young (2048K), 2 survivors (2048K)
 Metaspace       used 142834K, committed 144832K, reserved 1179648K
  class space    used 19272K, committed 20288K, reserved 1048576K
}
Event: 4688.020 GC heap before
{Heap before GC invocations=144 (full 0):
 garbage-first heap   total 485376K, used 274462K [0x0000000080000000, 0x0000000100000000)
  region size 1024K, 150 young (153600K), 2 survivors (2048K)
 Metaspace       used 144106K, committed 146176K, reserved 1179648K
  class space    used 19441K, committed 20480K, reserved 1048576K
}
Event: 4688.029 GC heap after
{Heap after GC invocations=145 (full 0):
 garbage-first heap   total 485376K, used 133472K [0x0000000080000000, 0x0000000100000000)
  region size 1024K, 12 young (12288K), 12 survivors (12288K)
 Metaspace       used 144106K, committed 146176K, reserved 1179648K
  class space    used 19441K, committed 20480K, reserved 1048576K
}
Event: 4689.672 GC heap before
{Heap before GC invocations=146 (full 0):
 garbage-first heap   total 464896K, used 391520K [0x0000000080000000, 0x0000000100000000)
  region size 1024K, 219 young (224256K), 12 survivors (12288K)
 Metaspace       used 145914K, committed 148032K, reserved 1179648K
  class space    used 19636K, committed 20672K, reserved 1048576K
}
Event: 4689.795 GC heap after
{Heap after GC invocations=147 (full 0):
 garbage-first heap   total 467968K, used 209484K [0x0000000080000000, 0x0000000100000000)
  region size 1024K, 28 young (28672K), 28 survivors (28672K)
 Metaspace       used 145914K, committed 148032K, reserved 1179648K
  class space    used 19636K, committed 20672K, reserved 1048576K
}
Event: 4689.809 GC heap before
{Heap before GC invocations=147 (full 0):
 garbage-first heap   total 467968K, used 210508K [0x0000000080000000, 0x0000000100000000)
  region size 1024K, 29 young (29696K), 28 survivors (28672K)
 Metaspace       used 145914K, committed 148032K, reserved 1179648K
  class space    used 19636K, committed 20672K, reserved 1048576K
}
Event: 4689.874 GC heap after
{Heap after GC invocations=148 (full 0):
 garbage-first heap   total 467968K, used 208384K [0x0000000080000000, 0x0000000100000000)
  region size 1024K, 4 young (4096K), 4 survivors (4096K)
 Metaspace       used 145914K, committed 148032K, reserved 1179648K
  class space    used 19636K, committed 20672K, reserved 1048576K
}
Event: 4690.540 GC heap before
{Heap before GC invocations=148 (full 0):
 garbage-first heap   total 467968K, used 255488K [0x0000000080000000, 0x0000000100000000)
  region size 1024K, 52 young (53248K), 4 survivors (4096K)
 Metaspace       used 145949K, committed 148032K, reserved 1179648K
  class space    used 19636K, committed 20672K, reserved 1048576K
}

Deoptimization events (20 events):
Event: 4689.496 Thread 0x0000021b7ddbb640 DEOPT PACKING pc=0x0000021b22ce4710 sp=0x000000c9866fd180
Event: 4689.496 Thread 0x0000021b7ddbb640 DEOPT UNPACKING pc=0x0000021b211e5ba3 sp=0x000000c9866fd110 mode 2
Event: 4690.027 Thread 0x0000021b7f4477c0 DEOPT PACKING pc=0x0000021b1a5e0a13 sp=0x000000c987bfe8f0
Event: 4690.027 Thread 0x0000021b7f4477c0 DEOPT UNPACKING pc=0x0000021b211e66e3 sp=0x000000c987bfdd68 mode 0
Event: 4690.031 Thread 0x0000021b7ddbb640 Uncommon trap: trap_request=0xffffff45 fr.pc=0x0000021b23275d28 relative=0x0000000000000208
Event: 4690.031 Thread 0x0000021b7ddbb640 Uncommon trap: reason=unstable_if action=reinterpret pc=0x0000021b23275d28 method=java.util.concurrent.ForkJoinTask.awaitDone(Ljava/util/concurrent/ForkJoinPool;ZZZJ)I @ 116 c2
Event: 4690.031 Thread 0x0000021b7ddbb640 DEOPT PACKING pc=0x0000021b23275d28 sp=0x000000c9866fd700
Event: 4690.031 Thread 0x0000021b7ddbb640 DEOPT UNPACKING pc=0x0000021b211e5ba3 sp=0x000000c9866fd600 mode 2
Event: 4690.091 Thread 0x0000021b7ddbb640 DEOPT PACKING pc=0x0000021b1c6e15b4 sp=0x000000c9866fd720
Event: 4690.091 Thread 0x0000021b7ddbb640 DEOPT UNPACKING pc=0x0000021b211e66e3 sp=0x000000c9866fcc08 mode 0
Event: 4690.104 Thread 0x0000021b7ddbb640 DEOPT PACKING pc=0x0000021b1c6e15b4 sp=0x000000c9866fd720
Event: 4690.104 Thread 0x0000021b7ddbb640 DEOPT UNPACKING pc=0x0000021b211e66e3 sp=0x000000c9866fcc08 mode 0
Event: 4690.109 Thread 0x0000021b7ddbb640 DEOPT PACKING pc=0x0000021b1a1abb55 sp=0x000000c9866fd710
Event: 4690.109 Thread 0x0000021b7ddbb640 DEOPT UNPACKING pc=0x0000021b211e66e3 sp=0x000000c9866fcc00 mode 0
Event: 4690.127 Thread 0x0000021b7ddbb640 DEOPT PACKING pc=0x0000021b1c6e15b4 sp=0x000000c9866fd720
Event: 4690.127 Thread 0x0000021b7ddbb640 DEOPT UNPACKING pc=0x0000021b211e66e3 sp=0x000000c9866fcc08 mode 0
Event: 4690.130 Thread 0x0000021b7ddbb640 DEOPT PACKING pc=0x0000021b1a1abb55 sp=0x000000c9866fd6c0
Event: 4690.130 Thread 0x0000021b7ddbb640 DEOPT UNPACKING pc=0x0000021b211e66e3 sp=0x000000c9866fcbb0 mode 0
Event: 4690.139 Thread 0x0000021b7ddbb640 DEOPT PACKING pc=0x0000021b1a1abb55 sp=0x000000c9866fd6c0
Event: 4690.139 Thread 0x0000021b7ddbb640 DEOPT UNPACKING pc=0x0000021b211e66e3 sp=0x000000c9866fcbb0 mode 0

Classes unloaded (20 events):
Event: 3127.645 Thread 0x0000021b30a4bba0 Unloading class 0x0000021b32919000 'java/lang/invoke/LambdaForm$MH+0x0000021b32919000'
Event: 3127.645 Thread 0x0000021b30a4bba0 Unloading class 0x0000021b32811c00 'java/lang/invoke/LambdaForm$MH+0x0000021b32811c00'
Event: 3127.645 Thread 0x0000021b30a4bba0 Unloading class 0x0000021b32811800 'java/lang/invoke/LambdaForm$MH+0x0000021b32811800'
Event: 3127.645 Thread 0x0000021b30a4bba0 Unloading class 0x0000021b32811400 'java/lang/invoke/LambdaForm$MH+0x0000021b32811400'
Event: 3127.645 Thread 0x0000021b30a4bba0 Unloading class 0x0000021b32811000 'java/lang/invoke/LambdaForm$MH+0x0000021b32811000'
Event: 3127.645 Thread 0x0000021b30a4bba0 Unloading class 0x0000021b32810c00 'java/lang/invoke/LambdaForm$MH+0x0000021b32810c00'
Event: 3127.645 Thread 0x0000021b30a4bba0 Unloading class 0x0000021b32810800 'java/lang/invoke/LambdaForm$MH+0x0000021b32810800'
Event: 3127.645 Thread 0x0000021b30a4bba0 Unloading class 0x0000021b32810400 'java/lang/invoke/LambdaForm$MH+0x0000021b32810400'
Event: 3127.645 Thread 0x0000021b30a4bba0 Unloading class 0x0000021b32810000 'java/lang/invoke/LambdaForm$MH+0x0000021b32810000'
Event: 3127.645 Thread 0x0000021b30a4bba0 Unloading class 0x0000021b3279d400 'java/lang/invoke/LambdaForm$MH+0x0000021b3279d400'
Event: 3127.645 Thread 0x0000021b30a4bba0 Unloading class 0x0000021b3279d000 'java/lang/invoke/LambdaForm$MH+0x0000021b3279d000'
Event: 3127.645 Thread 0x0000021b30a4bba0 Unloading class 0x0000021b3279c800 'java/lang/invoke/LambdaForm$MH+0x0000021b3279c800'
Event: 3127.645 Thread 0x0000021b30a4bba0 Unloading class 0x0000021b3279c400 'java/lang/invoke/LambdaForm$MH+0x0000021b3279c400'
Event: 3127.645 Thread 0x0000021b30a4bba0 Unloading class 0x0000021b320e6000 'java/lang/invoke/LambdaForm$MH+0x0000021b320e6000'
Event: 3127.645 Thread 0x0000021b30a4bba0 Unloading class 0x0000021b320e5800 'java/lang/invoke/LambdaForm$MH+0x0000021b320e5800'
Event: 3127.645 Thread 0x0000021b30a4bba0 Unloading class 0x0000021b320e5400 'java/lang/invoke/LambdaForm$MH+0x0000021b320e5400'
Event: 3127.645 Thread 0x0000021b30a4bba0 Unloading class 0x0000021b320e5000 'java/lang/invoke/LambdaForm$MH+0x0000021b320e5000'
Event: 3127.645 Thread 0x0000021b30a4bba0 Unloading class 0x0000021b320e4c00 'java/lang/invoke/LambdaForm$MH+0x0000021b320e4c00'
Event: 3127.645 Thread 0x0000021b30a4bba0 Unloading class 0x0000021b320e4400 'java/lang/invoke/LambdaForm$MH+0x0000021b320e4400'
Event: 3127.645 Thread 0x0000021b30a4bba0 Unloading class 0x0000021b32038400 'java/lang/invoke/LambdaForm$DMH+0x0000021b32038400'

Classes redefined (0 events):
No events

Internal exceptions (20 events):
Event: 4687.127 Thread 0x0000021b7ddba710 Exception <a 'sun/nio/fs/WindowsException'{0x0000000099783338}> (0x0000000099783338) 
thrown [s\open\src\hotspot\share\prims\jni.cpp, line 516]
Event: 4687.168 Thread 0x0000021b7ddbb130 Implicit null exception at 0x0000021b219ced3a to 0x0000021b219cef54
Event: 4687.174 Thread 0x0000021b7ddbb130 Exception <a 'java/lang/NoSuchMethodError'{0x00000000995993c8}: 'int java.lang.invoke.DirectMethodHandle$Holder.invokeStatic(java.lang.Object, java.lang.Object, int)'> (0x00000000995993c8) 
thrown [s\open\src\hotspot\share\interpreter\linkResolver.cpp, line 759]
Event: 4687.175 Thread 0x0000021b7ddbb130 Exception <a 'java/lang/NoSuchMethodError'{0x000000009959ceb8}: 'int java.lang.invoke.DirectMethodHandle$Holder.invokeSpecial(java.lang.Object, java.lang.Object, java.lang.Object, int)'> (0x000000009959ceb8) 
thrown [s\open\src\hotspot\share\interpreter\linkResolver.cpp, line 759]
Event: 4687.182 Thread 0x0000021b7ddbb130 Exception <a 'java/lang/NoSuchMethodError'{0x00000000995ad280}: 'java.lang.Object java.lang.invoke.DirectMethodHandle$Holder.invokeStatic(java.lang.Object, java.lang.Object, java.lang.Object, java.lang.Object, int)'> (0x00000000995ad280) 
thrown [s\open\src\hotspot\share\interpreter\linkResolver.cpp, line 759]
Event: 4687.944 Thread 0x0000021b7ddba710 Implicit null exception at 0x0000021b22a453ea to 0x0000021b22a4543c
Event: 4687.944 Thread 0x0000021b7ddba710 Implicit null exception at 0x0000021b22a457b0 to 0x0000021b22a457c7
Event: 4688.304 Thread 0x0000021b775ec030 Exception <a 'sun/nio/fs/WindowsException'{0x000000009bf78d20}> (0x000000009bf78d20) 
thrown [s\open\src\hotspot\share\prims\jni.cpp, line 516]
Event: 4688.304 Thread 0x0000021b775ec030 Exception <a 'sun/nio/fs/WindowsException'{0x000000009bf7a9f0}> (0x000000009bf7a9f0) 
thrown [s\open\src\hotspot\share\prims\jni.cpp, line 516]
Event: 4688.308 Thread 0x0000021b775ec030 Exception <a 'sun/nio/fs/WindowsException'{0x000000009bebf9c8}> (0x000000009bebf9c8) 
thrown [s\open\src\hotspot\share\prims\jni.cpp, line 516]
Event: 4688.380 Thread 0x0000021b775ec030 Implicit null exception at 0x0000021b21abbd61 to 0x0000021b21abbdc4
Event: 4688.383 Thread 0x0000021b775ec030 Exception <a 'java/lang/IncompatibleClassChangeError'{0x000000009b87d738}: Found class java.lang.Object, but interface was expected> (0x000000009b87d738) 
thrown [s\open\src\hotspot\share\interpreter\linkResolver.cpp, line 826]
Event: 4688.399 Thread 0x0000021b7ddbb640 Exception <a 'sun/nio/fs/WindowsException'{0x000000009b8a94d0}> (0x000000009b8a94d0) 
thrown [s\open\src\hotspot\share\prims\jni.cpp, line 516]
Event: 4688.470 Thread 0x0000021b775ec030 Implicit null exception at 0x0000021b220ba795 to 0x0000021b220bad7c
Event: 4688.500 Thread 0x0000021b775ec030 Implicit null exception at 0x0000021b21b230d4 to 0x0000021b21b23274
Event: 4688.501 Thread 0x0000021b775ec030 Implicit null exception at 0x0000021b21c50d68 to 0x0000021b21c527e4
Event: 4688.607 Thread 0x0000021b775ec030 Implicit null exception at 0x0000021b22b7da9a to 0x0000021b22b7e2a4
Event: 4688.675 Thread 0x0000021b7ddba710 Implicit null exception at 0x0000021b22b6f02e to 0x0000021b22b6f8e0
Event: 4689.400 Thread 0x0000021b7ddbb640 Exception <a 'java/lang/NoSuchMethodError'{0x000000008fc34268}: 'java.lang.Object java.lang.invoke.DirectMethodHandle$Holder.newInvokeSpecial(java.lang.Object, int, java.lang.Object, java.lang.Object, java.lang.Object)'> (0x000000008fc34268) 
thrown [s\open\src\hotspot\share\interpreter\linkResolver.cpp, line 759]
Event: 4689.401 Thread 0x0000021b7ddbb640 Exception <a 'java/lang/NoSuchMethodError'{0x000000008fc38aa0}: 'java.lang.Object java.lang.invoke.DirectMethodHandle$Holder.invokeSpecial(java.lang.Object, java.lang.Object, int, java.lang.Object, java.lang.Object, java.lang.Object)'> (0x000000008fc38aa0) 
thrown [s\open\src\hotspot\share\interpreter\linkResolver.cpp, line 759]

VM Operations (20 events):
Event: 4688.374 Executing VM operation: HandshakeAllThreads done
Event: 4688.514 Executing VM operation: HandshakeAllThreads
Event: 4688.516 Executing VM operation: HandshakeAllThreads done
Event: 4688.870 Executing VM operation: HandshakeAllThreads
Event: 4688.870 Executing VM operation: HandshakeAllThreads done
Event: 4688.894 Executing VM operation: HandshakeAllThreads
Event: 4688.902 Executing VM operation: HandshakeAllThreads done
Event: 4689.235 Executing VM operation: HandshakeAllThreads
Event: 4689.236 Executing VM operation: HandshakeAllThreads done
Event: 4689.236 Executing VM operation: Cleanup
Event: 4689.237 Executing VM operation: Cleanup done
Event: 4689.292 Executing VM operation: HandshakeAllThreads
Event: 4689.293 Executing VM operation: HandshakeAllThreads done
Event: 4689.510 Executing VM operation: ICBufferFull
Event: 4689.511 Executing VM operation: ICBufferFull done
Event: 4689.672 Executing VM operation: G1CollectForAllocation
Event: 4689.797 Executing VM operation: G1CollectForAllocation done
Event: 4689.809 Executing VM operation: G1CollectForAllocation
Event: 4689.875 Executing VM operation: G1CollectForAllocation done
Event: 4690.540 Executing VM operation: G1TryInitiateConcMark

Events (20 events):
Event: 4689.337 Thread 0x0000021b30a75140 flushing nmethod 0x0000021b1b5ca790
Event: 4689.337 Thread 0x0000021b30a75140 flushing nmethod 0x0000021b1b5cb090
Event: 4689.337 Thread 0x0000021b30a75140 flushing nmethod 0x0000021b1b5cb990
Event: 4689.337 Thread 0x0000021b30a75140 flushing nmethod 0x0000021b1b5cd290
Event: 4689.337 Thread 0x0000021b30a75140 flushing nmethod 0x0000021b1b5cda10
Event: 4689.337 Thread 0x0000021b30a75140 flushing nmethod 0x0000021b1b5ce310
Event: 4689.337 Thread 0x0000021b30a75140 flushing nmethod 0x0000021b1b5d1f10
Event: 4689.337 Thread 0x0000021b30a75140 flushing nmethod 0x0000021b1b5da710
Event: 4689.337 Thread 0x0000021b30a75140 flushing nmethod 0x0000021b1b5dc490
Event: 4689.337 Thread 0x0000021b30a75140 flushing nmethod 0x0000021b1b5e0a10
Event: 4689.338 Thread 0x0000021b30a75140 flushing nmethod 0x0000021b1b5e3690
Event: 4689.338 Thread 0x0000021b30a75140 flushing nmethod 0x0000021b1b5e5090
Event: 4689.338 Thread 0x0000021b30a75140 flushing nmethod 0x0000021b1b5e6e90
Event: 4689.338 Thread 0x0000021b30a75140 flushing nmethod 0x0000021b1b60d110
Event: 4689.338 Thread 0x0000021b30a75140 flushing nmethod 0x0000021b1b61b510
Event: 4689.338 Thread 0x0000021b30a75140 flushing nmethod 0x0000021b1b61c710
Event: 4689.338 Thread 0x0000021b30a75140 flushing nmethod 0x0000021b1b61d010
Event: 4689.338 Thread 0x0000021b30a75140 flushing nmethod 0x0000021b1b61d690
Event: 4689.340 Thread 0x0000021b30a75140 flushing nmethod 0x0000021b1b7e0510
Event: 4690.315 Thread 0x0000021b7ddbb130 Thread exited: 0x0000021b7ddbb130


Dynamic libraries:
0x00007ff6bea60000 - 0x00007ff6bea70000 	C:\Program Files\Java\jdk-17\bin\java.exe
0x00007ffc3f410000 - 0x00007ffc3f627000 	C:\WINDOWS\SYSTEM32\ntdll.dll
0x00007ffc3de20000 - 0x00007ffc3dee4000 	C:\WINDOWS\System32\KERNEL32.DLL
0x00007ffc3c500000 - 0x00007ffc3c8d2000 	C:\WINDOWS\System32\KERNELBASE.dll
0x00007ffc3c8e0000 - 0x00007ffc3c9f1000 	C:\WINDOWS\System32\ucrtbase.dll
0x00007ffc33300000 - 0x00007ffc33319000 	C:\Program Files\Java\jdk-17\bin\jli.dll
0x00007ffc332e0000 - 0x00007ffc332fb000 	C:\Program Files\Java\jdk-17\bin\VCRUNTIME140.dll
0x00007ffc3e060000 - 0x00007ffc3e111000 	C:\WINDOWS\System32\ADVAPI32.dll
0x00007ffc3e1b0000 - 0x00007ffc3e257000 	C:\WINDOWS\System32\msvcrt.dll
0x00007ffc3dc10000 - 0x00007ffc3dcb8000 	C:\WINDOWS\System32\sechost.dll
0x00007ffc3d070000 - 0x00007ffc3d098000 	C:\WINDOWS\System32\bcrypt.dll
0x00007ffc3d740000 - 0x00007ffc3d854000 	C:\WINDOWS\System32\RPCRT4.dll
0x00007ffc3e430000 - 0x00007ffc3e5e1000 	C:\WINDOWS\System32\USER32.dll
0x00007ffc3ccb0000 - 0x00007ffc3ccd6000 	C:\WINDOWS\System32\win32u.dll
0x00007ffc1f360000 - 0x00007ffc1f5fb000 	C:\WINDOWS\WinSxS\amd64_microsoft.windows.common-controls_6595b64144ccf1df_6.0.22621.5547_none_27104afb73855772\COMCTL32.dll
0x00007ffc3e030000 - 0x00007ffc3e059000 	C:\WINDOWS\System32\GDI32.dll
0x00007ffc3cd80000 - 0x00007ffc3cea3000 	C:\WINDOWS\System32\gdi32full.dll
0x00007ffc3cce0000 - 0x00007ffc3cd7a000 	C:\WINDOWS\System32\msvcp_win.dll
0x00007ffc33ac0000 - 0x00007ffc33aca000 	C:\WINDOWS\SYSTEM32\VERSION.dll
0x00007ffc3d950000 - 0x00007ffc3d981000 	C:\WINDOWS\System32\IMM32.DLL
0x00007ffc332d0000 - 0x00007ffc332dc000 	C:\Program Files\Java\jdk-17\bin\vcruntime140_1.dll
0x00007ffc253d0000 - 0x00007ffc2545e000 	C:\Program Files\Java\jdk-17\bin\msvcp140.dll
0x00007ffbeccf0000 - 0x00007ffbed8d0000 	C:\Program Files\Java\jdk-17\bin\server\jvm.dll
0x00007ffc3d940000 - 0x00007ffc3d948000 	C:\WINDOWS\System32\PSAPI.DLL
0x00007ffc332c0000 - 0x00007ffc332c9000 	C:\WINDOWS\SYSTEM32\WSOCK32.dll
0x00007ffc35490000 - 0x00007ffc354c4000 	C:\WINDOWS\SYSTEM32\WINMM.dll
0x00007ffc3db60000 - 0x00007ffc3dbd1000 	C:\WINDOWS\System32\WS2_32.dll
0x00007ffc3b500000 - 0x00007ffc3b518000 	C:\WINDOWS\SYSTEM32\kernel.appcore.dll
0x00007ffc33240000 - 0x00007ffc3324a000 	C:\Program Files\Java\jdk-17\bin\jimage.dll
0x00007ffc3a0a0000 - 0x00007ffc3a2d3000 	C:\WINDOWS\SYSTEM32\DBGHELP.DLL
0x00007ffc3f030000 - 0x00007ffc3f3c3000 	C:\WINDOWS\System32\combase.dll
0x00007ffc3d860000 - 0x00007ffc3d937000 	C:\WINDOWS\System32\OLEAUT32.dll
0x00007ffc1e9d0000 - 0x00007ffc1ea02000 	C:\WINDOWS\SYSTEM32\dbgcore.DLL
0x00007ffc3cf70000 - 0x00007ffc3cfeb000 	C:\WINDOWS\System32\bcryptPrimitives.dll
0x00007ffc26960000 - 0x00007ffc2696e000 	C:\Program Files\Java\jdk-17\bin\instrument.dll
0x00007ffc33210000 - 0x00007ffc33235000 	C:\Program Files\Java\jdk-17\bin\java.dll
0x00007ffc13230000 - 0x00007ffc13307000 	C:\Program Files\Java\jdk-17\bin\jsvml.dll
0x00007ffc3e780000 - 0x00007ffc3f022000 	C:\WINDOWS\System32\SHELL32.dll
0x00007ffc3ca00000 - 0x00007ffc3cb3f000 	C:\WINDOWS\System32\wintypes.dll
0x00007ffc3a3e0000 - 0x00007ffc3acfd000 	C:\WINDOWS\SYSTEM32\windows.storage.dll
0x00007ffc3df00000 - 0x00007ffc3e00c000 	C:\WINDOWS\System32\SHCORE.dll
0x00007ffc3d9e0000 - 0x00007ffc3da49000 	C:\WINDOWS\System32\shlwapi.dll
0x00007ffc3c430000 - 0x00007ffc3c45b000 	C:\WINDOWS\SYSTEM32\profapi.dll
0x00007ffc32bc0000 - 0x00007ffc32bd8000 	C:\Program Files\Java\jdk-17\bin\zip.dll
0x00007ffc331f0000 - 0x00007ffc33209000 	C:\Program Files\Java\jdk-17\bin\net.dll
0x00007ffc36730000 - 0x00007ffc3685c000 	C:\WINDOWS\SYSTEM32\WINHTTP.dll
0x00007ffc3b9b0000 - 0x00007ffc3ba19000 	C:\WINDOWS\system32\mswsock.dll
0x00007ffc331d0000 - 0x00007ffc331e6000 	C:\Program Files\Java\jdk-17\bin\nio.dll
0x00007ffc26a30000 - 0x00007ffc26a40000 	C:\Program Files\Java\jdk-17\bin\verify.dll
0x00007ffbefb40000 - 0x00007ffbefb67000 	C:\Users\arnab bandyopadhyay\.gradle\native\c067742578af261105cb4f569cf0c3c89f3d7b1fecec35dd04571415982c5e48\windows-amd64\native-platform.dll
0x00007ffbeeaf0000 - 0x00007ffbeec34000 	C:\Users\arnab bandyopadhyay\.gradle\native\100fb08df4bc3b14c8652ba06237920a3bd2aa13389f12d3474272988ae205f9\windows-amd64\native-platform-file-events.dll
0x00007ffc26a20000 - 0x00007ffc26a2a000 	C:\Program Files\Java\jdk-17\bin\management.dll
0x00007ffc26a10000 - 0x00007ffc26a1b000 	C:\Program Files\Java\jdk-17\bin\management_ext.dll
0x00007ffc3bc10000 - 0x00007ffc3bc2b000 	C:\WINDOWS\SYSTEM32\CRYPTSP.dll
0x00007ffc3b460000 - 0x00007ffc3b497000 	C:\WINDOWS\system32\rsaenh.dll
0x00007ffc3baa0000 - 0x00007ffc3bac8000 	C:\WINDOWS\SYSTEM32\USERENV.dll
0x00007ffc3bc00000 - 0x00007ffc3bc0c000 	C:\WINDOWS\SYSTEM32\CRYPTBASE.dll
0x00007ffc3afa0000 - 0x00007ffc3afcd000 	C:\WINDOWS\SYSTEM32\IPHLPAPI.DLL
0x00007ffc3def0000 - 0x00007ffc3def9000 	C:\WINDOWS\System32\NSI.dll
0x00007ffc354d0000 - 0x00007ffc354e9000 	C:\WINDOWS\SYSTEM32\dhcpcsvc6.DLL
0x00007ffc35470000 - 0x00007ffc3548f000 	C:\WINDOWS\SYSTEM32\dhcpcsvc.DLL
0x00007ffc3afd0000 - 0x00007ffc3b0c8000 	C:\WINDOWS\SYSTEM32\DNSAPI.dll
0x00007ffc26950000 - 0x00007ffc2695e000 	C:\Program Files\Java\jdk-17\bin\sunmscapi.dll
0x00007ffc3cb40000 - 0x00007ffc3cca7000 	C:\WINDOWS\System32\CRYPT32.dll
0x00007ffc3bdc0000 - 0x00007ffc3bded000 	C:\WINDOWS\SYSTEM32\ncrypt.dll
0x00007ffc3bd80000 - 0x00007ffc3bdb7000 	C:\WINDOWS\SYSTEM32\NTASN1.dll
0x00007ffbbc150000 - 0x00007ffbbc158000 	C:\WINDOWS\system32\wshunix.dll
0x00007ffc3b620000 - 0x00007ffc3b654000 	C:\WINDOWS\SYSTEM32\ntmarta.dll

dbghelp: loaded successfully - version: 4.0.5 - missing functions: none
symbol engine: initialized successfully - sym options: 0x614 - pdb path: .;C:\Program Files\Java\jdk-17\bin;C:\WINDOWS\SYSTEM32;C:\WINDOWS\WinSxS\amd64_microsoft.windows.common-controls_6595b64144ccf1df_6.0.22621.5547_none_27104afb73855772;C:\Program Files\Java\jdk-17\bin\server;C:\Users\arnab bandyopadhyay\.gradle\native\c067742578af261105cb4f569cf0c3c89f3d7b1fecec35dd04571415982c5e48\windows-amd64;C:\Users\arnab bandyopadhyay\.gradle\native\100fb08df4bc3b14c8652ba06237920a3bd2aa13389f12d3474272988ae205f9\windows-amd64

VM Arguments:
jvm_args: --add-opens=java.base/java.lang=ALL-UNNAMED --add-opens=java.base/java.lang.invoke=ALL-UNNAMED --add-opens=java.base/java.util=ALL-UNNAMED --add-opens=java.prefs/java.util.prefs=ALL-UNNAMED --add-exports=jdk.compiler/com.sun.tools.javac.api=ALL-UNNAMED --add-exports=jdk.compiler/com.sun.tools.javac.util=ALL-UNNAMED --add-opens=java.base/java.util=ALL-UNNAMED --add-opens=java.prefs/java.util.prefs=ALL-UNNAMED --add-opens=java.base/java.nio.charset=ALL-UNNAMED --add-opens=java.base/java.net=ALL-UNNAMED --add-opens=java.base/java.util.concurrent.atomic=ALL-UNNAMED --add-opens=java.xml/javax.xml.namespace=ALL-UNNAMED -Xmx2048m -Dfile.encoding=UTF-8 -Duser.country=IN -Duser.language=en -Duser.variant -javaagent:C:\Users\arnab bandyopadhyay\.gradle\wrapper\dists\gradle-8.11.1-bin\bpt9gzteqjrbo1mjrsomdt32c\gradle-8.11.1\lib\agents\gradle-instrumentation-agent-8.11.1.jar 
java_command: org.gradle.launcher.daemon.bootstrap.GradleDaemon 8.11.1
java_class_path (initial): C:\Users\arnab bandyopadhyay\.gradle\wrapper\dists\gradle-8.11.1-bin\bpt9gzteqjrbo1mjrsomdt32c\gradle-8.11.1\lib\gradle-daemon-main-8.11.1.jar
Launcher Type: SUN_STANDARD

[Global flags]
     intx CICompilerCount                          = 4                                         {product} {ergonomic}
     uint ConcGCThreads                            = 2                                         {product} {ergonomic}
     uint G1ConcRefinementThreads                  = 8                                         {product} {ergonomic}
   size_t G1HeapRegionSize                         = 1048576                                   {product} {ergonomic}
    uintx GCDrainStackTargetSize                   = 64                                        {product} {ergonomic}
   size_t InitialHeapSize                          = 130023424                                 {product} {ergonomic}
   size_t MarkStackSize                            = 4194304                                   {product} {ergonomic}
   size_t MaxHeapSize                              = 2147483648                                {product} {command line}
   size_t MaxNewSize                               = 1287651328                                {product} {ergonomic}
   size_t MinHeapDeltaBytes                        = 1048576                                   {product} {ergonomic}
   size_t MinHeapSize                              = 8388608                                   {product} {ergonomic}
    uintx NonNMethodCodeHeapSize                   = 5839372                                {pd product} {ergonomic}
    uintx NonProfiledCodeHeapSize                  = 122909434                              {pd product} {ergonomic}
    uintx ProfiledCodeHeapSize                     = 122909434                              {pd product} {ergonomic}
    uintx ReservedCodeCacheSize                    = 251658240                              {pd product} {ergonomic}
     bool SegmentedCodeCache                       = true                                      {product} {ergonomic}
   size_t SoftMaxHeapSize                          = 2147483648                             {manageable} {ergonomic}
     bool UseCompressedClassPointers               = true                           {product lp64_product} {ergonomic}
     bool UseCompressedOops                        = true                           {product lp64_product} {ergonomic}
     bool UseG1GC                                  = true                                      {product} {ergonomic}
     bool UseLargePagesIndividualAllocation        = false                                  {pd product} {ergonomic}

Logging:
Log output configuration:
 #0: stdout all=warning uptime,level,tags
 #1: stderr all=off uptime,level,tags

Environment Variables:
JAVA_HOME=C:\Program Files\Java\jdk-17
CLASSPATH=I:\School-Management-App\\gradle\wrapper\gradle-wrapper.jar
PATH=C:\Program Files\Java\jdk-17;C:\Program Files\Python313\Scripts\;C:\Program Files\Python313\;C:\WINDOWS\system32;C:\WINDOWS;C:\WINDOWS\System32\Wbem;C:\WINDOWS\System32\WindowsPowerShell\v1.0\;C:\WINDOWS\System32\OpenSSH\;C:\MinGW\bin;C:\MinGW\bin;C:\Program Files\Git\cmd;C:\Program Files\Git\bin;C:\Program Files\MongoDB\Server\8.0\bin;C:\Android\platform-tools;C:\Program Files\nodejs\;C:\Program Files\MongoDB\Server\8.0\bin;C:\Program Files\PostgreSQL\17\bin;C:\Program Files\Java\jdk-17\bin;C:\Android\cmdline-tools\latest\bin;C:\Android\build-tools;I:\Android\Sdk\emulator;C:\Users\arnab bandyopadhyay\AppData\Local\Programs\Python\Python311\Scripts\;C:\Users\arnab bandyopadhyay\AppData\Local\Programs\Python\Python311\;C:\Users\arnab bandyopadhyay\AppData\Local\Programs\Python\Launcher\;C:\Users\arnab bandyopadhyay\AppData\Local\Microsoft\WindowsApps;C:\Users\arnab bandyopadhyay\AppData\Local\Programs\Microsoft VS Code\bin;C:\Users\arnab bandyopadhyay\AppData\Local\Programs\mongosh\;C:\Android\cmdline-tools\latest\bin;C:\Android\platform-tools;C:\Android\ndk\27.1.12297006;C:\Users\arnab bandyopadhyay\AppData\Roaming\npm;C:\Android\build-tools;C:\Program Files\PostgreSQL\17\bin;C:\Android\emulator;;c:\Users\arnab bandyopadhyay\AppData\Roaming\Code\User\globalStorage\github.copilot-chat\debugCommand
USERNAME=arnab bandyopadhyay
LANG=en_US.UTF-8
OS=Windows_NT
PROCESSOR_IDENTIFIER=Intel64 Family 6 Model 140 Stepping 1, GenuineIntel



---------------  S Y S T E M  ---------------

OS:
 Windows 11 , 64 bit Build 22621 (10.0.22621.5415)
OS uptime: 0 days 1:54 hours
Hyper-V role detected

CPU: total 8 (initial active 8) (4 cores per cpu, 2 threads per core) family 6 model 140 stepping 1 microcode 0xb4, cx8, cmov, fxsr, ht, mmx, 3dnowpref, sse, sse2, sse3, ssse3, sse4.1, sse4.2, popcnt, lzcnt, tsc, tscinvbit, avx, avx2, aes, erms, clmul, bmi1, bmi2, adx, avx512f, avx512dq, avx512cd, avx512bw, avx512vl, sha, fma, vzeroupper, avx512_vpopcntdq, avx512_vpclmulqdq, avx512_vaes, avx512_vnni, clflush, clflushopt, clwb, avx512_vbmi2, avx512_vbmi, hv

Memory: 4k page, system-wide physical 7834M (659M free)
TotalPageFile size 14307M (AvailPageFile size 543M)
current process WorkingSet (physical memory assigned to process): 829M, peak: 930M
current process commit charge ("private bytes"): 982M, peak: 1599M

vm_info: Java HotSpot(TM) 64-Bit Server VM (17.0.12+8-LTS-286) for windows-amd64 JRE (17.0.12+8-LTS-286), built on Jun  5 2024 06:46:59 by "mach5one" with MS VC++ 17.6 (VS2022)

END.
